#VRML V2.0 utf8
# 3D model generated by kicad-lcsc-manager
# Based on easyeda2kicad.py v1.0.1

Shape{
    appearance Appearance {
        material  Material {
            diffuseColor 0.6470588235294118 0.6470588235294118 0.6470588235294118
            specularColor 0.3215686274509804 0.3215686274509804 0.3215686274509804
            ambientIntensity 0.6471
            transparency 0.0
            shininess 0.5
        }
    }
    geometry IndexedFaceSet {
        ccw TRUE
        solid FALSE
        coord DEF co Coordinate {
            point [
                -0.181 1.0236 0.448, -0.1855 1.0236 0.4583, -0.1801 1.0236 0.4725, -0.1034 1.0236 0.5856, -0.0937 1.0236 0.5848, -0.1099 1.0236 0.5848, -0.0833 1.0236 0.6659, -0.0849 1.0236 0.6661, -0.0567 1.0236 0.6661, -0.1099 1.0236 0.6651, -0.1099 1.0236 0.6661, -0.1064 1.0236 0.6661, -0.0189 1.0236 0.6665, -0.0188 1.0236 0.6661, -0.052 1.0236 0.6661, -0.2994 1.0236 0.6645, -0.3291 1.0236 0.5848, -0.3545 1.0236 0.5848, 0.0664 1.0236 0.5738, 0.0621 1.0236 0.5619, 0.0255 1.0236 0.5619, 0.058 1.0236 0.5372, 0.0255 1.0236 0.5372, 0.0255 1.0236 0.5387, 0.2886 1.0236 0.5372, 0.2188 1.0236 0.5372, 0.2157 1.0236 0.5387, 0.4209 1.0236 0.558, 0.4202 1.0236 0.5619, 0.9055 1.0236 0.5619, 0.276 1.0236 0.6764, 0.2704 1.0236 0.6786, 0.9055 1.0236 0.6786, 0.1442 1.0236 0.6595, 0.1257 1.0236 0.6379, 0.0255 1.0236 0.6661, 0.1138 1.0236 0.6143, 0.1093 1.0236 0.6127, 0.198 1.0236 0.687, 0.1744 1.0236 0.6786, 0.0255 1.0236 0.6786, 0.1695 1.0236 0.6768, 0.1539 1.0236 0.6661, 0.9055 1.0236 1.2205, 0.2214 1.0236 0.6897, 0.0255 1.0236 1.2205, 0.2497 1.0236 0.6864, 0.9055 1.0236 0.6661, 0.2921 1.0236 0.6661, 0.2899 1.0236 0.668, 0.3507 1.0236 0.6417, 0.3282 1.0236 0.6443, 0.3034 1.0236 0.6566, 0.3217 1.0236 0.6439, 0.3151 1.0236 0.6431, 0.3939 1.0236 0.6175, 0.3901 1.0236 0.621, 0.3719 1.0236 0.6336, 0.9055 1.0236 0.5848, 0.417 1.0236 0.5794, 0.4146 1.0236 0.5848, 0.4078 1.0236 0.5999, 0.4211 1.0236 0.5527, 0.9055 1.0236 0.5387, 0.4194 1.0236 0.5387, 0.9055 1.0236 0.5372, 0.4193 1.0236 0.5372, 0.1751 1.0236 0.4915, 0.1715 1.0236 0.4939, 0.1611 1.0236 0.5276, 0.1675 1.0236 0.4953, 0.1708 1.0236 0.4619, 0.1746 1.0236 0.4643, 0.2449 1.0236 0.4605, 0.1772 1.0236 0.4668, 0.3141 1.0236 0.426, 0.3272 1.0236 0.4317, 0.9055 1.0236 0.0394, 0.3383 1.0236 0.4401, 0.3467 1.0236 0.4507, 0.0816 1.0236 0.4832, 0.0967 1.0236 0.4713, 0.0255 1.0236 0.0394, 0.2606 1.0236 0.438, 0.272 1.0236 0.4302, 0.38 1.0236 0.4753, 0.3976 1.0236 0.4905, 0.4104 1.0236 0.509, 0.4184 1.0236 0.5302, 0.3523 1.0236 0.4629, 0.3595 1.0236 0.4651, 0.1636 1.0236 0.4957, 0.163 1.0236 0.4957, 0.1613 1.0236 0.4953, 0.1814 1.0236 0.4782, 0.1813 1.0236 0.48, 0.2411 1.0236 0.486, 0.1802 1.0236 0.4843, 0.1781 1.0236 0.4883, 0.2847 1.0236 0.4254, 0.2985 1.0236 0.4238, 0.3007 1.0236 0.4238, 0.1796 1.0236 0.4704, 0.1809 1.0236 0.4743, 0.2415 1.0236 0.4745, 0.2411 1.0236 0.4803, 0.0794 1.0236 0.4854, 0.1143 1.0236 0.4634, 0.1314 1.0236 0.4602, 0.165 1.0236 0.4604, 0.0581 1.0236 0.5356, 0.0613 1.0236 0.517, 0.069 1.0236 0.4993, 0.2517 1.0236 0.4478, 0.167 1.0236 0.4607, 0.105 1.0236 0.509, 0.0987 1.0236 0.5179, 0.0947 1.0236 0.528, 0.1666 1.0236 0.5372, 0.1602 1.0236 0.4951, 0.1346 1.0236 0.4949, 0.1244 1.0236 0.4968, 0.1143 1.0236 0.5013, 0.1058 1.0236 0.5081, 0.0935 1.0236 0.5372, 0.0933 1.0236 0.5387, 0.1675 1.0236 0.5387, 0.0933 1.0236 0.539, 0.3828 1.0236 0.5387, 0.3846 1.0236 0.545, 0.1785 1.0236 0.5579, 0.3852 1.0236 0.5536, 0.3841 1.0236 0.5619, 0.0935 1.0236 0.5439, 0.0961 1.0236 0.5549, 0.0998 1.0236 0.5619, 0.277 1.0236 0.5342, 0.2649 1.0236 0.5277, 0.2551 1.0236 0.5185, 0.3238 1.0236 0.5319, 0.3112 1.0236 0.5366, 0.3824 1.0236 0.5372, 0.3064 1.0236 0.5372, 0.2976 1.0236 0.5382, 0.2907 1.0236 0.5377, 0.3807 1.0236 0.531, 0.345 1.0236 0.5132, 0.3355 1.0236 0.5239, 0.3739 1.0236 0.5193, 0.3637 1.0236 0.5087, 0.3514 1.0236 0.501, 0.1421 1.0236 0.5848, 0.3751 1.0236 0.5848, 0.1419 1.0236 0.5838, 0.3785 1.0236 0.58, 0.3834 1.0236 0.5674, 0.1374 1.0236 0.5838, 0.1013 1.0236 0.5648, 0.1079 1.0236 0.5722, 0.1167 1.0236 0.5785, 0.1266 1.0236 0.5823, 0.302 1.0236 0.6037, 0.2978 1.0236 0.6014, 0.2902 1.0236 0.6173, 0.1505 1.0236 0.6122, 0.162 1.0236 0.6287, 0.1435 1.0236 0.5931, 0.1698 1.0236 0.6363, 0.1859 1.0236 0.647, 0.2039 1.0236 0.6535, 0.2211 1.0236 0.6555, 0.2247 1.0236 0.6555, 0.2436 1.0236 0.6525, 0.3147 1.0236 0.6084, 0.3279 1.0236 0.6102, 0.3337 1.0236 0.6099, 0.2621 1.0236 0.6448, 0.2778 1.0236 0.6329, 0.3478 1.0236 0.6067, 0.3605 1.0236 0.6001, 0.3705 1.0236 0.5913, 0.06 1.0236 0.5562, 0.058 1.0236 0.5394, 0.058 1.0236 0.5387, 0.0926 1.0236 0.6038, 0.0776 1.0236 0.5903, 0.0255 1.0236 0.5848, 0.0738 1.0236 0.5848, -0.3322 1.0236 0.5324, -0.3545 1.0236 0.5372, -0.3226 1.0236 0.536, -0.312 1.0236 0.5372, -0.3502 1.0236 0.4836, -0.3462 1.0236 0.4754, -0.3545 1.0236 0.0394, -0.3402 1.0236 0.4683, -0.3319 1.0236 0.4625, -0.3406 1.0236 0.5266, -0.3433 1.0236 0.5239, -0.3482 1.0236 0.5169, -0.3512 1.0236 0.5092, -0.3525 1.0236 0.4981, -0.3522 1.0236 0.493, -0.3228 1.0236 0.4589, -0.309 1.0236 0.4573, -0.2794 1.0236 0.0394, -0.287 1.0236 0.4575, -0.2794 1.0236 0.5372, -0.2875 1.0236 0.5372, -0.2794 1.0236 0.5387, -0.2875 1.0236 0.5376, -0.3104 1.0236 0.5374, -0.3545 1.0236 0.5387, -0.2681 1.0236 0.5029, -0.268 1.0236 0.4937, -0.2719 1.0236 0.4667, -0.2552 1.0236 0.4668, -0.2706 1.0236 0.5372, -0.2705 1.0236 0.5285, -0.2552 1.0236 0.5029, -0.2719 1.0236 0.4576, -0.2552 1.0236 0.0394, -0.2552 1.0236 0.4938, -0.2394 1.0236 0.4939, -0.2392 1.0236 0.467, -0.2552 1.0236 0.5286, -0.2396 1.0236 0.5287, -0.2394 1.0236 0.5031, -0.2706 1.0236 0.5377, -0.2552 1.0236 0.5387, -0.1801 1.0236 0.5387, -0.2294 1.0236 0.538, -0.2552 1.0236 0.5378, -0.1801 1.0236 0.4997, -0.1893 1.0236 0.4724, -0.1921 1.0236 0.4723, -0.1905 1.0236 0.4677, -0.1908 1.0236 0.4677, -0.1913 1.0236 0.4696, -0.1801 1.0236 0.5372, -0.208 1.0236 0.5152, -0.2293 1.0236 0.5372, -0.2184 1.0236 0.5152, -0.2288 1.0236 0.4579, -0.192 1.0236 0.4495, -0.1874 1.0236 0.4407, -0.1836 1.0236 0.4363, -0.183 1.0236 0.4357, -0.1801 1.0236 0.4337, -0.1193 1.0236 0.4607, -0.1193 1.0236 0.471, -0.1099 1.0236 0.5372, -0.1099 1.0236 0.0394, -0.1243 1.0236 0.0394, -0.1243 1.0236 0.4588, -0.12 1.0236 0.5039, -0.1212 1.0236 0.5071, -0.123 1.0236 0.5098, -0.1243 1.0236 0.5372, -0.1243 1.0236 0.4682, -0.1243 1.0236 0.4894, -0.1229 1.0236 0.4688, -0.124 1.0236 0.4896, -0.1224 1.0236 0.4914, -0.1212 1.0236 0.4933, -0.12 1.0236 0.4964, -0.1196 1.0236 0.5004, -0.1565 1.0236 0.4808, -0.1575 1.0236 0.4779, -0.1555 1.0236 0.5046, -0.1547 1.0236 0.4834, -0.1243 1.0236 0.511, -0.1261 1.0236 0.5126, -0.1285 1.0236 0.514, -0.158 1.0236 0.474, -0.1607 1.0236 0.0394, -0.1607 1.0236 0.5372, -0.1339 1.0236 0.5161, -0.142 1.0236 0.517, -0.149 1.0236 0.5163, -0.1486 1.0236 0.4599, -0.1431 1.0236 0.458, -0.1555 1.0236 0.5144, -0.1514 1.0236 0.4616, -0.1348 1.0236 0.4572, -0.1263 1.0236 0.4582, -0.1575 1.0236 0.4701, -0.1563 1.0236 0.4669, -0.1545 1.0236 0.4643, -0.141 1.0236 0.5089, -0.138 1.0236 0.5087, -0.1299 1.0236 0.5013, -0.1353 1.0236 0.508, -0.133 1.0236 0.5068, -0.13 1.0236 0.4999, -0.1304 1.0236 0.4984, -0.1311 1.0236 0.497, -0.1321 1.0236 0.4959, -0.1356 1.0236 0.4937, -0.148 1.0236 0.508, -0.1418 1.0236 0.4909, -0.1536 1.0236 0.5057, -0.1457 1.0236 0.4893, -0.1523 1.0236 0.4856, -0.1315 1.0236 0.5055, -0.1306 1.0236 0.5042, -0.1301 1.0236 0.5029, -0.1292 1.0236 0.4663, -0.1347 1.0236 0.4837, -0.1287 1.0236 0.4865, -0.1358 1.0236 0.4654, -0.1362 1.0236 0.4654, -0.1412 1.0236 0.4809, -0.1414 1.0236 0.4659, -0.1477 1.0236 0.473, -0.1476 1.0236 0.4743, -0.144 1.0236 0.4669, -0.1449 1.0236 0.4674, -0.1461 1.0236 0.4684, -0.1469 1.0236 0.4697, -0.1475 1.0236 0.4711, -0.1471 1.0236 0.4759, -0.1464 1.0236 0.4772, -0.1451 1.0236 0.4785, -0.3545 1.0236 0.6661, -0.2794 1.0236 0.6661, -0.2883 1.0236 0.6646, -0.2552 1.0236 0.5848, -0.2573 1.0236 0.5848, -0.2794 1.0236 0.6418, -0.2572 1.0236 0.5847, -0.2552 1.0236 0.5619, -0.2687 1.0236 0.5846, -0.2794 1.0236 0.5619, -0.2687 1.0236 0.5848, -0.2794 1.0236 0.5848, -0.2794 1.0236 0.6065, -0.2765 1.0236 0.6065, -0.3099 1.0236 0.6062, -0.3177 1.0236 0.5848, -0.3179 1.0236 0.5843, -0.3293 1.0236 0.5842, -0.3545 1.0236 0.5619, -0.1607 1.0236 0.6306, -0.1687 1.0236 0.6306, -0.1712 1.0236 0.6562, -0.1607 1.0236 0.6661, -0.1712 1.0236 0.6654, -0.1801 1.0236 0.6661, -0.1801 1.0236 0.5848, -0.1686 1.0236 0.6214, -0.1607 1.0236 0.6215, -0.14 1.0236 0.6216, -0.1607 1.0236 0.5945, -0.1398 1.0236 0.5947, -0.1607 1.0236 0.6563, -0.1403 1.0236 0.6564, -0.1401 1.0236 0.6308, -0.1294 1.0236 0.5856, -0.1243 1.0236 0.5848, -0.1607 1.0236 0.5848, -0.1243 1.0236 0.6661, -0.13 1.0236 0.6657, -0.1607 1.0236 0.6655, -0.1725 1.0236 0.5944, -0.1725 1.0236 0.5853, -0.1607 1.0236 0.5854, -0.0183 1.0236 0.5955, -0.0502 1.0236 0.5953, -0.052 1.0236 0.5848, -0.0502 1.0236 0.5862, -0.0079 1.0236 0.5865, -0.052 1.0236 0.6786, -0.0085 1.0236 0.6666, -0.0085 1.0236 0.6661, -0.1139 1.0236 0.6639, -0.1139 1.0236 0.6531, -0.0966 1.0236 0.5939, -0.1056 1.0236 0.5955, -0.1099 1.0236 0.6547, -0.1099 1.0236 0.5974, -0.113 1.0236 0.6536, -0.1135 1.0236 0.599, -0.0738 1.0236 0.6008, -0.079 1.0236 0.597, -0.1049 1.0236 0.6567, -0.0721 1.0236 0.6481, -0.0684 1.0236 0.6424, -0.0657 1.0236 0.6353, -0.095 1.0236 0.658, -0.0919 1.0236 0.6579, -0.0732 1.0236 0.6492, -0.085 1.0236 0.6566, -0.0786 1.0236 0.6537, -0.0646 1.0236 0.6252, -0.0646 1.0236 0.6223, -0.0659 1.0236 0.6142, -0.0847 1.0236 0.5948, -0.0928 1.0236 0.5937, -0.0684 1.0236 0.6078, -0.0723 1.0236 0.6023, -0.0952 1.0236 0.6673, -0.1056 1.0236 0.6664, -0.1099 1.0236 0.6786, -0.0596 1.0236 0.6482, -0.0655 1.0236 0.6557, -0.0674 1.0236 0.6575, -0.0749 1.0236 0.6627, -0.0567 1.0236 0.5848, -0.0567 1.0236 0.6076, -0.0558 1.0236 0.6393, -0.0567 1.0236 0.6415, -0.0549 1.0236 0.6127, -0.0537 1.0236 0.6247, -0.0539 1.0236 0.6289, -0.0864 1.0236 0.5848, -0.0777 1.0236 0.5867, -0.0702 1.0236 0.5903, -0.0638 1.0236 0.5957, -0.0625 1.0236 0.5971, -0.058 1.0236 0.6041, -0.0912 1.0236 0.5845, -0.1099 1.0236 0.5619, -0.0872 1.0236 0.5848, -0.0567 1.0236 0.5619, -0.1134 1.0236 0.5891, -0.112 1.0236 0.5884, -0.1099 1.0236 0.5877, -0.0502 1.0236 0.4683, -0.0501 1.0236 0.4592, -0.052 1.0236 0.5372, -0.0176 1.0236 0.4955, -0.0174 1.0236 0.4685, -0.0463 1.0236 0.4953, -0.0463 1.0236 0.5044, -0.0179 1.0236 0.5303, -0.0177 1.0236 0.5046, -0.0488 1.0236 0.53, -0.0488 1.0236 0.5372, -0.0489 1.0236 0.5392, -0.0489 1.0236 0.5387, -0.052 1.0236 0.5387, -0.052 1.0236 0.5619, -0.0076 1.0236 0.5395, -0.0076 1.0236 0.5387, -0.0076 1.0236 0.5372, -0.1635 1.0236 0.5155, -0.1747 1.0236 0.5155, -0.2552 1.0236 0.4577, -0.1801 1.0236 0.0394, -0.1795 1.0236 0.4333, -0.1755 1.0236 0.4318, -0.1714 1.0236 0.4314, -0.1679 1.0236 0.4316, -0.165 1.0236 0.4322, -0.165 1.0236 0.4412, -0.1671 1.0236 0.4405, -0.1707 1.0236 0.44, -0.1714 1.0236 0.44, -0.1737 1.0236 0.4404, -0.1758 1.0236 0.4413, -0.177 1.0236 0.4422, -0.1789 1.0236 0.4442, -0.1801 1.0236 0.4462, -0.9055 1.0236 0.5372, -0.6671 1.0236 0.5372, -0.9055 1.0236 0.0394, -0.6671 1.0236 0.0394, -0.368 1.0236 0.4569, -0.3566 1.0236 0.457, -0.3877 1.0236 0.5368, -0.3987 1.0236 0.5368, -0.4286 1.0236 0.4565, -0.4172 1.0236 0.4566, -0.4092 1.0236 0.4785, -0.3759 1.0236 0.4788, -0.6671 1.0236 0.5387, -0.9055 1.0236 0.5387, -0.6671 1.0236 0.5619, -0.6671 1.0236 0.5848, -0.9055 1.0236 0.5619, -0.9055 1.0236 0.5848, -0.6671 1.0236 0.6661, -0.9055 1.0236 0.6661, -0.2528 1.0236 0.6207, -0.2508 1.0236 0.6114, -0.2489 1.0236 0.6446, -0.2518 1.0236 0.637, -0.2552 1.0236 0.6661, -0.2531 1.0236 0.6258, -0.2468 1.0236 0.6031, -0.2408 1.0236 0.5961, -0.2325 1.0236 0.5902, -0.211 1.0236 0.6651, -0.2232 1.0236 0.6637, -0.2329 1.0236 0.6601, -0.2234 1.0236 0.5867, -0.2096 1.0236 0.5851, -0.1876 1.0236 0.5852, -0.1882 1.0236 0.6653, -0.2412 1.0236 0.6543, -0.2439 1.0236 0.6516, -0.1243 1.0236 0.5619, -0.1607 1.0236 0.5619, -0.1801 1.0236 0.5619, -0.1243 1.0236 0.6786, -0.1607 1.0236 0.6786, -0.1801 1.0236 0.6786, -0.2552 1.0236 0.6786, -0.2794 1.0236 0.6786, -0.3545 1.0236 0.6786, -0.6671 1.0236 0.6786, -0.9055 1.0236 0.6786, -0.0619 1.0236 0.4835, -0.0639 1.0236 0.4863, -0.0656 1.0236 0.5025, -0.1057 1.0236 0.4588, -0.0567 1.0236 0.0394, -0.0956 1.0236 0.4588, -0.0913 1.0236 0.5168, -0.0956 1.0236 0.5155, -0.0989 1.0236 0.5136, -0.1016 1.0236 0.5111, -0.1036 1.0236 0.5078, -0.1052 1.0236 0.5033, -0.1059 1.0236 0.4956, -0.0657 1.0236 0.5122, -0.0677 1.0236 0.5134, -0.0567 1.0236 0.5372, -0.0751 1.0236 0.5162, -0.0854 1.0236 0.5174, -0.067 1.0236 0.489, -0.0713 1.0236 0.4911, -0.0726 1.0236 0.5068, -0.0789 1.0236 0.4929, -0.0879 1.0236 0.5089, -0.0844 1.0236 0.5093, -0.0789 1.0236 0.5088, -0.0957 1.0236 0.4677, -0.0954 1.0236 0.4677, -0.0936 1.0236 0.4651, -0.0904 1.0236 0.4617, -0.0867 1.0236 0.4594, -0.0826 1.0236 0.4581, -0.0715 1.0236 0.4584, -0.0677 1.0236 0.46, -0.0646 1.0236 0.4622, -0.0632 1.0236 0.4637, -0.0599 1.0236 0.4756, -0.0605 1.0236 0.4799, -0.0959 1.0236 0.4952, -0.0956 1.0236 0.4995, -0.0946 1.0236 0.5031, -0.0934 1.0236 0.5052, -0.0778 1.0236 0.4576, -0.0762 1.0236 0.4577, -0.0614 1.0236 0.4665, -0.0603 1.0236 0.4699, -0.0598 1.0236 0.4744, -0.0919 1.0236 0.5069, -0.0902 1.0236 0.508, -0.007 1.0236 0.4595, -0.052 1.0236 0.0394, -0.0567 1.0236 0.5387, -0.1099 1.0236 0.5387, -0.1243 1.0236 0.5387, -0.1607 1.0236 0.5387, -0.0567 1.0236 0.6786, -0.095 1.0236 0.6673, -0.052 1.0236 1.2205, -0.0567 1.0236 1.2205, -0.1099 1.0236 1.2205, -0.1243 1.0236 1.2205, -0.1607 1.0236 1.2205, -0.1801 1.0236 1.2205, -0.2552 1.0236 1.2205, -0.2794 1.0236 1.2205, -0.3545 1.0236 1.2205, -0.6671 1.0236 1.2205, -0.9055 1.0236 1.2205
            ]
        }
        coordIndex [
            0,1,2,-1,3,4,5,-1,6,7,8,-1,9,10,11,-1,12,13,14,-1,15,16,17,-1,18,19,20,-1,21,22,23,-1,24,25,26,-1,27,28,29,-1,30,31,32,-1,33,34,35,-1,35,34,36,-1,35,36,37,-1,38,39,40,-1,40,39,41,-1,40,41,35,-1,35,41,42,-1,35,42,33,-1,32,31,43,-1,44,38,45,-1,43,31,45,-1,45,31,46,-1,45,46,44,-1,47,48,32,-1,32,48,49,-1,32,49,30,-1,47,50,48,-1,48,50,51,-1,48,51,52,-1,52,51,53,-1,52,53,54,-1,55,56,47,-1,47,56,57,-1,47,57,50,-1,29,28,58,-1,28,59,58,-1,58,59,60,-1,58,60,47,-1,47,60,61,-1,47,61,55,-1,27,29,62,-1,62,29,63,-1,62,63,64,-1,64,63,65,-1,64,65,66,-1,67,68,69,-1,69,68,70,-1,71,72,73,-1,73,72,74,-1,75,76,77,-1,77,76,78,-1,77,78,79,-1,80,81,82,-1,83,84,82,-1,85,86,77,-1,77,86,87,-1,77,87,65,-1,65,87,88,-1,65,88,66,-1,79,89,77,-1,77,89,90,-1,77,90,85,-1,70,91,69,-1,69,91,92,-1,69,92,93,-1,94,95,96,-1,96,95,97,-1,96,97,69,-1,69,97,98,-1,69,98,67,-1,84,99,82,-1,82,99,100,-1,82,100,77,-1,77,100,101,-1,77,101,75,-1,74,102,73,-1,73,102,103,-1,73,103,104,-1,104,103,94,-1,104,94,105,-1,105,94,96,-1,80,82,106,-1,81,107,82,-1,82,107,108,-1,82,108,109,-1,21,110,22,-1,22,110,111,-1,22,111,82,-1,82,111,112,-1,82,112,106,-1,83,82,113,-1,113,82,109,-1,113,109,73,-1,73,109,114,-1,73,114,71,-1,115,116,69,-1,69,116,117,-1,69,117,118,-1,93,119,69,-1,69,119,120,-1,69,120,121,-1,121,122,69,-1,69,122,123,-1,69,123,115,-1,117,124,118,-1,118,124,125,-1,118,125,126,-1,126,125,127,-1,128,26,129,-1,129,26,130,-1,129,130,131,-1,131,130,132,-1,127,133,126,-1,126,133,134,-1,126,134,130,-1,130,134,135,-1,130,135,132,-1,24,136,25,-1,25,136,137,-1,25,137,138,-1,139,140,141,-1,141,140,142,-1,141,142,128,-1,128,142,143,-1,128,143,26,-1,26,143,144,-1,26,144,24,-1,145,146,141,-1,141,146,147,-1,141,147,139,-1,145,148,146,-1,146,148,149,-1,146,149,150,-1,151,152,153,-1,153,152,154,-1,153,154,155,-1,155,132,153,-1,153,132,135,-1,153,135,156,-1,156,135,157,-1,157,158,156,-1,156,158,159,-1,156,159,160,-1,161,152,162,-1,162,152,151,-1,162,151,163,-1,164,165,166,-1,166,165,167,-1,166,167,151,-1,151,167,168,-1,151,168,169,-1,169,170,151,-1,151,170,171,-1,151,171,172,-1,161,173,152,-1,152,173,174,-1,152,174,175,-1,172,176,151,-1,151,176,177,-1,151,177,163,-1,178,179,175,-1,175,179,180,-1,175,180,152,-1,181,182,23,-1,23,182,183,-1,23,183,21,-1,37,184,35,-1,35,184,185,-1,35,185,186,-1,186,185,187,-1,186,187,18,-1,188,189,190,-1,190,189,191,-1,192,193,194,-1,194,193,195,-1,194,195,196,-1,188,197,189,-1,189,197,198,-1,189,198,199,-1,199,200,189,-1,189,200,201,-1,189,201,194,-1,194,201,202,-1,194,202,192,-1,196,203,194,-1,194,203,204,-1,194,204,205,-1,205,204,206,-1,205,206,207,-1,207,206,208,-1,207,208,209,-1,208,210,209,-1,209,210,211,-1,209,211,212,-1,212,211,191,-1,213,214,215,-1,215,214,216,-1,207,217,218,-1,219,213,218,-1,218,213,215,-1,218,215,207,-1,207,215,220,-1,207,220,205,-1,205,220,221,-1,214,222,216,-1,216,222,223,-1,216,223,224,-1,218,225,219,-1,219,225,226,-1,219,226,227,-1,217,207,228,-1,228,207,209,-1,228,209,229,-1,230,231,229,-1,229,231,232,-1,229,232,228,-1,233,234,235,-1,236,237,234,-1,234,237,238,-1,234,238,235,-1,239,240,241,-1,241,240,242,-1,241,242,243,-1,243,242,244,-1,243,244,245,-1,245,246,243,-1,243,246,247,-1,243,247,248,-1,249,250,251,-1,252,253,254,-1,255,256,251,-1,251,256,257,-1,251,257,258,-1,259,260,261,-1,261,260,262,-1,261,262,250,-1,250,262,263,-1,263,264,250,-1,250,264,265,-1,250,265,251,-1,251,265,266,-1,251,266,255,-1,267,268,269,-1,267,269,270,-1,257,271,258,-1,258,271,272,-1,258,272,273,-1,274,275,276,-1,273,277,258,-1,258,277,278,-1,258,278,276,-1,276,278,279,-1,280,281,253,-1,279,282,276,-1,276,282,269,-1,276,269,274,-1,274,269,268,-1,280,253,283,-1,281,284,253,-1,253,284,285,-1,253,285,254,-1,274,286,275,-1,275,286,287,-1,275,287,253,-1,253,287,288,-1,253,288,283,-1,289,290,291,-1,291,290,292,-1,291,292,293,-1,291,294,289,-1,289,294,295,-1,289,295,296,-1,296,297,289,-1,289,297,298,-1,289,298,299,-1,299,298,300,-1,299,300,301,-1,301,300,302,-1,301,302,269,-1,269,302,303,-1,269,303,270,-1,304,305,293,-1,293,305,306,-1,293,306,291,-1,307,308,259,-1,259,308,309,-1,259,309,260,-1,307,310,308,-1,308,310,311,-1,308,311,312,-1,312,311,313,-1,312,314,315,-1,313,316,312,-1,312,316,317,-1,312,317,318,-1,318,319,312,-1,312,319,320,-1,312,320,314,-1,315,321,312,-1,312,321,322,-1,312,322,323,-1,324,325,15,-1,15,325,326,-1,327,328,329,-1,330,331,332,-1,332,331,333,-1,332,333,334,-1,333,335,334,-1,334,335,336,-1,334,336,337,-1,338,336,339,-1,339,336,335,-1,339,335,340,-1,340,335,333,-1,340,333,341,-1,341,333,342,-1,341,342,16,-1,343,344,345,-1,346,347,348,-1,348,347,345,-1,348,345,349,-1,349,345,344,-1,349,344,350,-1,351,352,353,-1,353,352,354,-1,345,355,343,-1,343,355,356,-1,343,356,357,-1,358,359,360,-1,361,362,346,-1,346,362,363,-1,346,363,347,-1,351,353,350,-1,350,353,364,-1,350,364,349,-1,349,364,365,-1,349,365,360,-1,360,365,366,-1,360,366,358,-1,13,367,14,-1,14,367,368,-1,14,368,369,-1,369,368,370,-1,369,370,371,-1,12,372,373,-1,373,372,40,-1,373,40,374,-1,374,40,35,-1,374,35,371,-1,371,35,186,-1,371,186,369,-1,10,9,361,-1,361,9,375,-1,361,375,376,-1,377,378,379,-1,379,378,380,-1,379,380,381,-1,381,380,382,-1,381,382,376,-1,376,382,359,-1,376,359,361,-1,361,359,358,-1,361,358,362,-1,379,383,384,-1,385,386,379,-1,379,386,387,-1,379,387,388,-1,385,389,386,-1,386,389,390,-1,386,390,391,-1,391,390,392,-1,391,392,393,-1,388,394,379,-1,379,394,395,-1,379,395,396,-1,384,397,379,-1,379,397,398,-1,379,398,377,-1,396,399,379,-1,379,399,400,-1,379,400,383,-1,401,402,403,-1,403,402,11,-1,8,404,405,-1,405,406,8,-1,8,406,407,-1,8,407,6,-1,369,408,409,-1,14,410,8,-1,8,410,411,-1,8,411,404,-1,409,412,369,-1,369,412,413,-1,369,413,14,-1,14,413,414,-1,14,414,410,-1,415,416,408,-1,408,416,417,-1,408,417,418,-1,418,419,408,-1,408,419,420,-1,408,420,409,-1,4,421,422,-1,422,421,423,-1,422,423,424,-1,382,425,359,-1,359,425,426,-1,359,426,5,-1,5,426,427,-1,5,427,3,-1,428,429,430,-1,431,432,433,-1,433,432,428,-1,433,428,434,-1,435,436,437,-1,437,436,434,-1,434,428,437,-1,437,428,430,-1,437,430,438,-1,439,440,441,-1,441,440,438,-1,439,442,443,-1,443,442,20,-1,443,20,444,-1,19,181,20,-1,20,181,23,-1,20,23,444,-1,444,23,22,-1,444,22,445,-1,239,276,446,-1,235,240,233,-1,233,240,239,-1,233,239,447,-1,447,239,446,-1,220,448,221,-1,221,448,243,-1,221,243,449,-1,449,243,248,-1,449,248,450,-1,450,451,449,-1,449,451,452,-1,449,452,275,-1,452,453,275,-1,275,453,454,-1,275,454,276,-1,276,454,455,-1,276,455,446,-1,446,455,456,-1,446,456,457,-1,457,458,446,-1,446,458,459,-1,446,459,460,-1,460,461,446,-1,446,461,462,-1,446,462,2,-1,2,462,463,-1,2,463,0,-1,464,465,466,-1,466,465,467,-1,468,469,194,-1,194,469,189,-1,189,469,470,-1,189,470,465,-1,465,470,471,-1,465,471,467,-1,467,471,472,-1,467,472,473,-1,474,475,473,-1,473,475,468,-1,473,468,467,-1,467,468,194,-1,191,189,212,-1,212,189,465,-1,212,465,476,-1,476,465,464,-1,476,464,477,-1,16,342,17,-1,17,342,478,-1,17,478,479,-1,479,478,480,-1,479,480,481,-1,15,17,324,-1,324,17,479,-1,324,479,482,-1,482,479,481,-1,482,481,483,-1,484,485,327,-1,486,487,488,-1,488,487,489,-1,485,490,327,-1,327,490,491,-1,327,491,492,-1,348,493,488,-1,488,493,494,-1,488,494,495,-1,492,496,327,-1,327,496,497,-1,327,497,349,-1,349,497,498,-1,349,498,348,-1,348,498,499,-1,348,499,493,-1,495,500,488,-1,488,500,501,-1,488,501,486,-1,326,325,329,-1,329,325,488,-1,329,488,327,-1,327,488,489,-1,327,489,484,-1,4,422,5,-1,5,422,502,-1,5,502,359,-1,359,502,503,-1,359,503,360,-1,360,503,504,-1,360,504,349,-1,349,504,331,-1,349,331,327,-1,327,331,330,-1,327,330,328,-1,11,10,403,-1,403,10,361,-1,403,361,505,-1,505,361,346,-1,505,346,506,-1,506,346,348,-1,506,348,507,-1,507,348,488,-1,507,488,508,-1,508,488,325,-1,508,325,509,-1,509,325,324,-1,509,324,510,-1,510,324,482,-1,510,482,511,-1,511,482,483,-1,511,483,512,-1,513,514,515,-1,252,516,517,-1,517,516,518,-1,519,520,251,-1,251,520,521,-1,251,521,522,-1,522,523,251,-1,251,523,524,-1,251,524,525,-1,526,527,528,-1,528,527,529,-1,528,529,251,-1,251,529,530,-1,251,530,519,-1,514,531,515,-1,515,531,532,-1,515,532,533,-1,533,532,534,-1,535,536,534,-1,534,536,537,-1,534,537,533,-1,254,249,252,-1,252,249,251,-1,252,251,516,-1,516,251,525,-1,518,538,539,-1,539,540,518,-1,518,540,541,-1,518,541,517,-1,517,541,542,-1,517,542,543,-1,544,545,517,-1,517,545,546,-1,517,546,547,-1,548,549,528,-1,550,551,534,-1,534,551,552,-1,534,552,553,-1,543,554,517,-1,517,554,555,-1,517,555,544,-1,547,556,517,-1,517,556,557,-1,517,557,558,-1,526,528,515,-1,515,528,549,-1,515,549,513,-1,553,559,534,-1,534,559,560,-1,534,560,535,-1,445,22,561,-1,561,22,82,-1,561,82,429,-1,429,82,562,-1,429,562,430,-1,430,562,517,-1,430,517,528,-1,528,517,558,-1,528,558,548,-1,438,430,441,-1,441,430,528,-1,441,528,563,-1,563,528,251,-1,563,251,564,-1,564,251,258,-1,564,258,565,-1,565,258,276,-1,565,276,566,-1,566,276,239,-1,566,239,230,-1,230,239,241,-1,230,241,231,-1,439,441,442,-1,442,441,563,-1,442,563,424,-1,424,563,564,-1,424,564,422,-1,422,564,565,-1,422,565,502,-1,502,565,566,-1,502,566,503,-1,503,566,230,-1,503,230,504,-1,504,230,229,-1,504,229,331,-1,331,229,209,-1,331,209,333,-1,333,209,212,-1,333,212,342,-1,342,212,476,-1,342,476,478,-1,478,476,477,-1,478,477,480,-1,12,14,372,-1,372,14,8,-1,372,8,567,-1,567,8,7,-1,567,7,403,-1,403,7,568,-1,403,568,401,-1,18,20,186,-1,186,20,442,-1,186,442,369,-1,369,442,424,-1,369,424,408,-1,408,424,423,-1,408,423,415,-1,38,40,45,-1,45,40,372,-1,45,372,569,-1,569,372,567,-1,569,567,570,-1,570,567,403,-1,570,403,571,-1,571,403,505,-1,571,505,572,-1,572,505,506,-1,572,506,573,-1,573,506,507,-1,573,507,574,-1,574,507,508,-1,574,508,575,-1,575,508,509,-1,575,509,576,-1,576,509,510,-1,576,510,577,-1,577,510,511,-1,577,511,578,-1,578,511,512,-1,578,512,579,-1,
        ]
    }
}
Shape{
    appearance Appearance {
        material  Material {
            diffuseColor 0.8549019607843137 0.8549019607843137 0.8549019607843137
            specularColor 0.42745098039215684 0.42745098039215684 0.42745098039215684
            ambientIntensity 0.8549
            transparency 0.0
            shininess 0.5
        }
    }
    geometry IndexedFaceSet {
        ccw TRUE
        solid FALSE
        coord DEF co Coordinate {
            point [
                -1.0236 0.1181 0.6587, -1.0236 0.4331 0.6587, -1.0369 0.4331 0.6491, -1.0369 0.1177 0.6491, -1.048 0.4331 0.6368, -1.048 0.116 0.6368, -1.0505 0.1149 0.6324, -1.0562 0.4331 0.6226, -1.0562 0.1124 0.6226, -1.0613 0.4331 0.6069, -1.0613 0.1061 0.6069, -1.0614 0.1052 0.6053, -1.063 0.4331 0.5906, -1.063 0.0964 0.5906, -1.0614 -0.1052 0.6053, -1.063 -0.0965 0.5906, -1.063 -0.4331 0.5906, -1.0613 -0.1062 0.6069, -1.0613 -0.4331 0.6069, -1.0562 -0.4331 0.6226, -1.0562 -0.1125 0.6226, -1.0505 -0.1149 0.6324, -1.048 -0.4331 0.6368, -1.048 -0.1161 0.6368, -1.0369 -0.4331 0.6491, -1.0369 -0.1177 0.6491, -1.0236 -0.4331 0.6587, -1.0236 -0.1181 0.6587, 1.0614 0.1052 0.6053, 1.063 0.0964 0.5906, 1.063 0.4331 0.5906, 1.0613 0.1061 0.6069, 1.0613 0.4331 0.6069, 1.0562 0.4331 0.6226, 1.0562 0.1124 0.6226, 1.0505 0.1149 0.6324, 1.048 0.4331 0.6368, 1.048 0.116 0.6368, 1.0369 0.4331 0.6491, 1.0369 0.1177 0.6491, 1.0236 0.4331 0.6587, 1.0236 0.1181 0.6587
            ]
        }
        coordIndex [
            0,1,2,-1,0,2,3,-1,3,2,4,-1,3,4,5,-1,5,4,6,-1,6,4,7,-1,6,7,8,-1,8,7,9,-1,8,9,10,-1,10,9,11,-1,11,9,12,-1,11,12,13,-1,14,15,16,-1,14,16,17,-1,16,18,17,-1,17,18,19,-1,17,19,20,-1,20,19,21,-1,21,19,22,-1,21,22,23,-1,23,22,24,-1,23,24,25,-1,25,24,26,-1,25,26,27,-1,28,29,30,-1,28,30,31,-1,30,32,31,-1,31,32,33,-1,31,33,34,-1,34,33,35,-1,35,33,36,-1,35,36,37,-1,37,36,38,-1,37,38,39,-1,39,38,40,-1,39,40,41,-1,
        ]
    }
}
Shape{
    appearance Appearance {
        material  Material {
            diffuseColor 0.6470588235294118 0.6470588235294118 0.6470588235294118
            specularColor 0.3215686274509804 0.3215686274509804 0.3215686274509804
            ambientIntensity 0.6471
            transparency 0.0
            shininess 0.5
        }
    }
    geometry IndexedFaceSet {
        ccw TRUE
        solid FALSE
        coord DEF co Coordinate {
            point [
                0.1011 0.0595 0.0394, 0.1127 0.0582 0.0394, 0.0756 -0.0291 0.0394, 0.0735 -0.028 0.0394, 0.0735 -0.0409 0.0394, 0.0619 -0.0478 0.0394, 0.5118 0.4921 0.0394, 0.0619 1.0236 0.0394, 1.0236 0.4921 0.0394, 0.9055 1.0236 0.0394, 1.0236 0.9055 0.0394, 0.989 0.989 0.0394, 0.9646 1.0078 0.0394, 0.9361 1.0196 0.0394, 1.0078 0.9645 0.0394, 1.0196 0.9361 0.0394, 0.132 -0.043 0.0394, 0.1714 -0.0471 0.0394, 0.1205 -0.047 0.0394, 0.1129 -0.0478 0.0394, 0.1216 0.055 0.0394, 0.1298 0.0496 0.0394, 0.1369 0.0417 0.0394, 0.1455 0.0107 0.0394, 0.1443 -0.002 0.0394, 0.1411 -0.0122 0.0394, 0.1148 -0.0343 0.0394, 0.1038 -0.0355 0.0394, 0.1234 -0.0311 0.0394, 0.1306 -0.0262 0.0394, 0.1362 -0.0204 0.0394, 0.0881 -0.0338 0.0394, 0.0868 0.0577 0.0394, 0.0735 0.052 0.0394, 0.0735 0.0678 0.0394, 0.1418 0.0326 0.0394, 0.1449 0.0199 0.0394, 0.1551 0.0399 0.0394, 0.1482 0.051 0.0394, 0.2161 0.0711 0.0394, 0.2319 0.0711 0.0394, 0.2319 -0.0471 0.0394, 0.5118 -0.0478 0.0394, 0.1415 -0.037 0.0394, 0.1503 -0.0276 0.0394, 0.1714 -0.0341 0.0394, 0.1566 -0.0164 0.0394, 0.2161 -0.0341 0.0394, 0.1375 0.0612 0.0394, 0.1263 0.0677 0.0394, 0.1131 0.0715 0.0394, 0.1602 -0.0039 0.0394, 0.1613 0.0098 0.0394, 0.1596 0.0266 0.0394, 0.1013 0.0725 0.0394, 0.0871 0.0715 0.0394, 0.086 -0.0461 0.0394, 0.098 -0.0478 0.0394, 0.0619 -1.0236 0.0394, 0.1027 -0.0484 0.0394, 0.5118 -0.4921 0.0394, 0.106 -0.0485 0.0394, 1.0236 -0.4921 0.0394, 1.0236 -0.8213 0.0394, 0.9055 -1.0236 0.0394, 1.0236 -0.9055 0.0394, 0.9361 -1.0196 0.0394, 0.9646 -1.0078 0.0394, 1.0196 -0.9361 0.0394, 1.0078 -0.9646 0.0394, 0.989 -0.989 0.0394, -0.1397 -0.0471 0.0394, -0.1252 -0.0147 0.0394, -0.1184 -0.0252 0.0394, -0.013 -0.0471 0.0394, 0.0504 -0.0471 0.0394, 0.0504 0.0711 0.0394, -0.9055 1.0236 0.0394, -0.0101 0.0711 0.0394, -0.9361 1.0196 0.0394, -0.0101 0.0581 0.0394, 0.0346 0.0581 0.0394, 0.0346 0.0192 0.0394, -0.1087 -0.0346 0.0394, -0.0963 -0.0417 0.0394, -0.0827 -0.0458 0.0394, -0.9646 1.0078 0.0394, -0.5118 0.4921 0.0394, -0.989 0.989 0.0394, -1.0236 0.4921 0.0394, -1.0236 0.9055 0.0394, -0.036 0.0711 0.0394, -0.0072 0.0192 0.0394, -0.0072 0.0062 0.0394, 0.0346 0.0062 0.0394, 0.0346 -0.0341 0.0394, -0.013 -0.0341 0.0394, -0.036 -0.0471 0.0394, -0.0681 -0.0471 0.0394, -0.0864 0.0692 0.0394, -0.1002 0.0644 0.0394, -1.0196 0.9361 0.0394, -1.0078 0.9645 0.0394, -0.2171 -0.0139 0.0394, -0.1683 -0.0139 0.0394, -0.229 -0.0471 0.0394, -0.157 -0.0471 0.0394, -0.0693 0.0711 0.0394, -0.1131 0.0558 0.0394, -0.1132 0.0557 0.0394, -0.1216 0.0464 0.0394, -0.2463 -0.0471 0.0394, -0.5118 -0.0478 0.0394, -0.2002 0.0711 0.0394, -0.1844 0.0711 0.0394, -0.127 0.0362 0.0394, -0.1302 0.0246 0.0394, -0.1311 0.0135 0.0394, -0.1294 -0.0023 0.0394, -0.5118 -0.4921 0.0394, -1.0236 -0.4921 0.0394, -0.9055 -1.0236 0.0394, -1.0236 -0.9055 0.0394, -0.989 -0.989 0.0394, -0.9646 -1.0078 0.0394, -0.9361 -1.0196 0.0394, -1.0078 -0.9646 0.0394, -1.0196 -0.9361 0.0394, 1.0236 0.4527 0.0787, 1.0236 0.9055 1.2205, 1.0236 -0.9055 1.2205, 1.0236 -0.4528 0.0787, 1.0236 -0.4331 0.0787, 1.0236 0.4331 0.0787, 1.0236 0.4331 0.5906, 1.0236 0.4331 0.6587, 1.0236 0.1181 0.6587, 1.0236 -0.4331 0.5906, 1.0236 -0.4331 0.6587, 1.0236 -0.1181 0.6587, 1.0236 -0.1147 0.6305, 1.0236 -0.1046 0.6039, 1.0236 0.1147 0.6305, 1.0236 0.1046 0.6039, 1.0236 0.0142 0.5415, 1.0236 0.0419 0.5483, 1.0236 -0.0884 0.5804, 1.0236 -0.0671 0.5615, 1.0236 0.0671 0.5615, 1.0236 0.0884 0.5804, 1.0236 -0.0419 0.5483, 1.0236 -0.0143 0.5415, -1.0236 0.9055 1.2205, -1.0236 0.4527 0.0787, -1.0236 0.4331 0.0787, -1.0236 -0.4528 0.0787, -1.0236 -0.9055 1.2205, -1.0236 0.4331 0.5906, -1.0236 0.4331 0.6587, -1.0236 0.1181 0.6587, -1.0236 -0.4331 0.0787, -1.0236 -0.4331 0.5906, -1.0236 -0.4331 0.6587, -1.0236 -0.1181 0.6587, -1.0236 0.0892 0.5813, -1.0236 0.0678 0.562, -1.0236 -0.1053 0.6052, -1.0236 -0.1151 0.6323, -1.0236 0.1151 0.6323, -1.0236 0.1053 0.6052, -1.0236 -0.0424 0.5485, -1.0236 -0.0678 0.562, -1.0236 -0.0144 0.5415, -1.0236 0.0144 0.5415, -1.0236 0.0423 0.5485, -1.0236 -0.0892 0.5813, -0.9055 -1.0236 1.2205, 0.9055 -1.0236 1.2205, 1.0236 -0.8213 1.2205, 0.9361 -1.0196 1.2205, 0.9646 -1.0078 1.2205, 1.0236 -0.4599 1.2205, 1.0236 -0.406 1.2205, 1.0236 -0.4026 1.2205, -1.0196 -0.9361 1.2205, -1.0078 -0.9646 1.2205, -0.989 -0.989 1.2205, -0.9646 -1.0078 1.2205, -0.9361 -1.0196 1.2205, 0.989 -0.989 1.2205, 1.0078 -0.9646 1.2205, 1.0196 -0.9361 1.2205, 1.0078 0.9645 1.2205, 1.0236 -0.3552 1.2205, 1.0236 -0.3296 1.2205, 0.989 0.989 1.2205, 0.9646 1.0078 1.2205, -0.9646 1.0078 1.2205, -0.989 0.989 1.2205, -1.0078 0.9645 1.2205, -1.0196 0.9361 1.2205, 1.0236 -0.3165 1.2205, 1.0236 -0.2855 1.2205, 1.0236 -0.264 1.2205, 0.9361 1.0196 1.2205, 0.9055 1.0236 1.2205, -0.9055 1.0236 1.2205, -0.9361 1.0196 1.2205, 1.0236 -0.2463 1.2205, 1.0196 0.9361 1.2205, 1.0236 -0.9055 0.8808, 1.0236 -0.9055 0.903, 1.0236 -0.9055 0.9755, 1.0236 -0.9055 0.9919, 1.0236 -0.9055 1.0489, 1.0236 0.9055 0.8808, 1.0236 0.9055 1.0489, 1.0236 0.9055 0.9919, 1.0236 0.9055 0.9755, 1.0236 0.9055 0.903, -0.9843 -0.4331 0.0787, -0.5512 -0.4528 0.0787, -0.5906 -0.4331 0.0787, -0.5512 0.4527 0.0787, -0.5906 0.4331 0.0787, -0.9843 0.4331 0.0787, 0.9843 0.4331 0.0787, 0.5512 0.4527 0.0787, 0.5906 0.4331 0.0787, 0.5512 -0.4528 0.0787, 0.5906 -0.4331 0.0787, 0.9843 -0.4331 0.0787, 1.0236 -0.4599 0.0716
            ]
        }
        coordIndex [
            0,1,2,-1,3,4,5,-1,6,7,8,-1,8,7,9,-1,8,9,10,-1,11,9,12,-1,12,9,13,-1,11,14,9,-1,9,14,15,-1,9,15,10,-1,16,17,18,-1,18,17,19,-1,1,20,2,-1,2,20,21,-1,2,21,22,-1,23,24,2,-1,2,24,25,-1,26,27,28,-1,28,27,29,-1,25,30,2,-1,2,30,29,-1,2,29,31,-1,31,29,27,-1,0,2,32,-1,32,2,3,-1,32,3,33,-1,33,3,7,-1,33,7,34,-1,22,35,2,-1,2,35,36,-1,2,36,23,-1,37,38,39,-1,39,38,7,-1,39,7,40,-1,40,7,6,-1,40,6,41,-1,41,6,42,-1,16,43,17,-1,17,43,44,-1,17,44,45,-1,45,44,46,-1,45,46,47,-1,38,48,7,-1,7,48,49,-1,7,49,50,-1,46,51,47,-1,47,51,52,-1,47,52,39,-1,39,52,53,-1,39,53,37,-1,50,54,7,-1,7,54,55,-1,7,55,34,-1,4,56,5,-1,5,56,57,-1,5,57,58,-1,58,57,59,-1,58,59,60,-1,60,59,61,-1,60,61,42,-1,42,61,19,-1,42,19,41,-1,41,19,17,-1,60,62,58,-1,58,62,63,-1,58,63,64,-1,64,63,65,-1,64,65,66,-1,66,65,67,-1,68,69,65,-1,65,69,70,-1,65,70,67,-1,71,72,73,-1,74,75,5,-1,5,75,76,-1,3,5,7,-1,7,5,76,-1,7,76,77,-1,77,76,78,-1,77,78,79,-1,80,81,82,-1,73,83,71,-1,71,83,84,-1,71,84,85,-1,79,78,86,-1,86,78,87,-1,86,87,88,-1,87,89,90,-1,91,92,93,-1,94,95,93,-1,93,95,96,-1,93,96,91,-1,91,96,74,-1,91,74,97,-1,97,74,5,-1,97,5,98,-1,82,92,80,-1,80,92,91,-1,80,91,78,-1,99,100,87,-1,90,101,87,-1,87,101,102,-1,87,102,88,-1,103,104,105,-1,105,104,106,-1,105,106,5,-1,5,106,71,-1,5,71,98,-1,98,71,85,-1,78,91,87,-1,87,91,107,-1,87,107,99,-1,100,108,87,-1,87,108,109,-1,87,109,110,-1,111,112,113,-1,113,112,87,-1,113,87,114,-1,114,87,110,-1,114,110,115,-1,115,116,114,-1,114,116,117,-1,114,117,71,-1,71,117,118,-1,71,118,72,-1,111,105,112,-1,112,105,5,-1,112,5,119,-1,119,5,58,-1,119,58,120,-1,120,58,121,-1,120,121,122,-1,123,121,124,-1,124,121,125,-1,123,126,121,-1,121,126,127,-1,121,127,122,-1,8,10,128,-1,128,10,129,-1,65,62,130,-1,130,62,131,-1,130,131,132,-1,133,128,134,-1,134,128,129,-1,134,129,135,-1,135,129,136,-1,132,137,130,-1,130,137,138,-1,130,138,129,-1,129,138,139,-1,129,139,136,-1,139,140,136,-1,136,140,141,-1,136,141,142,-1,142,141,143,-1,141,144,145,-1,141,146,147,-1,145,148,141,-1,141,148,149,-1,141,149,143,-1,147,150,141,-1,141,150,151,-1,141,151,144,-1,90,89,152,-1,152,89,153,-1,152,153,154,-1,120,122,155,-1,155,122,156,-1,154,157,152,-1,152,157,158,-1,152,158,159,-1,160,155,161,-1,161,155,156,-1,161,156,162,-1,162,156,163,-1,164,165,166,-1,156,152,163,-1,163,152,159,-1,163,159,167,-1,167,159,168,-1,167,168,166,-1,166,168,169,-1,166,169,164,-1,170,171,172,-1,172,171,173,-1,165,174,166,-1,166,174,173,-1,166,173,175,-1,175,173,171,-1,176,121,177,-1,177,121,58,-1,177,58,64,-1,176,177,178,-1,178,177,130,-1,130,177,179,-1,130,179,180,-1,178,181,156,-1,156,181,182,-1,156,182,183,-1,178,156,176,-1,176,156,184,-1,176,184,185,-1,185,186,176,-1,176,186,187,-1,176,187,188,-1,180,189,130,-1,130,189,190,-1,130,190,191,-1,192,193,194,-1,193,192,183,-1,183,192,195,-1,183,195,196,-1,197,198,152,-1,152,198,199,-1,152,199,200,-1,194,201,192,-1,192,201,202,-1,192,202,203,-1,196,204,183,-1,183,204,205,-1,183,205,156,-1,156,205,206,-1,156,206,152,-1,152,206,207,-1,152,207,197,-1,203,208,192,-1,192,208,129,-1,192,129,209,-1,177,64,66,-1,177,66,179,-1,179,66,67,-1,179,67,180,-1,180,67,70,-1,180,70,189,-1,189,70,69,-1,189,69,190,-1,190,69,68,-1,190,68,191,-1,68,65,210,-1,68,210,191,-1,191,210,211,-1,191,211,212,-1,212,213,191,-1,191,213,214,-1,191,214,130,-1,156,122,127,-1,156,127,184,-1,184,127,126,-1,184,126,185,-1,185,126,123,-1,185,123,186,-1,186,123,124,-1,186,124,187,-1,187,124,125,-1,187,125,188,-1,188,125,121,-1,188,121,176,-1,215,10,15,-1,129,216,209,-1,209,216,217,-1,217,218,209,-1,209,218,219,-1,209,219,215,-1,215,15,209,-1,209,15,14,-1,209,14,192,-1,192,14,11,-1,192,11,195,-1,195,11,12,-1,195,12,196,-1,196,12,13,-1,196,13,204,-1,204,13,9,-1,204,9,205,-1,206,77,79,-1,206,79,207,-1,207,79,86,-1,207,86,197,-1,197,86,88,-1,197,88,198,-1,198,88,102,-1,198,102,199,-1,199,102,101,-1,199,101,200,-1,200,101,90,-1,200,90,152,-1,155,160,220,-1,155,220,221,-1,221,220,222,-1,221,222,223,-1,223,222,224,-1,223,224,153,-1,153,224,225,-1,153,225,154,-1,128,133,226,-1,128,226,227,-1,227,226,228,-1,227,228,229,-1,229,228,230,-1,229,230,131,-1,131,230,231,-1,131,231,132,-1,221,119,155,-1,155,119,120,-1,119,221,112,-1,112,221,223,-1,112,223,87,-1,87,223,89,-1,89,223,153,-1,227,6,128,-1,128,6,8,-1,6,227,42,-1,42,227,229,-1,42,229,60,-1,62,60,232,-1,232,60,229,-1,232,229,131,-1,
        ]
    }
}
Shape{
    appearance Appearance {
        material  Material {
            diffuseColor 0.25098039215686274 0.25098039215686274 0.25098039215686274
            specularColor 0.12549019607843137 0.12549019607843137 0.12549019607843137
            ambientIntensity 0.251
            transparency 0.0
            shininess 0.5
        }
    }
    geometry IndexedFaceSet {
        ccw TRUE
        solid FALSE
        coord DEF co Coordinate {
            point [
                -0.2002 0.0711 0.0433, -0.2463 -0.0471 0.0433, -0.2002 0.0711 0.0394, -0.2463 -0.0471 0.0394, -0.229 -0.0471 0.0433, -0.229 -0.0471 0.0394, -0.2171 -0.0139 0.0433, -0.2171 -0.0139 0.0394, -0.1683 -0.0139 0.0433, -0.1683 -0.0139 0.0394, -0.157 -0.0471 0.0433, -0.157 -0.0471 0.0394, -0.1397 -0.0471 0.0433, -0.1397 -0.0471 0.0394, -0.1844 0.0711 0.0433, -0.1844 0.0711 0.0394, -0.1723 -0.001 0.0433, -0.2118 -0.001 0.0433, -0.1899 0.0484 0.0433, -0.191 0.0525 0.0433, -0.1918 0.0566 0.0433, -0.1922 0.0566 0.0433, -0.1929 0.0525 0.0433, -0.194 0.0484 0.0433, -0.1723 -0.001 0.0394, -0.2118 -0.001 0.0394, -0.1899 0.0484 0.0394, -0.191 0.0525 0.0394, -0.1918 0.0566 0.0394, -0.1922 0.0566 0.0394, -0.1929 0.0525 0.0394, -0.194 0.0484 0.0394, -0.0681 -0.0471 0.0433, -0.036 -0.0471 0.0433, -0.0681 -0.0471 0.0394, -0.036 -0.0471 0.0394, -0.036 0.0711 0.0433, -0.036 0.0711 0.0394, -0.0693 0.0711 0.0433, -0.0693 0.0711 0.0394, -0.1311 0.0135 0.0433, -0.1311 0.0135 0.0394, -0.1302 0.0246 0.0394, -0.1302 0.0246 0.0433, -0.127 0.0362 0.0394, -0.127 0.0362 0.0433, -0.1216 0.0464 0.0394, -0.1216 0.0464 0.0433, -0.1132 0.0557 0.0394, -0.1132 0.0557 0.0433, -0.1131 0.0558 0.0394, -0.1131 0.0558 0.0433, -0.1002 0.0644 0.0394, -0.1002 0.0644 0.0433, -0.0864 0.0692 0.0394, -0.0864 0.0692 0.0433, -0.0827 -0.0458 0.0394, -0.0827 -0.0458 0.0433, -0.0963 -0.0417 0.0394, -0.0963 -0.0417 0.0433, -0.1087 -0.0346 0.0394, -0.1087 -0.0346 0.0433, -0.1184 -0.0252 0.0394, -0.1184 -0.0252 0.0433, -0.1252 -0.0147 0.0394, -0.1252 -0.0147 0.0433, -0.1294 -0.0023 0.0394, -0.1294 -0.0023 0.0433, -0.1074 0.0415 0.0433, -0.1016 0.0476 0.0433, -0.093 0.0532 0.0433, -0.0833 0.0566 0.0433, -0.0693 0.0581 0.0433, -0.0519 0.0581 0.0433, -0.0519 -0.0341 0.0433, -0.0686 -0.0341 0.0433, -0.0811 -0.0329 0.0433, -0.091 -0.0298 0.0433, -0.0991 -0.025 0.0433, -0.1057 -0.0185 0.0433, -0.1107 -0.0104 0.0433, -0.1141 0.0007 0.0433, -0.1152 0.0131 0.0433, -0.1142 0.0249 0.0433, -0.1115 0.0342 0.0433, -0.0693 0.0581 0.0394, -0.0519 0.0581 0.0394, -0.0833 0.0566 0.0394, -0.093 0.0532 0.0394, -0.1016 0.0476 0.0394, -0.1074 0.0415 0.0394, -0.1115 0.0342 0.0394, -0.1142 0.0249 0.0394, -0.1152 0.0131 0.0394, -0.1141 0.0007 0.0394, -0.1107 -0.0104 0.0394, -0.1057 -0.0185 0.0394, -0.0991 -0.025 0.0394, -0.091 -0.0298 0.0394, -0.0811 -0.0329 0.0394, -0.0686 -0.0341 0.0394, -0.0519 -0.0341 0.0394, -0.013 -0.0341 0.0433, -0.013 -0.0471 0.0433, -0.013 -0.0341 0.0394, -0.013 -0.0471 0.0394, 0.0504 -0.0471 0.0433, 0.0504 -0.0471 0.0394, 0.0504 0.0711 0.0433, 0.0504 0.0711 0.0394, -0.0101 0.0711 0.0433, -0.0101 0.0711 0.0394, -0.0101 0.0581 0.0433, -0.0101 0.0581 0.0394, 0.0346 0.0581 0.0433, 0.0346 0.0581 0.0394, 0.0346 0.0192 0.0433, 0.0346 0.0192 0.0394, -0.0072 0.0192 0.0433, -0.0072 0.0192 0.0394, -0.0072 0.0062 0.0433, -0.0072 0.0062 0.0394, 0.0346 0.0062 0.0433, 0.0346 0.0062 0.0394, 0.0346 -0.0341 0.0433, 0.0346 -0.0341 0.0394, 0.0735 -0.028 0.0433, 0.0735 -0.0409 0.0433, 0.0735 -0.028 0.0394, 0.0735 -0.0409 0.0394, 0.086 -0.0461 0.0433, 0.106 -0.0485 0.0433, 0.106 -0.0485 0.0394, 0.1027 -0.0484 0.0394, 0.1027 -0.0484 0.0433, 0.098 -0.0478 0.0394, 0.086 -0.0461 0.0394, 0.1613 0.0098 0.0433, 0.1613 0.0098 0.0394, 0.1602 -0.0039 0.0394, 0.1602 -0.0039 0.0433, 0.1566 -0.0164 0.0394, 0.1566 -0.0164 0.0433, 0.1503 -0.0276 0.0394, 0.1503 -0.0276 0.0433, 0.1415 -0.037 0.0394, 0.1415 -0.037 0.0433, 0.132 -0.043 0.0394, 0.132 -0.043 0.0433, 0.1205 -0.047 0.0394, 0.1205 -0.047 0.0433, 0.1129 -0.0478 0.0394, 0.1013 0.0725 0.0433, 0.1013 0.0725 0.0394, 0.1131 0.0715 0.0394, 0.1131 0.0715 0.0433, 0.1263 0.0677 0.0394, 0.1263 0.0677 0.0433, 0.1375 0.0612 0.0394, 0.1375 0.0612 0.0433, 0.1482 0.051 0.0394, 0.1482 0.051 0.0433, 0.1551 0.0399 0.0394, 0.1551 0.0399 0.0433, 0.1596 0.0266 0.0394, 0.1596 0.0266 0.0433, 0.0735 0.0678 0.0433, 0.0735 0.0678 0.0394, 0.0871 0.0715 0.0394, 0.0871 0.0715 0.0433, 0.0735 0.052 0.0433, 0.0735 0.052 0.0394, 0.1011 0.0595 0.0433, 0.1011 0.0595 0.0394, 0.0868 0.0577 0.0394, 0.0868 0.0577 0.0433, 0.1455 0.0107 0.0433, 0.1455 0.0107 0.0394, 0.1449 0.0199 0.0394, 0.1449 0.0199 0.0433, 0.1418 0.0326 0.0394, 0.1418 0.0326 0.0433, 0.1369 0.0417 0.0394, 0.1369 0.0417 0.0433, 0.1298 0.0496 0.0394, 0.1298 0.0496 0.0433, 0.1216 0.055 0.0394, 0.1216 0.055 0.0433, 0.1127 0.0582 0.0394, 0.1127 0.0582 0.0433, 0.1038 -0.0355 0.0433, 0.1038 -0.0355 0.0394, 0.1148 -0.0343 0.0394, 0.1148 -0.0343 0.0433, 0.1234 -0.0311 0.0394, 0.1234 -0.0311 0.0433, 0.1306 -0.0262 0.0394, 0.1306 -0.0262 0.0433, 0.1362 -0.0204 0.0394, 0.1362 -0.0204 0.0433, 0.1411 -0.0122 0.0394, 0.1411 -0.0122 0.0433, 0.1443 -0.002 0.0394, 0.1443 -0.002 0.0433, 0.0756 -0.0291 0.0394, 0.0756 -0.0291 0.0433, 0.0881 -0.0338 0.0394, 0.0881 -0.0338 0.0433, 0.1714 -0.0341 0.0433, 0.1714 -0.0471 0.0433, 0.1714 -0.0341 0.0394, 0.1714 -0.0471 0.0394, 0.2319 -0.0471 0.0433, 0.2319 -0.0471 0.0394, 0.2319 0.0711 0.0433, 0.2319 0.0711 0.0394, 0.2161 0.0711 0.0433, 0.2161 0.0711 0.0394, 0.2161 -0.0341 0.0433, 0.2161 -0.0341 0.0394
            ]
        }
        coordIndex [
            0,1,2,-1,2,1,3,-1,1,4,3,-1,3,4,5,-1,4,6,5,-1,5,6,7,-1,6,8,7,-1,7,8,9,-1,8,10,9,-1,9,10,11,-1,10,12,11,-1,11,12,13,-1,12,14,13,-1,13,14,15,-1,14,0,15,-1,15,0,2,-1,16,8,17,-1,17,8,6,-1,18,14,16,-1,16,14,12,-1,16,12,8,-1,8,12,10,-1,18,19,14,-1,14,19,20,-1,14,20,0,-1,0,20,21,-1,0,21,22,-1,22,23,0,-1,0,23,17,-1,0,17,1,-1,1,17,6,-1,1,6,4,-1,16,17,24,-1,24,17,25,-1,18,16,26,-1,26,16,24,-1,18,26,27,-1,18,27,19,-1,19,27,28,-1,19,28,20,-1,21,20,29,-1,29,20,28,-1,21,29,30,-1,21,30,22,-1,22,30,31,-1,22,31,23,-1,17,23,25,-1,25,23,31,-1,32,33,34,-1,34,33,35,-1,33,36,35,-1,35,36,37,-1,36,38,37,-1,37,38,39,-1,40,41,42,-1,40,42,43,-1,43,42,44,-1,43,44,45,-1,45,44,46,-1,45,46,47,-1,47,46,48,-1,47,48,49,-1,49,48,50,-1,49,50,51,-1,51,50,52,-1,51,52,53,-1,53,52,54,-1,53,54,55,-1,55,54,39,-1,55,39,38,-1,32,34,56,-1,32,56,57,-1,57,56,58,-1,57,58,59,-1,59,58,60,-1,59,60,61,-1,61,60,62,-1,61,62,63,-1,63,62,64,-1,63,64,65,-1,65,64,66,-1,65,66,67,-1,67,66,41,-1,67,41,40,-1,45,47,68,-1,68,47,49,-1,68,49,69,-1,69,49,51,-1,69,51,70,-1,70,51,53,-1,70,53,71,-1,71,53,55,-1,71,55,72,-1,72,55,38,-1,72,38,73,-1,73,38,36,-1,73,36,74,-1,74,36,33,-1,74,33,75,-1,75,33,32,-1,75,32,76,-1,76,32,57,-1,76,57,77,-1,77,57,59,-1,77,59,78,-1,78,59,61,-1,78,61,79,-1,79,61,63,-1,79,63,80,-1,80,63,65,-1,80,65,81,-1,81,65,67,-1,81,67,82,-1,82,67,40,-1,82,40,83,-1,83,40,43,-1,83,43,84,-1,84,43,45,-1,84,45,68,-1,72,73,85,-1,85,73,86,-1,72,85,87,-1,72,87,71,-1,71,87,88,-1,71,88,70,-1,70,88,89,-1,70,89,69,-1,69,89,90,-1,69,90,68,-1,68,90,91,-1,68,91,84,-1,84,91,92,-1,84,92,83,-1,83,92,93,-1,83,93,82,-1,82,93,94,-1,82,94,81,-1,81,94,95,-1,81,95,80,-1,80,95,96,-1,80,96,79,-1,79,96,97,-1,79,97,78,-1,78,97,98,-1,78,98,77,-1,77,98,99,-1,77,99,76,-1,76,99,100,-1,76,100,75,-1,74,75,101,-1,101,75,100,-1,73,74,86,-1,86,74,101,-1,102,103,104,-1,104,103,105,-1,103,106,105,-1,105,106,107,-1,106,108,107,-1,107,108,109,-1,108,110,109,-1,109,110,111,-1,110,112,111,-1,111,112,113,-1,112,114,113,-1,113,114,115,-1,114,116,115,-1,115,116,117,-1,116,118,117,-1,117,118,119,-1,118,120,119,-1,119,120,121,-1,120,122,121,-1,121,122,123,-1,122,124,123,-1,123,124,125,-1,124,102,125,-1,125,102,104,-1,106,103,102,-1,102,124,106,-1,106,124,122,-1,106,122,108,-1,112,110,114,-1,114,110,108,-1,114,108,116,-1,116,108,122,-1,116,122,118,-1,118,122,120,-1,126,127,128,-1,128,127,129,-1,129,127,130,-1,131,132,133,-1,131,133,134,-1,134,133,135,-1,134,135,130,-1,130,135,136,-1,130,136,129,-1,137,138,139,-1,137,139,140,-1,140,139,141,-1,140,141,142,-1,142,141,143,-1,142,143,144,-1,144,143,145,-1,144,145,146,-1,146,145,147,-1,146,147,148,-1,148,147,149,-1,148,149,150,-1,150,149,131,-1,131,149,151,-1,131,151,132,-1,152,153,154,-1,152,154,155,-1,155,154,156,-1,155,156,157,-1,157,156,158,-1,157,158,159,-1,159,158,160,-1,159,160,161,-1,161,160,162,-1,161,162,163,-1,163,162,164,-1,163,164,165,-1,165,164,138,-1,165,138,137,-1,166,167,168,-1,166,168,169,-1,169,168,153,-1,169,153,152,-1,166,170,167,-1,167,170,171,-1,172,173,174,-1,172,174,175,-1,175,174,171,-1,175,171,170,-1,176,177,178,-1,176,178,179,-1,179,178,180,-1,179,180,181,-1,181,180,182,-1,181,182,183,-1,183,182,184,-1,183,184,185,-1,185,184,186,-1,185,186,187,-1,187,186,188,-1,187,188,189,-1,189,188,173,-1,189,173,172,-1,190,191,192,-1,190,192,193,-1,193,192,194,-1,193,194,195,-1,195,194,196,-1,195,196,197,-1,197,196,198,-1,197,198,199,-1,199,198,200,-1,199,200,201,-1,201,200,202,-1,201,202,203,-1,203,202,177,-1,203,177,176,-1,126,128,204,-1,126,204,205,-1,205,204,206,-1,205,206,207,-1,207,206,191,-1,207,191,190,-1,193,131,190,-1,190,131,134,-1,190,134,207,-1,207,134,130,-1,207,130,205,-1,205,130,127,-1,205,127,126,-1,170,166,175,-1,175,166,169,-1,175,169,172,-1,172,169,152,-1,172,152,189,-1,189,152,155,-1,189,155,187,-1,187,155,157,-1,187,157,185,-1,185,157,159,-1,185,159,183,-1,183,159,161,-1,183,161,181,-1,181,161,163,-1,181,163,179,-1,179,163,165,-1,179,165,176,-1,176,165,137,-1,176,137,203,-1,203,137,140,-1,203,140,201,-1,201,140,142,-1,201,142,199,-1,199,142,144,-1,199,144,197,-1,197,144,146,-1,197,146,195,-1,195,146,148,-1,195,148,193,-1,193,148,150,-1,193,150,131,-1,208,209,210,-1,210,209,211,-1,209,212,211,-1,211,212,213,-1,212,214,213,-1,213,214,215,-1,214,216,215,-1,215,216,217,-1,216,218,217,-1,217,218,219,-1,218,208,219,-1,219,208,210,-1,216,214,218,-1,218,214,212,-1,218,212,208,-1,208,212,209,-1,
        ]
    }
}
Shape{
    appearance Appearance {
        material  Material {
            diffuseColor 0.6470588235294118 0.6470588235294118 0.6470588235294118
            specularColor 0.3215686274509804 0.3215686274509804 0.3215686274509804
            ambientIntensity 0.6471
            transparency 0.0
            shininess 0.5
        }
    }
    geometry IndexedFaceSet {
        ccw TRUE
        solid FALSE
        coord DEF co Coordinate {
            point [
                -0.1723 -0.001 0.0394, -0.2118 -0.001 0.0394, -0.1899 0.0484 0.0394, -0.194 0.0484 0.0394, -0.191 0.0525 0.0394, -0.1929 0.0525 0.0394, -0.1918 0.0566 0.0394, -0.1922 0.0566 0.0394, -0.0519 0.0581 0.0394, -0.0519 -0.0341 0.0394, -0.0693 0.0581 0.0394, -0.0686 -0.0341 0.0394, -0.0811 -0.0329 0.0394, -0.1152 0.0131 0.0394, -0.1142 0.0249 0.0394, -0.1115 0.0342 0.0394, -0.0833 0.0566 0.0394, -0.091 -0.0298 0.0394, -0.0991 -0.025 0.0394, -0.1057 -0.0185 0.0394, -0.1107 -0.0104 0.0394, -0.1141 0.0007 0.0394, -0.1074 0.0415 0.0394, -0.1016 0.0476 0.0394, -0.093 0.0532 0.0394
            ]
        }
        coordIndex [
            0,1,2,-1,2,1,3,-1,2,3,4,-1,4,3,5,-1,4,5,6,-1,6,5,7,-1,8,9,10,-1,10,9,11,-1,10,11,12,-1,13,14,10,-1,10,14,15,-1,10,15,16,-1,12,17,10,-1,10,17,18,-1,10,18,19,-1,19,20,10,-1,10,20,21,-1,10,21,13,-1,22,23,15,-1,15,23,24,-1,15,24,16,-1,
        ]
    }
}
Shape{
    appearance Appearance {
        material  Material {
            diffuseColor 0.8549019607843137 0.8549019607843137 0.8549019607843137
            specularColor 0.42745098039215684 0.42745098039215684 0.42745098039215684
            ambientIntensity 0.8549
            transparency 0.0
            shininess 0.5
        }
    }
    geometry IndexedFaceSet {
        ccw TRUE
        solid FALSE
        coord DEF co Coordinate {
            point [
                1.048 0.4331 0.6368, 1.0236 0.4331 0.5906, 1.0369 0.4331 0.6491, 1.0236 0.4331 0.6587, 1.0562 0.4331 0.6226, 1.0613 0.4331 0.6069, 1.063 0.4331 0.5906, 1.0236 -0.1181 0.6587, 1.0236 -0.2463 0.6587, 1.0369 -0.1177 0.6491, 1.0236 -0.264 0.6587, 1.0236 -0.2855 0.6587, 1.0236 -0.3165 0.6587, 1.0369 -0.4331 0.6491, 1.0236 -0.3296 0.6587, 1.0236 -0.3552 0.6587, 1.0236 -0.4026 0.6587, 1.0236 -0.406 0.6587, 1.0236 -0.4331 0.6587, 1.048 -0.4331 0.6368, 1.048 -0.1161 0.6368, 1.0505 -0.1149 0.6324, 1.0562 -0.4331 0.6226, 1.0562 -0.1125 0.6226, 1.0613 -0.4331 0.6069, 1.0613 -0.1062 0.6069, 1.0614 -0.1052 0.6053, 1.063 -0.4331 0.5906, 1.063 -0.0965 0.5906, 1.0236 -0.4331 0.5906, 1.063 0.4331 0.0787, 1.0236 0.4331 0.0787, 1.063 -0.4331 0.0787, 1.0236 -0.4331 0.0787, 0.5906 0.4331 0.0, 0.5906 -0.4331 0.0, 0.5906 0.4331 0.0787, 0.5906 -0.4331 0.0787, 1.063 0.0964 0.5906, 1.063 0.0892 0.5813, 1.063 0.0678 0.562, 1.063 -0.0892 0.5813, 1.063 -0.0678 0.562, 1.063 -0.0424 0.5485, 1.063 0.0423 0.5485, 1.063 0.0144 0.5415, 1.063 -0.0144 0.5415, 0.9843 0.4331 0.0, 0.9843 0.4331 0.0787, 1.0046 0.4331 0.0027, 1.0236 0.4331 0.0105, 1.0603 0.4331 0.0584, 1.0524 0.4331 0.0394, 1.0399 0.4331 0.0231, 0.9843 -0.4331 0.0, 1.0046 -0.4331 0.0027, 1.0236 -0.4331 0.0105, 1.0399 -0.4331 0.0231, 1.0524 -0.4331 0.0394, 1.0603 -0.4331 0.0584, 0.9843 -0.4331 0.0787, 1.0236 -0.1053 0.6052, 1.0236 -0.1151 0.6323, 1.0505 0.1149 0.6324, 1.048 0.116 0.6368, 1.0236 0.1151 0.6323, 1.0369 0.1177 0.6491, 1.0236 0.1181 0.6587, 1.0562 0.1124 0.6226, 1.0236 0.1053 0.6052, 1.0613 0.1061 0.6069, 1.0236 0.0892 0.5813, 1.0614 0.1052 0.6053, 1.0236 -0.0892 0.5813, 1.0236 -0.0678 0.562, 1.0236 -0.0424 0.5485, 1.0236 -0.0144 0.5415, 1.0236 0.0144 0.5415, 1.0236 0.0423 0.5485, 1.0236 0.0678 0.562, -1.063 0.4331 0.5906, -1.0613 0.4331 0.6069, -1.0236 0.4331 0.5906, -1.0562 0.4331 0.6226, -1.048 0.4331 0.6368, -1.0369 0.4331 0.6491, -1.0236 0.4331 0.6587, -1.048 -0.4331 0.6368, -1.0236 -0.4331 0.5906, -1.0369 -0.4331 0.6491, -1.0236 -0.4331 0.6587, -1.0562 -0.4331 0.6226, -1.0613 -0.4331 0.6069, -1.063 -0.4331 0.5906, -1.063 0.4331 0.0787, -1.0236 0.4331 0.0787, -1.063 -0.4331 0.0787, -1.0236 -0.4331 0.0787, -0.5906 -0.4331 0.0, -0.5906 0.4331 0.0, -0.5906 -0.4331 0.0787, -0.5906 0.4331 0.0787, -1.063 -0.0678 0.562, -1.063 -0.0424 0.5485, -1.063 -0.0144 0.5415, -1.063 0.0144 0.5415, -1.063 0.0423 0.5485, -1.063 -0.0965 0.5906, -1.063 -0.0892 0.5813, -1.063 0.0964 0.5906, -1.063 0.0892 0.5813, -1.063 0.0678 0.562, -0.9843 0.4331 0.0, -0.9843 -0.4331 0.0, -1.0046 -0.4331 0.0027, -1.0046 0.4331 0.0027, -1.0236 -0.4331 0.0105, -1.0236 0.4331 0.0105, -1.0399 -0.4331 0.0231, -1.0399 0.4331 0.0231, -1.0524 -0.4331 0.0394, -1.0524 0.4331 0.0394, -1.0603 -0.4331 0.0584, -1.0603 0.4331 0.0584, -0.9843 0.4331 0.0787, -0.9843 -0.4331 0.0787, -1.0613 0.1061 0.6069, -1.0236 0.1053 0.6052, -1.0562 0.1124 0.6226, -1.0236 0.1151 0.6323, -1.0236 0.1181 0.6587, -1.0369 0.1177 0.6491, -1.048 0.116 0.6368, -1.0505 0.1149 0.6324, -1.0505 -0.1149 0.6324, -1.048 -0.1161 0.6368, -1.0236 -0.1151 0.6323, -1.0369 -0.1177 0.6491, -1.0236 -0.1181 0.6587, -1.0562 -0.1125 0.6226, -1.0236 -0.1053 0.6052, -1.0613 -0.1062 0.6069, -1.0236 -0.0892 0.5813, -1.0614 -0.1052 0.6053, -1.0614 0.1052 0.6053, -1.0236 0.0892 0.5813, -1.0236 0.0678 0.562, -1.0236 0.0423 0.5485, -1.0236 0.0144 0.5415, -1.0236 -0.0144 0.5415, -1.0236 -0.0424 0.5485, -1.0236 -0.0678 0.562
            ]
        }
        coordIndex [
            0,1,2,-1,2,1,3,-1,0,4,1,-1,1,4,5,-1,1,5,6,-1,7,8,9,-1,9,8,10,-1,9,10,11,-1,11,12,13,-1,13,12,14,-1,13,14,15,-1,15,16,13,-1,13,16,17,-1,13,17,18,-1,11,13,9,-1,9,13,19,-1,9,19,20,-1,20,19,21,-1,21,19,22,-1,21,22,23,-1,23,22,24,-1,23,24,25,-1,25,24,26,-1,26,24,27,-1,26,27,28,-1,27,24,29,-1,29,24,22,-1,22,19,29,-1,29,19,13,-1,29,13,18,-1,6,30,1,-1,1,30,31,-1,32,27,33,-1,33,27,29,-1,34,35,36,-1,36,35,37,-1,6,38,30,-1,30,38,39,-1,30,39,40,-1,28,27,41,-1,41,27,32,-1,41,32,42,-1,42,32,43,-1,40,44,30,-1,30,44,45,-1,30,45,32,-1,32,45,46,-1,32,46,43,-1,47,48,49,-1,49,48,31,-1,49,31,50,-1,31,30,51,-1,51,52,31,-1,31,52,53,-1,31,53,50,-1,54,47,49,-1,54,49,55,-1,55,49,50,-1,55,50,56,-1,56,50,53,-1,56,53,57,-1,57,53,52,-1,57,52,58,-1,58,52,51,-1,58,51,59,-1,59,51,30,-1,59,30,32,-1,33,56,57,-1,56,33,55,-1,55,33,60,-1,55,60,54,-1,57,58,33,-1,33,58,59,-1,33,59,32,-1,36,48,34,-1,34,48,47,-1,34,47,35,-1,35,47,54,-1,54,60,35,-1,35,60,37,-1,25,61,23,-1,23,61,62,-1,62,7,9,-1,9,20,62,-1,62,20,21,-1,62,21,23,-1,63,64,65,-1,65,64,66,-1,65,66,67,-1,63,65,68,-1,68,65,69,-1,68,69,70,-1,71,38,69,-1,69,38,72,-1,69,72,70,-1,25,26,61,-1,61,26,28,-1,61,28,73,-1,73,28,41,-1,73,41,74,-1,74,41,42,-1,74,42,75,-1,75,42,43,-1,75,43,76,-1,76,43,46,-1,76,46,77,-1,77,46,45,-1,77,45,78,-1,78,45,44,-1,78,44,79,-1,79,44,40,-1,79,40,71,-1,71,40,39,-1,71,39,38,-1,80,81,82,-1,82,81,83,-1,83,84,82,-1,82,84,85,-1,82,85,86,-1,87,88,89,-1,89,88,90,-1,87,91,88,-1,88,91,92,-1,88,92,93,-1,94,80,95,-1,95,80,82,-1,93,96,88,-1,88,96,97,-1,98,99,100,-1,100,99,101,-1,102,103,96,-1,96,103,104,-1,96,104,94,-1,94,104,105,-1,94,105,106,-1,93,107,96,-1,96,107,108,-1,96,108,102,-1,109,80,110,-1,110,80,94,-1,110,94,111,-1,111,94,106,-1,112,113,114,-1,112,114,115,-1,115,114,116,-1,115,116,117,-1,117,116,118,-1,117,118,119,-1,119,118,120,-1,119,120,121,-1,121,120,122,-1,121,122,123,-1,123,122,96,-1,123,96,94,-1,95,117,119,-1,119,121,95,-1,95,121,123,-1,95,123,94,-1,117,95,115,-1,115,95,124,-1,115,124,112,-1,113,125,114,-1,114,125,97,-1,120,97,122,-1,122,97,96,-1,120,118,97,-1,97,118,116,-1,97,116,114,-1,98,113,99,-1,99,113,112,-1,99,112,101,-1,101,112,124,-1,125,113,100,-1,100,113,98,-1,126,127,128,-1,128,127,129,-1,129,130,131,-1,131,132,129,-1,129,132,133,-1,129,133,128,-1,134,135,136,-1,136,135,137,-1,136,137,138,-1,134,136,139,-1,139,136,140,-1,139,140,141,-1,142,107,140,-1,140,107,143,-1,140,143,141,-1,126,144,127,-1,127,144,109,-1,127,109,145,-1,145,109,110,-1,145,110,146,-1,146,110,111,-1,146,111,147,-1,147,111,106,-1,147,106,148,-1,148,106,105,-1,148,105,149,-1,149,105,104,-1,149,104,150,-1,150,104,103,-1,150,103,151,-1,151,103,102,-1,151,102,142,-1,142,102,108,-1,142,108,107,-1,
        ]
    }
}
Shape{
    appearance Appearance {
        material  Material {
            diffuseColor 0.0 0.0 0.0
            specularColor 0.0 0.0 0.0
            ambientIntensity 0.0
            transparency 0.0
            shininess 0.5
        }
    }
    geometry IndexedFaceSet {
        ccw TRUE
        solid FALSE
        coord DEF co Coordinate {
            point [
                -0.0502 1.0236 0.5953, -0.0502 1.0236 0.5862, -0.0502 1.0236 0.5953, -0.0502 1.0236 0.5862, -0.0183 1.0236 0.5955, -0.0183 1.0236 0.5955, -0.0189 1.0236 0.6665, -0.0189 1.0236 0.6665, -0.0188 1.0236 0.6661, -0.0085 1.0236 0.6666, -0.0085 1.0236 0.6666, -0.0079 1.0236 0.5865, -0.0079 1.0236 0.5865, -0.0085 1.0236 0.6661, -0.1134 1.0236 0.5891, -0.1134 1.0236 0.5891, -0.112 1.0236 0.5884, -0.0912 1.0236 0.5845, -0.0912 1.0236 0.5845, -0.0937 1.0236 0.5848, -0.1034 1.0236 0.5856, -0.1034 1.0236 0.5856, -0.1099 1.0236 0.5877, -0.112 1.0236 0.5884, -0.1135 1.0236 0.599, -0.1135 1.0236 0.599, -0.1099 1.0236 0.5974, -0.1056 1.0236 0.5955, -0.1056 1.0236 0.5955, -0.0966 1.0236 0.5939, -0.0966 1.0236 0.5939, -0.0928 1.0236 0.5937, -0.0928 1.0236 0.5937, -0.0847 1.0236 0.5948, -0.0847 1.0236 0.5948, -0.079 1.0236 0.597, -0.079 1.0236 0.597, -0.0738 1.0236 0.6008, -0.0738 1.0236 0.6008, -0.0723 1.0236 0.6023, -0.0723 1.0236 0.6023, -0.0684 1.0236 0.6078, -0.0684 1.0236 0.6078, -0.0659 1.0236 0.6142, -0.0659 1.0236 0.6142, -0.0646 1.0236 0.6223, -0.0646 1.0236 0.6223, -0.0646 1.0236 0.6252, -0.0646 1.0236 0.6252, -0.0657 1.0236 0.6353, -0.0657 1.0236 0.6353, -0.0684 1.0236 0.6424, -0.0684 1.0236 0.6424, -0.0721 1.0236 0.6481, -0.0721 1.0236 0.6481, -0.0732 1.0236 0.6492, -0.0732 1.0236 0.6492, -0.0786 1.0236 0.6537, -0.0786 1.0236 0.6537, -0.085 1.0236 0.6566, -0.085 1.0236 0.6566, -0.0919 1.0236 0.6579, -0.0919 1.0236 0.6579, -0.095 1.0236 0.658, -0.095 1.0236 0.658, -0.1139 1.0236 0.6531, -0.1139 1.0236 0.6531, -0.113 1.0236 0.6536, -0.1049 1.0236 0.6567, -0.1049 1.0236 0.6567, -0.1099 1.0236 0.6547, -0.113 1.0236 0.6536, -0.1139 1.0236 0.6639, -0.1139 1.0236 0.6639, -0.1064 1.0236 0.6661, -0.1056 1.0236 0.6664, -0.1099 1.0236 0.6651, -0.1056 1.0236 0.6664, -0.0952 1.0236 0.6673, -0.0952 1.0236 0.6673, -0.095 1.0236 0.6673, -0.095 1.0236 0.6673, -0.0833 1.0236 0.6659, -0.0849 1.0236 0.6661, -0.0833 1.0236 0.6659, -0.0749 1.0236 0.6627, -0.0749 1.0236 0.6627, -0.0674 1.0236 0.6575, -0.0674 1.0236 0.6575, -0.0655 1.0236 0.6557, -0.0655 1.0236 0.6557, -0.0596 1.0236 0.6482, -0.0596 1.0236 0.6482, -0.0567 1.0236 0.6415, -0.0558 1.0236 0.6393, -0.0558 1.0236 0.6393, -0.0539 1.0236 0.6289, -0.0539 1.0236 0.6289, -0.0537 1.0236 0.6247, -0.0537 1.0236 0.6247, -0.0549 1.0236 0.6127, -0.0549 1.0236 0.6127, -0.0567 1.0236 0.6076, -0.058 1.0236 0.6041, -0.058 1.0236 0.6041, -0.0625 1.0236 0.5971, -0.0625 1.0236 0.5971, -0.0638 1.0236 0.5957, -0.0638 1.0236 0.5957, -0.0872 1.0236 0.5848, -0.0864 1.0236 0.5848, -0.0864 1.0236 0.5848, -0.0777 1.0236 0.5867, -0.0777 1.0236 0.5867, -0.0702 1.0236 0.5903, -0.0702 1.0236 0.5903, -0.1725 1.0236 0.5944, -0.1725 1.0236 0.5853, -0.1725 1.0236 0.5944, -0.1725 1.0236 0.5853, -0.1398 1.0236 0.5947, -0.1398 1.0236 0.5947, -0.1607 1.0236 0.5945, -0.14 1.0236 0.6216, -0.14 1.0236 0.6216, -0.1686 1.0236 0.6214, -0.1686 1.0236 0.6214, -0.1607 1.0236 0.6215, -0.1687 1.0236 0.6306, -0.1687 1.0236 0.6306, -0.1401 1.0236 0.6308, -0.1401 1.0236 0.6308, -0.1607 1.0236 0.6306, -0.1403 1.0236 0.6564, -0.1403 1.0236 0.6564, -0.1712 1.0236 0.6562, -0.1712 1.0236 0.6562, -0.1607 1.0236 0.6563, -0.1712 1.0236 0.6654, -0.1712 1.0236 0.6654, -0.13 1.0236 0.6657, -0.13 1.0236 0.6657, -0.1607 1.0236 0.6655, -0.1294 1.0236 0.5856, -0.1294 1.0236 0.5856, -0.1607 1.0236 0.5854, -0.2375 1.0236 0.6073, -0.2335 1.0236 0.6024, -0.2408 1.0236 0.5961, -0.232 1.0236 0.601, -0.2325 1.0236 0.5902, -0.2267 1.0236 0.5976, -0.2234 1.0236 0.5867, -0.2198 1.0236 0.5952, -0.2096 1.0236 0.5851, -0.2096 1.0236 0.5942, -0.1876 1.0236 0.5852, -0.198 1.0236 0.5943, -0.1882 1.0236 0.6653, -0.1984 1.0236 0.656, -0.211 1.0236 0.6651, -0.2105 1.0236 0.6559, -0.2232 1.0236 0.6637, -0.2208 1.0236 0.6547, -0.2329 1.0236 0.6601, -0.2278 1.0236 0.6521, -0.2412 1.0236 0.6543, -0.2336 1.0236 0.6482, -0.2439 1.0236 0.6516, -0.2362 1.0236 0.6455, -0.2489 1.0236 0.6446, -0.2392 1.0236 0.6409, -0.2518 1.0236 0.637, -0.2413 1.0236 0.6348, -0.2531 1.0236 0.6258, -0.2422 1.0236 0.6256, -0.2528 1.0236 0.6207, -0.2419 1.0236 0.6205, -0.2508 1.0236 0.6114, -0.2403 1.0236 0.6132, -0.2468 1.0236 0.6031, -0.2096 1.0236 0.5851, -0.1876 1.0236 0.5852, -0.2234 1.0236 0.5867, -0.2325 1.0236 0.5902, -0.2408 1.0236 0.5961, -0.2468 1.0236 0.6031, -0.2508 1.0236 0.6114, -0.2528 1.0236 0.6207, -0.2531 1.0236 0.6258, -0.2518 1.0236 0.637, -0.2489 1.0236 0.6446, -0.2439 1.0236 0.6516, -0.2412 1.0236 0.6543, -0.2329 1.0236 0.6601, -0.2232 1.0236 0.6637, -0.211 1.0236 0.6651, -0.1882 1.0236 0.6653, -0.2105 1.0236 0.6559, -0.1984 1.0236 0.656, -0.198 1.0236 0.5943, -0.2096 1.0236 0.5942, -0.2335 1.0236 0.6024, -0.232 1.0236 0.601, -0.2267 1.0236 0.5976, -0.2198 1.0236 0.5952, -0.2422 1.0236 0.6256, -0.2419 1.0236 0.6205, -0.2403 1.0236 0.6132, -0.2375 1.0236 0.6073, -0.2336 1.0236 0.6482, -0.2362 1.0236 0.6455, -0.2392 1.0236 0.6409, -0.2413 1.0236 0.6348, -0.2208 1.0236 0.6547, -0.2278 1.0236 0.6521
            ]
        }
        coordIndex [
            0,1,2,-1,2,1,3,-1,4,0,5,-1,5,0,2,-1,6,7,8,-1,8,7,4,-1,8,4,5,-1,9,7,10,-1,10,7,6,-1,11,12,13,-1,13,12,9,-1,13,9,10,-1,1,12,3,-1,3,12,11,-1,7,9,4,-1,4,9,12,-1,4,12,0,-1,0,12,1,-1,14,15,16,-1,17,18,19,-1,17,19,20,-1,19,21,20,-1,20,21,22,-1,20,22,16,-1,16,22,23,-1,16,23,14,-1,24,15,25,-1,25,15,14,-1,24,25,26,-1,24,26,27,-1,26,28,27,-1,27,28,29,-1,27,29,30,-1,30,29,31,-1,30,31,32,-1,32,31,33,-1,32,33,34,-1,34,33,35,-1,34,35,36,-1,36,35,37,-1,36,37,38,-1,38,37,39,-1,38,39,40,-1,40,39,41,-1,40,41,42,-1,42,41,43,-1,42,43,44,-1,44,43,45,-1,44,45,46,-1,46,45,47,-1,46,47,48,-1,48,47,49,-1,48,49,50,-1,50,49,51,-1,50,51,52,-1,52,51,53,-1,52,53,54,-1,54,53,55,-1,54,55,56,-1,56,55,57,-1,56,57,58,-1,58,57,59,-1,58,59,60,-1,60,59,61,-1,60,61,62,-1,62,61,63,-1,62,63,64,-1,65,66,67,-1,64,63,68,-1,64,68,69,-1,69,68,70,-1,69,70,67,-1,67,70,71,-1,67,71,65,-1,72,66,73,-1,73,66,65,-1,74,75,76,-1,76,75,72,-1,76,72,73,-1,74,77,75,-1,75,77,78,-1,75,78,79,-1,79,78,80,-1,79,80,81,-1,82,81,83,-1,83,81,80,-1,83,84,82,-1,82,84,85,-1,82,85,86,-1,86,85,87,-1,86,87,88,-1,88,87,89,-1,88,89,90,-1,90,89,91,-1,90,91,92,-1,92,91,93,-1,92,93,94,-1,93,95,94,-1,94,95,96,-1,94,96,97,-1,97,96,98,-1,97,98,99,-1,99,98,100,-1,99,100,101,-1,101,100,102,-1,101,102,103,-1,102,104,103,-1,103,104,105,-1,103,105,106,-1,106,105,107,-1,106,107,108,-1,18,17,109,-1,109,17,110,-1,109,110,111,-1,111,110,112,-1,111,112,113,-1,113,112,114,-1,113,114,115,-1,115,114,108,-1,115,108,107,-1,67,66,72,-1,50,52,92,-1,67,72,69,-1,69,72,75,-1,69,75,64,-1,64,75,79,-1,64,79,62,-1,62,79,81,-1,62,81,60,-1,60,81,82,-1,60,82,58,-1,15,24,16,-1,16,24,27,-1,16,27,20,-1,20,27,30,-1,20,30,17,-1,17,30,32,-1,17,32,110,-1,110,32,34,-1,110,34,112,-1,112,34,36,-1,112,36,114,-1,114,36,38,-1,114,38,108,-1,108,38,40,-1,108,40,106,-1,106,40,42,-1,106,42,103,-1,92,52,90,-1,82,86,58,-1,58,86,88,-1,58,88,56,-1,56,88,90,-1,56,90,54,-1,54,90,52,-1,99,48,97,-1,97,48,50,-1,97,50,94,-1,94,50,92,-1,103,42,101,-1,101,42,44,-1,101,44,99,-1,99,44,46,-1,99,46,48,-1,116,117,118,-1,118,117,119,-1,120,121,122,-1,122,121,116,-1,122,116,118,-1,123,121,124,-1,124,121,120,-1,125,126,127,-1,127,126,123,-1,127,123,124,-1,128,126,129,-1,129,126,125,-1,130,131,132,-1,132,131,128,-1,132,128,129,-1,133,131,134,-1,134,131,130,-1,135,136,137,-1,137,136,133,-1,137,133,134,-1,138,136,139,-1,139,136,135,-1,140,141,142,-1,142,141,138,-1,142,138,139,-1,143,141,144,-1,144,141,140,-1,119,117,145,-1,145,117,143,-1,145,143,144,-1,143,117,116,-1,116,121,143,-1,143,121,123,-1,143,123,141,-1,136,138,133,-1,133,138,141,-1,133,141,131,-1,131,141,123,-1,131,123,128,-1,128,123,126,-1,146,147,148,-1,148,147,149,-1,148,149,150,-1,150,149,151,-1,150,151,152,-1,152,151,153,-1,152,153,154,-1,154,153,155,-1,154,155,156,-1,156,155,157,-1,156,157,158,-1,158,157,159,-1,158,159,160,-1,160,159,161,-1,160,161,162,-1,162,161,163,-1,162,163,164,-1,164,163,165,-1,164,165,166,-1,166,165,167,-1,166,167,168,-1,168,167,169,-1,168,169,170,-1,170,169,171,-1,170,171,172,-1,172,171,173,-1,172,173,174,-1,174,173,175,-1,174,175,176,-1,176,175,177,-1,176,177,178,-1,178,177,179,-1,178,179,180,-1,180,179,146,-1,180,146,148,-1,154,156,181,-1,181,156,182,-1,154,181,183,-1,154,183,152,-1,152,183,184,-1,152,184,150,-1,150,184,185,-1,150,185,148,-1,148,185,186,-1,148,186,180,-1,180,186,187,-1,180,187,178,-1,178,187,188,-1,178,188,176,-1,176,188,189,-1,176,189,174,-1,174,189,190,-1,174,190,172,-1,172,190,191,-1,172,191,170,-1,170,191,192,-1,170,192,168,-1,168,192,193,-1,168,193,166,-1,166,193,194,-1,166,194,164,-1,164,194,195,-1,164,195,162,-1,162,195,196,-1,162,196,160,-1,158,160,197,-1,197,160,196,-1,156,158,182,-1,182,158,197,-1,161,159,198,-1,198,159,199,-1,159,157,199,-1,199,157,200,-1,157,155,200,-1,200,155,201,-1,147,202,203,-1,147,203,149,-1,149,203,204,-1,149,204,151,-1,151,204,205,-1,151,205,153,-1,153,205,201,-1,153,201,155,-1,175,206,207,-1,175,207,177,-1,177,207,208,-1,177,208,179,-1,179,208,209,-1,179,209,146,-1,146,209,202,-1,146,202,147,-1,167,210,211,-1,167,211,169,-1,169,211,212,-1,169,212,171,-1,171,212,213,-1,171,213,173,-1,173,213,206,-1,173,206,175,-1,161,198,214,-1,161,214,163,-1,163,214,215,-1,163,215,165,-1,165,215,210,-1,165,210,167,-1,
        ]
    }
}
Shape{
    appearance Appearance {
        material  Material {
            diffuseColor 0.6470588235294118 0.6470588235294118 0.6470588235294118
            specularColor 0.3215686274509804 0.3215686274509804 0.3215686274509804
            ambientIntensity 0.6471
            transparency 0.0
            shininess 0.5
        }
    }
    geometry IndexedFaceSet {
        ccw TRUE
        solid FALSE
        coord DEF co Coordinate {
            point [
                -0.1984 1.0236 0.656, -0.198 1.0236 0.5943, -0.2105 1.0236 0.6559, -0.2096 1.0236 0.5942, -0.2198 1.0236 0.5952, -0.2267 1.0236 0.5976, -0.232 1.0236 0.601, -0.2335 1.0236 0.6024, -0.2375 1.0236 0.6073, -0.2403 1.0236 0.6132, -0.2419 1.0236 0.6205, -0.2422 1.0236 0.6256, -0.2413 1.0236 0.6348, -0.2392 1.0236 0.6409, -0.2362 1.0236 0.6455, -0.2336 1.0236 0.6482, -0.2208 1.0236 0.6547, -0.2278 1.0236 0.6521
            ]
        }
        coordIndex [
            0,1,2,-1,2,1,3,-1,2,3,4,-1,4,5,2,-1,2,5,6,-1,2,6,7,-1,7,8,2,-1,2,8,9,-1,2,9,10,-1,10,11,2,-1,2,11,12,-1,2,12,13,-1,13,14,2,-1,2,14,15,-1,2,15,16,-1,16,15,17,-1,
        ]
    }
}
Shape{
    appearance Appearance {
        material  Material {
            diffuseColor 0.0 0.0 0.0
            specularColor 0.0 0.0 0.0
            ambientIntensity 0.0
            transparency 0.0
            shininess 0.5
        }
    }
    geometry IndexedFaceSet {
        ccw TRUE
        solid FALSE
        coord DEF co Coordinate {
            point [
                -0.2798 1.0236 0.6155, -0.2921 1.0236 0.6487, -0.2883 1.0236 0.6646, -0.2572 1.0236 0.5847, -0.2687 1.0236 0.5846, -0.2765 1.0236 0.6065, -0.2928 1.0236 0.6511, -0.2934 1.0236 0.6543, -0.2994 1.0236 0.6645, -0.2937 1.0236 0.6543, -0.2943 1.0236 0.6509, -0.2949 1.0236 0.6487, -0.3067 1.0236 0.6153, -0.3293 1.0236 0.5842, -0.3179 1.0236 0.5843, -0.3099 1.0236 0.6062, -0.2994 1.0236 0.6645, -0.3291 1.0236 0.5848, -0.3293 1.0236 0.5842, -0.2883 1.0236 0.6646, -0.2573 1.0236 0.5848, -0.2572 1.0236 0.5847, -0.2794 1.0236 0.6418, -0.2687 1.0236 0.5846, -0.2765 1.0236 0.6065, -0.2687 1.0236 0.5848, -0.3099 1.0236 0.6062, -0.2794 1.0236 0.6065, -0.3179 1.0236 0.5843, -0.3177 1.0236 0.5848, -0.2798 1.0236 0.6155, -0.3067 1.0236 0.6153, -0.2949 1.0236 0.6487, -0.2937 1.0236 0.6543, -0.2943 1.0236 0.6509, -0.2934 1.0236 0.6543, -0.2921 1.0236 0.6487, -0.2928 1.0236 0.6511
            ]
        }
        coordIndex [
            0,1,2,-1,3,4,5,-1,1,6,2,-1,2,6,7,-1,2,7,8,-1,8,7,9,-1,8,9,10,-1,10,11,8,-1,8,11,12,-1,8,12,13,-1,14,13,15,-1,15,13,12,-1,15,12,5,-1,5,12,0,-1,5,0,3,-1,3,0,2,-1,16,8,17,-1,17,8,13,-1,17,13,18,-1,2,8,19,-1,19,8,16,-1,20,21,3,-1,20,3,22,-1,22,3,2,-1,22,2,19,-1,4,3,23,-1,23,3,21,-1,24,5,25,-1,25,5,4,-1,25,4,23,-1,26,15,27,-1,27,15,5,-1,27,5,24,-1,28,14,29,-1,29,14,15,-1,29,15,26,-1,13,14,18,-1,18,14,28,-1,0,12,30,-1,30,12,31,-1,12,11,31,-1,31,11,32,-1,9,33,34,-1,9,34,10,-1,10,34,32,-1,10,32,11,-1,9,7,33,-1,33,7,35,-1,1,36,37,-1,1,37,6,-1,6,37,35,-1,6,35,7,-1,1,0,36,-1,36,0,30,-1,
        ]
    }
}
Shape{
    appearance Appearance {
        material  Material {
            diffuseColor 0.6470588235294118 0.6470588235294118 0.6470588235294118
            specularColor 0.3215686274509804 0.3215686274509804 0.3215686274509804
            ambientIntensity 0.6471
            transparency 0.0
            shininess 0.5
        }
    }
    geometry IndexedFaceSet {
        ccw TRUE
        solid FALSE
        coord DEF co Coordinate {
            point [
                -0.2937 1.0236 0.6543, -0.2934 1.0236 0.6543, -0.2943 1.0236 0.6509, -0.2928 1.0236 0.6511, -0.2949 1.0236 0.6487, -0.2921 1.0236 0.6487, -0.3067 1.0236 0.6153, -0.2798 1.0236 0.6155
            ]
        }
        coordIndex [
            0,1,2,-1,2,1,3,-1,2,3,4,-1,4,3,5,-1,4,5,6,-1,6,5,7,-1,
        ]
    }
}
Shape{
    appearance Appearance {
        material  Material {
            diffuseColor 0.0 0.0 0.0
            specularColor 0.0 0.0 0.0
            ambientIntensity 0.0
            transparency 0.0
            shininess 0.5
        }
    }
    geometry IndexedFaceSet {
        ccw TRUE
        solid FALSE
        coord DEF co Coordinate {
            point [
                -0.0502 1.0236 0.4683, -0.0501 1.0236 0.4592, -0.0502 1.0236 0.4683, -0.0501 1.0236 0.4592, -0.0174 1.0236 0.4685, -0.0174 1.0236 0.4685, -0.0176 1.0236 0.4955, -0.0176 1.0236 0.4955, -0.0463 1.0236 0.4953, -0.0463 1.0236 0.4953, -0.0463 1.0236 0.5044, -0.0463 1.0236 0.5044, -0.0177 1.0236 0.5046, -0.0177 1.0236 0.5046, -0.0179 1.0236 0.5303, -0.0179 1.0236 0.5303, -0.0488 1.0236 0.53, -0.0488 1.0236 0.53, -0.0488 1.0236 0.5372, -0.0489 1.0236 0.5392, -0.0489 1.0236 0.5387, -0.0489 1.0236 0.5392, -0.0076 1.0236 0.5395, -0.0076 1.0236 0.5395, -0.007 1.0236 0.4595, -0.007 1.0236 0.4595, -0.0076 1.0236 0.5372, -0.0076 1.0236 0.5387, -0.0824 1.0236 0.4858, -0.0958 1.0236 0.4875, -0.1059 1.0236 0.4956, -0.0956 1.0236 0.4588, -0.1057 1.0236 0.4588, -0.0957 1.0236 0.4677, -0.0959 1.0236 0.4952, -0.0741 1.0236 0.4834, -0.0765 1.0236 0.4845, -0.0954 1.0236 0.4677, -0.0903 1.0236 0.4693, -0.0936 1.0236 0.4651, -0.0875 1.0236 0.4674, -0.0958 1.0236 0.4821, -0.0951 1.0236 0.4771, -0.0937 1.0236 0.4735, -0.0914 1.0236 0.4704, -0.0709 1.0236 0.471, -0.0632 1.0236 0.4637, -0.072 1.0236 0.4693, -0.0646 1.0236 0.4622, -0.0729 1.0236 0.4685, -0.0677 1.0236 0.46, -0.0748 1.0236 0.4671, -0.0715 1.0236 0.4584, -0.0771 1.0236 0.4662, -0.0762 1.0236 0.4577, -0.0778 1.0236 0.4576, -0.0805 1.0236 0.4658, -0.0826 1.0236 0.4581, -0.0844 1.0236 0.4663, -0.0867 1.0236 0.4594, -0.0904 1.0236 0.4617, -0.0956 1.0236 0.4995, -0.1052 1.0236 0.5033, -0.0946 1.0236 0.5031, -0.1036 1.0236 0.5078, -0.0934 1.0236 0.5052, -0.1016 1.0236 0.5111, -0.0919 1.0236 0.5069, -0.0989 1.0236 0.5136, -0.0902 1.0236 0.508, -0.0956 1.0236 0.5155, -0.0879 1.0236 0.5089, -0.0913 1.0236 0.5168, -0.0844 1.0236 0.5093, -0.0854 1.0236 0.5174, -0.0789 1.0236 0.5088, -0.0751 1.0236 0.5162, -0.0726 1.0236 0.5068, -0.0677 1.0236 0.5134, -0.0656 1.0236 0.5025, -0.0657 1.0236 0.5122, -0.0701 1.0236 0.4767, -0.0599 1.0236 0.4756, -0.07 1.0236 0.4752, -0.0598 1.0236 0.4744, -0.0702 1.0236 0.4728, -0.0603 1.0236 0.4699, -0.0614 1.0236 0.4665, -0.0789 1.0236 0.4929, -0.0713 1.0236 0.4911, -0.0727 1.0236 0.4824, -0.067 1.0236 0.489, -0.0715 1.0236 0.4809, -0.0639 1.0236 0.4863, -0.0706 1.0236 0.479, -0.0619 1.0236 0.4835, -0.0605 1.0236 0.4799, -0.0854 1.0236 0.5174, -0.0751 1.0236 0.5162, -0.0677 1.0236 0.5134, -0.0657 1.0236 0.5122, -0.0656 1.0236 0.5025, -0.0726 1.0236 0.5068, -0.0789 1.0236 0.5088, -0.0844 1.0236 0.5093, -0.0879 1.0236 0.5089, -0.0902 1.0236 0.508, -0.0919 1.0236 0.5069, -0.0934 1.0236 0.5052, -0.0946 1.0236 0.5031, -0.0956 1.0236 0.4995, -0.0959 1.0236 0.4952, -0.0789 1.0236 0.4929, -0.0713 1.0236 0.4911, -0.067 1.0236 0.489, -0.0639 1.0236 0.4863, -0.0619 1.0236 0.4835, -0.0605 1.0236 0.4799, -0.0599 1.0236 0.4756, -0.0598 1.0236 0.4744, -0.0603 1.0236 0.4699, -0.0614 1.0236 0.4665, -0.0632 1.0236 0.4637, -0.0646 1.0236 0.4622, -0.0677 1.0236 0.46, -0.0715 1.0236 0.4584, -0.0762 1.0236 0.4577, -0.0778 1.0236 0.4576, -0.0826 1.0236 0.4581, -0.0867 1.0236 0.4594, -0.0904 1.0236 0.4617, -0.0936 1.0236 0.4651, -0.0954 1.0236 0.4677, -0.0957 1.0236 0.4677, -0.0956 1.0236 0.4588, -0.1057 1.0236 0.4588, -0.1059 1.0236 0.4956, -0.1052 1.0236 0.5033, -0.1036 1.0236 0.5078, -0.1016 1.0236 0.5111, -0.0989 1.0236 0.5136, -0.0956 1.0236 0.5155, -0.0913 1.0236 0.5168, -0.0727 1.0236 0.4824, -0.0741 1.0236 0.4834, -0.0765 1.0236 0.4845, -0.0824 1.0236 0.4858, -0.07 1.0236 0.4752, -0.0701 1.0236 0.4767, -0.0706 1.0236 0.479, -0.0715 1.0236 0.4809, -0.0729 1.0236 0.4685, -0.072 1.0236 0.4693, -0.0709 1.0236 0.471, -0.0702 1.0236 0.4728, -0.0805 1.0236 0.4658, -0.0771 1.0236 0.4662, -0.0748 1.0236 0.4671, -0.0914 1.0236 0.4704, -0.0903 1.0236 0.4693, -0.0875 1.0236 0.4674, -0.0844 1.0236 0.4663, -0.0958 1.0236 0.4821, -0.0951 1.0236 0.4771, -0.0937 1.0236 0.4735, -0.0958 1.0236 0.4875
            ]
        }
        coordIndex [
            0,1,2,-1,2,1,3,-1,4,0,5,-1,5,0,2,-1,6,4,7,-1,7,4,5,-1,8,6,9,-1,9,6,7,-1,10,8,11,-1,11,8,9,-1,12,10,13,-1,13,10,11,-1,14,12,15,-1,15,12,13,-1,16,14,17,-1,17,14,15,-1,16,17,18,-1,16,18,19,-1,19,18,20,-1,19,20,21,-1,22,19,23,-1,23,19,21,-1,24,25,26,-1,26,25,22,-1,26,22,27,-1,27,22,23,-1,1,25,3,-1,3,25,24,-1,25,1,0,-1,0,4,25,-1,25,4,6,-1,25,6,22,-1,16,19,14,-1,14,19,22,-1,14,22,12,-1,12,22,6,-1,12,6,10,-1,10,6,8,-1,28,29,30,-1,31,32,33,-1,33,32,30,-1,34,35,36,-1,37,38,39,-1,39,38,40,-1,29,41,30,-1,30,41,42,-1,30,42,33,-1,33,42,43,-1,33,43,37,-1,37,43,44,-1,37,44,38,-1,45,46,47,-1,47,46,48,-1,47,48,49,-1,49,48,50,-1,49,50,51,-1,51,50,52,-1,51,52,53,-1,52,54,53,-1,53,54,55,-1,53,55,56,-1,56,55,57,-1,56,57,58,-1,58,57,59,-1,58,59,40,-1,40,59,60,-1,40,60,39,-1,36,28,34,-1,34,28,30,-1,34,30,61,-1,61,30,62,-1,61,62,63,-1,63,62,64,-1,63,64,65,-1,65,64,66,-1,65,66,67,-1,67,66,68,-1,67,68,69,-1,69,68,70,-1,69,70,71,-1,71,70,72,-1,71,72,73,-1,73,72,74,-1,73,74,75,-1,75,74,76,-1,75,76,77,-1,77,76,78,-1,77,78,79,-1,79,78,80,-1,81,82,83,-1,83,82,84,-1,83,84,85,-1,85,84,86,-1,85,86,45,-1,45,86,87,-1,45,87,46,-1,34,88,35,-1,35,88,89,-1,35,89,90,-1,90,89,91,-1,90,91,92,-1,92,91,93,-1,92,93,94,-1,94,93,95,-1,94,95,81,-1,81,95,96,-1,81,96,82,-1,74,97,98,-1,74,98,76,-1,76,98,99,-1,76,99,78,-1,78,99,100,-1,78,100,80,-1,79,80,101,-1,101,80,100,-1,79,101,102,-1,79,102,77,-1,77,102,103,-1,77,103,75,-1,75,103,104,-1,75,104,73,-1,73,104,105,-1,73,105,71,-1,71,105,106,-1,71,106,69,-1,69,106,107,-1,69,107,67,-1,67,107,108,-1,67,108,65,-1,65,108,109,-1,65,109,63,-1,63,109,110,-1,63,110,61,-1,61,110,111,-1,61,111,34,-1,88,34,112,-1,112,34,111,-1,88,112,113,-1,88,113,89,-1,89,113,114,-1,89,114,91,-1,91,114,115,-1,91,115,93,-1,93,115,116,-1,93,116,95,-1,95,116,117,-1,95,117,96,-1,96,117,118,-1,96,118,82,-1,82,118,119,-1,82,119,84,-1,84,119,120,-1,84,120,86,-1,86,120,121,-1,86,121,87,-1,87,121,122,-1,87,122,46,-1,46,122,123,-1,46,123,48,-1,48,123,124,-1,48,124,50,-1,50,124,125,-1,50,125,52,-1,52,125,126,-1,52,126,54,-1,54,126,127,-1,54,127,55,-1,55,127,128,-1,55,128,57,-1,57,128,129,-1,57,129,59,-1,59,129,130,-1,59,130,60,-1,60,130,131,-1,60,131,39,-1,39,131,132,-1,39,132,37,-1,33,37,133,-1,133,37,132,-1,31,33,134,-1,134,33,133,-1,32,31,135,-1,135,31,134,-1,30,32,136,-1,136,32,135,-1,30,136,137,-1,30,137,62,-1,62,137,138,-1,62,138,64,-1,64,138,139,-1,64,139,66,-1,66,139,140,-1,66,140,68,-1,68,140,141,-1,68,141,70,-1,70,141,142,-1,70,142,72,-1,72,142,97,-1,72,97,74,-1,90,143,144,-1,90,144,35,-1,35,144,145,-1,35,145,36,-1,36,145,146,-1,36,146,28,-1,83,147,148,-1,83,148,81,-1,81,148,149,-1,81,149,94,-1,94,149,150,-1,94,150,92,-1,92,150,143,-1,92,143,90,-1,49,151,152,-1,49,152,47,-1,47,152,153,-1,47,153,45,-1,45,153,154,-1,45,154,85,-1,85,154,147,-1,85,147,83,-1,56,155,156,-1,56,156,53,-1,53,156,157,-1,53,157,51,-1,51,157,151,-1,51,151,49,-1,44,158,159,-1,44,159,38,-1,38,159,160,-1,38,160,40,-1,40,160,161,-1,40,161,58,-1,58,161,155,-1,58,155,56,-1,41,162,163,-1,41,163,42,-1,42,163,164,-1,42,164,43,-1,43,164,158,-1,43,158,44,-1,41,29,162,-1,162,29,165,-1,29,28,165,-1,165,28,146,-1,
        ]
    }
}
Shape{
    appearance Appearance {
        material  Material {
            diffuseColor 0.6470588235294118 0.6470588235294118 0.6470588235294118
            specularColor 0.3215686274509804 0.3215686274509804 0.3215686274509804
            ambientIntensity 0.6471
            transparency 0.0
            shininess 0.5
        }
    }
    geometry IndexedFaceSet {
        ccw TRUE
        solid FALSE
        coord DEF co Coordinate {
            point [
                -0.0903 1.0236 0.4693, -0.0914 1.0236 0.4704, -0.0824 1.0236 0.4858, -0.0937 1.0236 0.4735, -0.0844 1.0236 0.4663, -0.0765 1.0236 0.4845, -0.0741 1.0236 0.4834, -0.0875 1.0236 0.4674, -0.0951 1.0236 0.4771, -0.0958 1.0236 0.4821, -0.0958 1.0236 0.4875, -0.0706 1.0236 0.479, -0.0701 1.0236 0.4767, -0.07 1.0236 0.4752, -0.0702 1.0236 0.4728, -0.0748 1.0236 0.4671, -0.0771 1.0236 0.4662, -0.0729 1.0236 0.4685, -0.0805 1.0236 0.4658, -0.0727 1.0236 0.4824, -0.0715 1.0236 0.4809, -0.0709 1.0236 0.471, -0.072 1.0236 0.4693
            ]
        }
        coordIndex [
            0,1,2,-1,2,1,3,-1,4,5,6,-1,5,4,2,-1,2,4,7,-1,2,7,0,-1,3,8,2,-1,2,8,9,-1,2,9,10,-1,11,12,4,-1,4,12,13,-1,4,13,14,-1,15,16,17,-1,17,16,18,-1,17,18,4,-1,6,19,4,-1,4,19,20,-1,4,20,11,-1,14,21,4,-1,4,21,22,-1,4,22,17,-1,
        ]
    }
}
Shape{
    appearance Appearance {
        material  Material {
            diffuseColor 0.0 0.0 0.0
            specularColor 0.0 0.0 0.0
            ambientIntensity 0.0
            transparency 0.0
            shininess 0.5
        }
    }
    geometry IndexedFaceSet {
        ccw TRUE
        solid FALSE
        coord DEF co Coordinate {
            point [
                -0.1193 1.0236 0.471, -0.1193 1.0236 0.471, -0.1229 1.0236 0.4688, -0.1358 1.0236 0.4654, -0.1358 1.0236 0.4654, -0.1292 1.0236 0.4663, -0.1292 1.0236 0.4663, -0.1243 1.0236 0.4682, -0.1229 1.0236 0.4688, -0.1193 1.0236 0.4607, -0.1193 1.0236 0.4607, -0.1348 1.0236 0.4572, -0.1348 1.0236 0.4572, -0.1263 1.0236 0.4582, -0.1243 1.0236 0.4588, -0.1263 1.0236 0.4582, -0.1431 1.0236 0.458, -0.1431 1.0236 0.458, -0.1486 1.0236 0.4599, -0.1486 1.0236 0.4599, -0.1514 1.0236 0.4616, -0.1514 1.0236 0.4616, -0.1545 1.0236 0.4643, -0.1545 1.0236 0.4643, -0.1563 1.0236 0.4669, -0.1563 1.0236 0.4669, -0.1575 1.0236 0.4701, -0.1575 1.0236 0.4701, -0.158 1.0236 0.474, -0.158 1.0236 0.474, -0.1575 1.0236 0.4779, -0.1575 1.0236 0.4779, -0.1565 1.0236 0.4808, -0.1565 1.0236 0.4808, -0.1547 1.0236 0.4834, -0.1547 1.0236 0.4834, -0.1523 1.0236 0.4856, -0.1523 1.0236 0.4856, -0.1457 1.0236 0.4893, -0.1457 1.0236 0.4893, -0.1418 1.0236 0.4909, -0.1418 1.0236 0.4909, -0.1356 1.0236 0.4937, -0.1356 1.0236 0.4937, -0.1321 1.0236 0.4959, -0.1321 1.0236 0.4959, -0.1311 1.0236 0.497, -0.1311 1.0236 0.497, -0.1304 1.0236 0.4984, -0.1304 1.0236 0.4984, -0.13 1.0236 0.4999, -0.13 1.0236 0.4999, -0.1299 1.0236 0.5013, -0.1299 1.0236 0.5013, -0.1301 1.0236 0.5029, -0.1301 1.0236 0.5029, -0.1306 1.0236 0.5042, -0.1306 1.0236 0.5042, -0.1315 1.0236 0.5055, -0.1315 1.0236 0.5055, -0.133 1.0236 0.5068, -0.133 1.0236 0.5068, -0.1353 1.0236 0.508, -0.1353 1.0236 0.508, -0.138 1.0236 0.5087, -0.138 1.0236 0.5087, -0.141 1.0236 0.5089, -0.141 1.0236 0.5089, -0.148 1.0236 0.508, -0.148 1.0236 0.508, -0.1536 1.0236 0.5057, -0.1536 1.0236 0.5057, -0.1555 1.0236 0.5046, -0.1555 1.0236 0.5046, -0.1555 1.0236 0.5144, -0.1555 1.0236 0.5144, -0.149 1.0236 0.5163, -0.149 1.0236 0.5163, -0.142 1.0236 0.517, -0.142 1.0236 0.517, -0.1339 1.0236 0.5161, -0.1339 1.0236 0.5161, -0.1285 1.0236 0.514, -0.1285 1.0236 0.514, -0.1261 1.0236 0.5126, -0.1261 1.0236 0.5126, -0.123 1.0236 0.5098, -0.1243 1.0236 0.511, -0.123 1.0236 0.5098, -0.1212 1.0236 0.5071, -0.1212 1.0236 0.5071, -0.12 1.0236 0.5039, -0.12 1.0236 0.5039, -0.1196 1.0236 0.5004, -0.1196 1.0236 0.5004, -0.12 1.0236 0.4964, -0.12 1.0236 0.4964, -0.1212 1.0236 0.4933, -0.1212 1.0236 0.4933, -0.1224 1.0236 0.4914, -0.1224 1.0236 0.4914, -0.1347 1.0236 0.4837, -0.1347 1.0236 0.4837, -0.1287 1.0236 0.4865, -0.124 1.0236 0.4896, -0.124 1.0236 0.4896, -0.1243 1.0236 0.4894, -0.1287 1.0236 0.4865, -0.1412 1.0236 0.4809, -0.1412 1.0236 0.4809, -0.1451 1.0236 0.4785, -0.1451 1.0236 0.4785, -0.1464 1.0236 0.4772, -0.1464 1.0236 0.4772, -0.1471 1.0236 0.4759, -0.1471 1.0236 0.4759, -0.1476 1.0236 0.4743, -0.1476 1.0236 0.4743, -0.1477 1.0236 0.473, -0.1477 1.0236 0.473, -0.1475 1.0236 0.4711, -0.1475 1.0236 0.4711, -0.1469 1.0236 0.4697, -0.1469 1.0236 0.4697, -0.1461 1.0236 0.4684, -0.1461 1.0236 0.4684, -0.1449 1.0236 0.4674, -0.1449 1.0236 0.4674, -0.144 1.0236 0.4669, -0.144 1.0236 0.4669, -0.1414 1.0236 0.4659, -0.1414 1.0236 0.4659, -0.1362 1.0236 0.4654, -0.1362 1.0236 0.4654, -0.208 1.0236 0.5152, -0.2184 1.0236 0.5152, -0.208 1.0236 0.5152, -0.2184 1.0236 0.5152, -0.1921 1.0236 0.4723, -0.1921 1.0236 0.4723, -0.1913 1.0236 0.4696, -0.1913 1.0236 0.4696, -0.1908 1.0236 0.4677, -0.1908 1.0236 0.4677, -0.1905 1.0236 0.4677, -0.1905 1.0236 0.4677, -0.1893 1.0236 0.4724, -0.1893 1.0236 0.4724, -0.1747 1.0236 0.5155, -0.1747 1.0236 0.5155, -0.1801 1.0236 0.4997, -0.1635 1.0236 0.5155, -0.1635 1.0236 0.5155, -0.1855 1.0236 0.4583, -0.1855 1.0236 0.4583, -0.1801 1.0236 0.4725, -0.181 1.0236 0.448, -0.181 1.0236 0.448, -0.1801 1.0236 0.4462, -0.1789 1.0236 0.4442, -0.1789 1.0236 0.4442, -0.177 1.0236 0.4422, -0.177 1.0236 0.4422, -0.1758 1.0236 0.4413, -0.1758 1.0236 0.4413, -0.1737 1.0236 0.4404, -0.1737 1.0236 0.4404, -0.1714 1.0236 0.44, -0.1714 1.0236 0.44, -0.1707 1.0236 0.44, -0.1707 1.0236 0.44, -0.1671 1.0236 0.4405, -0.1671 1.0236 0.4405, -0.165 1.0236 0.4412, -0.165 1.0236 0.4412, -0.165 1.0236 0.4322, -0.165 1.0236 0.4322, -0.1679 1.0236 0.4316, -0.1679 1.0236 0.4316, -0.1714 1.0236 0.4314, -0.1714 1.0236 0.4314, -0.1755 1.0236 0.4318, -0.1755 1.0236 0.4318, -0.1795 1.0236 0.4333, -0.1795 1.0236 0.4333, -0.1801 1.0236 0.4337, -0.183 1.0236 0.4357, -0.183 1.0236 0.4357, -0.1836 1.0236 0.4363, -0.1836 1.0236 0.4363, -0.1874 1.0236 0.4407, -0.1874 1.0236 0.4407, -0.192 1.0236 0.4495, -0.192 1.0236 0.4495, -0.2719 1.0236 0.4667, -0.2719 1.0236 0.4576, -0.2719 1.0236 0.4667, -0.2719 1.0236 0.4576, -0.2392 1.0236 0.467, -0.2392 1.0236 0.467, -0.2552 1.0236 0.4668, -0.2394 1.0236 0.4939, -0.2394 1.0236 0.4939, -0.268 1.0236 0.4937, -0.268 1.0236 0.4937, -0.2552 1.0236 0.4938, -0.2681 1.0236 0.5029, -0.2681 1.0236 0.5029, -0.2394 1.0236 0.5031, -0.2394 1.0236 0.5031, -0.2552 1.0236 0.5029, -0.2396 1.0236 0.5287, -0.2396 1.0236 0.5287, -0.2705 1.0236 0.5285, -0.2705 1.0236 0.5285, -0.2552 1.0236 0.5286, -0.2706 1.0236 0.5377, -0.2706 1.0236 0.5377, -0.2706 1.0236 0.5372, -0.2294 1.0236 0.538, -0.2294 1.0236 0.538, -0.2552 1.0236 0.5378, -0.2288 1.0236 0.4579, -0.2288 1.0236 0.4579, -0.2293 1.0236 0.5372, -0.2552 1.0236 0.4577, -0.3369 1.0236 0.4796, -0.3329 1.0236 0.4746, -0.3402 1.0236 0.4683, -0.3314 1.0236 0.4733, -0.3319 1.0236 0.4625, -0.3261 1.0236 0.4699, -0.3228 1.0236 0.4589, -0.3192 1.0236 0.4675, -0.309 1.0236 0.4573, -0.309 1.0236 0.4665, -0.287 1.0236 0.4575, -0.2974 1.0236 0.4665, -0.2875 1.0236 0.5376, -0.2978 1.0236 0.5283, -0.3104 1.0236 0.5374, -0.3099 1.0236 0.5282, -0.3226 1.0236 0.536, -0.3202 1.0236 0.527, -0.3322 1.0236 0.5324, -0.3271 1.0236 0.5244, -0.3406 1.0236 0.5266, -0.333 1.0236 0.5205, -0.3433 1.0236 0.5239, -0.3356 1.0236 0.5178, -0.3482 1.0236 0.5169, -0.3385 1.0236 0.5132, -0.3512 1.0236 0.5092, -0.3407 1.0236 0.5071, -0.3525 1.0236 0.4981, -0.3416 1.0236 0.4979, -0.3522 1.0236 0.493, -0.3413 1.0236 0.4928, -0.3502 1.0236 0.4836, -0.3397 1.0236 0.4855, -0.3462 1.0236 0.4754, -0.309 1.0236 0.4573, -0.287 1.0236 0.4575, -0.3228 1.0236 0.4589, -0.3319 1.0236 0.4625, -0.3402 1.0236 0.4683, -0.3462 1.0236 0.4754, -0.3502 1.0236 0.4836, -0.3522 1.0236 0.493, -0.3525 1.0236 0.4981, -0.3512 1.0236 0.5092, -0.3482 1.0236 0.5169, -0.3433 1.0236 0.5239, -0.3406 1.0236 0.5266, -0.3104 1.0236 0.5374, -0.312 1.0236 0.5372, -0.3226 1.0236 0.536, -0.3322 1.0236 0.5324, -0.2875 1.0236 0.5376, -0.2875 1.0236 0.5372, -0.3099 1.0236 0.5282, -0.2978 1.0236 0.5283, -0.2974 1.0236 0.4665, -0.309 1.0236 0.4665, -0.3329 1.0236 0.4746, -0.3314 1.0236 0.4733, -0.3261 1.0236 0.4699, -0.3192 1.0236 0.4675, -0.3416 1.0236 0.4979, -0.3413 1.0236 0.4928, -0.3397 1.0236 0.4855, -0.3369 1.0236 0.4796, -0.333 1.0236 0.5205, -0.3356 1.0236 0.5178, -0.3385 1.0236 0.5132, -0.3407 1.0236 0.5071, -0.3202 1.0236 0.527, -0.3271 1.0236 0.5244
            ]
        }
        coordIndex [
            0,1,2,-1,3,4,5,-1,3,5,6,-1,6,5,7,-1,6,7,2,-1,2,7,8,-1,2,8,0,-1,9,1,10,-1,10,1,0,-1,11,12,13,-1,9,10,14,-1,9,14,13,-1,13,14,15,-1,13,15,11,-1,12,11,16,-1,12,16,17,-1,17,16,18,-1,17,18,19,-1,19,18,20,-1,19,20,21,-1,21,20,22,-1,21,22,23,-1,23,22,24,-1,23,24,25,-1,25,24,26,-1,25,26,27,-1,27,26,28,-1,27,28,29,-1,29,28,30,-1,29,30,31,-1,31,30,32,-1,31,32,33,-1,33,32,34,-1,33,34,35,-1,35,34,36,-1,35,36,37,-1,37,36,38,-1,37,38,39,-1,39,38,40,-1,39,40,41,-1,41,40,42,-1,41,42,43,-1,43,42,44,-1,43,44,45,-1,45,44,46,-1,45,46,47,-1,47,46,48,-1,47,48,49,-1,49,48,50,-1,49,50,51,-1,51,50,52,-1,51,52,53,-1,53,52,54,-1,53,54,55,-1,55,54,56,-1,55,56,57,-1,57,56,58,-1,57,58,59,-1,59,58,60,-1,59,60,61,-1,61,60,62,-1,61,62,63,-1,63,62,64,-1,63,64,65,-1,65,64,66,-1,65,66,67,-1,67,66,68,-1,67,68,69,-1,69,68,70,-1,69,70,71,-1,71,70,72,-1,71,72,73,-1,74,73,75,-1,75,73,72,-1,74,75,76,-1,74,76,77,-1,77,76,78,-1,77,78,79,-1,79,78,80,-1,79,80,81,-1,81,80,82,-1,81,82,83,-1,83,82,84,-1,83,84,85,-1,86,85,87,-1,87,85,84,-1,87,88,86,-1,86,88,89,-1,86,89,90,-1,90,89,91,-1,90,91,92,-1,92,91,93,-1,92,93,94,-1,94,93,95,-1,94,95,96,-1,96,95,97,-1,96,97,98,-1,98,97,99,-1,98,99,100,-1,101,102,103,-1,100,99,104,-1,100,104,105,-1,105,104,106,-1,105,106,103,-1,103,106,107,-1,103,107,101,-1,102,101,108,-1,102,108,109,-1,109,108,110,-1,109,110,111,-1,111,110,112,-1,111,112,113,-1,113,112,114,-1,113,114,115,-1,115,114,116,-1,115,116,117,-1,117,116,118,-1,117,118,119,-1,119,118,120,-1,119,120,121,-1,121,120,122,-1,121,122,123,-1,123,122,124,-1,123,124,125,-1,125,124,126,-1,125,126,127,-1,127,126,128,-1,127,128,129,-1,129,128,130,-1,129,130,131,-1,131,130,132,-1,131,132,133,-1,133,132,4,-1,133,4,3,-1,57,59,85,-1,85,59,83,-1,83,59,61,-1,83,61,81,-1,123,23,25,-1,109,41,102,-1,102,41,43,-1,123,25,121,-1,121,25,27,-1,121,27,119,-1,119,27,29,-1,119,29,117,-1,117,29,31,-1,117,31,115,-1,115,31,33,-1,115,33,113,-1,113,33,35,-1,113,35,111,-1,111,35,37,-1,111,37,109,-1,109,37,39,-1,109,39,41,-1,23,123,21,-1,21,123,125,-1,21,125,19,-1,12,3,13,-1,13,3,6,-1,13,6,9,-1,9,6,2,-1,9,2,1,-1,61,63,81,-1,81,63,65,-1,81,65,79,-1,79,65,67,-1,79,67,77,-1,77,67,69,-1,77,69,74,-1,74,69,71,-1,74,71,73,-1,125,127,19,-1,19,127,129,-1,19,129,17,-1,17,129,131,-1,17,131,12,-1,12,131,133,-1,12,133,3,-1,85,86,57,-1,57,86,90,-1,57,90,55,-1,55,90,92,-1,55,92,53,-1,53,92,94,-1,53,94,51,-1,51,94,96,-1,51,96,49,-1,49,96,98,-1,49,98,47,-1,47,98,100,-1,47,100,45,-1,45,100,105,-1,45,105,43,-1,43,105,103,-1,43,103,102,-1,134,135,136,-1,136,135,137,-1,138,134,139,-1,139,134,136,-1,138,139,140,-1,138,140,141,-1,141,140,142,-1,141,142,143,-1,144,143,145,-1,145,143,142,-1,146,144,147,-1,147,144,145,-1,148,149,150,-1,150,149,146,-1,150,146,147,-1,151,149,152,-1,152,149,148,-1,153,154,155,-1,155,154,151,-1,155,151,152,-1,156,154,157,-1,157,154,153,-1,156,157,158,-1,156,158,159,-1,158,160,159,-1,159,160,161,-1,159,161,162,-1,162,161,163,-1,162,163,164,-1,164,163,165,-1,164,165,166,-1,166,165,167,-1,166,167,168,-1,168,167,169,-1,168,169,170,-1,170,169,171,-1,170,171,172,-1,172,171,173,-1,172,173,174,-1,175,174,176,-1,176,174,173,-1,175,176,177,-1,175,177,178,-1,178,177,179,-1,178,179,180,-1,180,179,181,-1,180,181,182,-1,182,181,183,-1,182,183,184,-1,184,183,185,-1,184,185,186,-1,185,187,186,-1,186,187,188,-1,186,188,189,-1,189,188,190,-1,189,190,191,-1,191,190,192,-1,191,192,193,-1,135,193,137,-1,137,193,192,-1,141,143,193,-1,135,134,193,-1,193,134,138,-1,193,138,141,-1,149,151,146,-1,146,151,154,-1,146,154,144,-1,162,164,184,-1,180,170,178,-1,178,170,172,-1,178,172,175,-1,175,172,174,-1,143,144,193,-1,193,144,154,-1,193,154,191,-1,184,164,182,-1,182,164,166,-1,182,166,180,-1,180,166,168,-1,180,168,170,-1,154,156,191,-1,191,156,159,-1,191,159,189,-1,189,159,162,-1,189,162,186,-1,186,162,184,-1,194,195,196,-1,196,195,197,-1,198,199,200,-1,200,199,194,-1,200,194,196,-1,201,199,202,-1,202,199,198,-1,203,204,205,-1,205,204,201,-1,205,201,202,-1,206,204,207,-1,207,204,203,-1,208,209,210,-1,210,209,206,-1,210,206,207,-1,211,209,212,-1,212,209,208,-1,213,214,215,-1,215,214,211,-1,215,211,212,-1,216,217,218,-1,218,217,214,-1,218,214,213,-1,219,220,221,-1,221,220,217,-1,221,217,216,-1,222,223,224,-1,224,223,220,-1,224,220,219,-1,197,195,225,-1,225,195,223,-1,225,223,222,-1,223,195,194,-1,194,199,223,-1,223,199,201,-1,223,201,220,-1,214,217,211,-1,211,217,220,-1,211,220,209,-1,209,220,201,-1,209,201,206,-1,206,201,204,-1,226,227,228,-1,228,227,229,-1,228,229,230,-1,230,229,231,-1,230,231,232,-1,232,231,233,-1,232,233,234,-1,234,233,235,-1,234,235,236,-1,236,235,237,-1,236,237,238,-1,238,237,239,-1,238,239,240,-1,240,239,241,-1,240,241,242,-1,242,241,243,-1,242,243,244,-1,244,243,245,-1,244,245,246,-1,246,245,247,-1,246,247,248,-1,248,247,249,-1,248,249,250,-1,250,249,251,-1,250,251,252,-1,252,251,253,-1,252,253,254,-1,254,253,255,-1,254,255,256,-1,256,255,257,-1,256,257,258,-1,258,257,259,-1,258,259,260,-1,260,259,226,-1,260,226,228,-1,234,236,261,-1,261,236,262,-1,234,261,263,-1,234,263,232,-1,232,263,264,-1,232,264,230,-1,230,264,265,-1,230,265,228,-1,228,265,266,-1,228,266,260,-1,260,266,267,-1,260,267,258,-1,258,267,268,-1,258,268,256,-1,256,268,269,-1,256,269,254,-1,254,269,270,-1,254,270,252,-1,252,270,271,-1,252,271,250,-1,250,271,272,-1,250,272,248,-1,248,272,273,-1,248,273,246,-1,274,240,275,-1,275,240,242,-1,275,242,276,-1,276,242,244,-1,276,244,277,-1,277,244,246,-1,277,246,273,-1,238,240,278,-1,278,240,274,-1,262,236,279,-1,279,236,238,-1,279,238,278,-1,241,239,280,-1,280,239,281,-1,239,237,281,-1,281,237,282,-1,237,235,282,-1,282,235,283,-1,227,284,285,-1,227,285,229,-1,229,285,286,-1,229,286,231,-1,231,286,287,-1,231,287,233,-1,233,287,283,-1,233,283,235,-1,255,288,289,-1,255,289,257,-1,257,289,290,-1,257,290,259,-1,259,290,291,-1,259,291,226,-1,226,291,284,-1,226,284,227,-1,247,292,293,-1,247,293,249,-1,249,293,294,-1,249,294,251,-1,251,294,295,-1,251,295,253,-1,253,295,288,-1,253,288,255,-1,241,280,296,-1,241,296,243,-1,243,296,297,-1,243,297,245,-1,245,297,292,-1,245,292,247,-1,
        ]
    }
}
Shape{
    appearance Appearance {
        material  Material {
            diffuseColor 0.6470588235294118 0.6470588235294118 0.6470588235294118
            specularColor 0.3215686274509804 0.3215686274509804 0.3215686274509804
            ambientIntensity 0.6471
            transparency 0.0
            shininess 0.5
        }
    }
    geometry IndexedFaceSet {
        ccw TRUE
        solid FALSE
        coord DEF co Coordinate {
            point [
                -0.2978 1.0236 0.5283, -0.2974 1.0236 0.4665, -0.3099 1.0236 0.5282, -0.309 1.0236 0.4665, -0.3192 1.0236 0.4675, -0.3261 1.0236 0.4699, -0.3314 1.0236 0.4733, -0.3329 1.0236 0.4746, -0.3369 1.0236 0.4796, -0.3397 1.0236 0.4855, -0.3413 1.0236 0.4928, -0.3416 1.0236 0.4979, -0.3407 1.0236 0.5071, -0.3385 1.0236 0.5132, -0.3356 1.0236 0.5178, -0.333 1.0236 0.5205, -0.3202 1.0236 0.527, -0.3271 1.0236 0.5244
            ]
        }
        coordIndex [
            0,1,2,-1,2,1,3,-1,2,3,4,-1,4,5,2,-1,2,5,6,-1,2,6,7,-1,7,8,2,-1,2,8,9,-1,2,9,10,-1,10,11,2,-1,2,11,12,-1,2,12,13,-1,13,14,2,-1,2,14,15,-1,2,15,16,-1,16,15,17,-1,
        ]
    }
}
Shape{
    appearance Appearance {
        material  Material {
            diffuseColor 0.0 0.0 0.0
            specularColor 0.0 0.0 0.0
            ambientIntensity 0.0
            transparency 0.0
            shininess 0.5
        }
    }
    geometry IndexedFaceSet {
        ccw TRUE
        solid FALSE
        coord DEF co Coordinate {
            point [
                -0.3792 1.0236 0.4878, -0.3914 1.0236 0.521, -0.3877 1.0236 0.5368, -0.3566 1.0236 0.457, -0.368 1.0236 0.4569, -0.3759 1.0236 0.4788, -0.3921 1.0236 0.5234, -0.3928 1.0236 0.5266, -0.3987 1.0236 0.5368, -0.393 1.0236 0.5266, -0.3936 1.0236 0.5232, -0.3942 1.0236 0.521, -0.4061 1.0236 0.4876, -0.4286 1.0236 0.4565, -0.4172 1.0236 0.4566, -0.4092 1.0236 0.4785, -0.3987 1.0236 0.5368, -0.4286 1.0236 0.4565, -0.3877 1.0236 0.5368, -0.3566 1.0236 0.457, -0.368 1.0236 0.4569, -0.3759 1.0236 0.4788, -0.4092 1.0236 0.4785, -0.4172 1.0236 0.4566, -0.3792 1.0236 0.4878, -0.4061 1.0236 0.4876, -0.3942 1.0236 0.521, -0.393 1.0236 0.5266, -0.3936 1.0236 0.5232, -0.3928 1.0236 0.5266, -0.3914 1.0236 0.521, -0.3921 1.0236 0.5234
            ]
        }
        coordIndex [
            0,1,2,-1,3,4,5,-1,1,6,2,-1,2,6,7,-1,2,7,8,-1,8,7,9,-1,8,9,10,-1,10,11,8,-1,8,11,12,-1,8,12,13,-1,14,13,15,-1,15,13,12,-1,15,12,5,-1,5,12,0,-1,5,0,3,-1,3,0,2,-1,8,13,16,-1,16,13,17,-1,2,8,18,-1,18,8,16,-1,3,2,19,-1,19,2,18,-1,4,3,20,-1,20,3,19,-1,5,4,21,-1,21,4,20,-1,15,5,22,-1,22,5,21,-1,14,15,23,-1,23,15,22,-1,13,14,17,-1,17,14,23,-1,0,12,24,-1,24,12,25,-1,12,11,25,-1,25,11,26,-1,9,27,28,-1,9,28,10,-1,10,28,26,-1,10,26,11,-1,9,7,27,-1,27,7,29,-1,1,30,31,-1,1,31,6,-1,6,31,29,-1,6,29,7,-1,1,0,30,-1,30,0,24,-1,
        ]
    }
}
Shape{
    appearance Appearance {
        material  Material {
            diffuseColor 0.6470588235294118 0.6470588235294118 0.6470588235294118
            specularColor 0.3215686274509804 0.3215686274509804 0.3215686274509804
            ambientIntensity 0.6471
            transparency 0.0
            shininess 0.5
        }
    }
    geometry IndexedFaceSet {
        ccw TRUE
        solid FALSE
        coord DEF co Coordinate {
            point [
                -0.393 1.0236 0.5266, -0.3928 1.0236 0.5266, -0.3936 1.0236 0.5232, -0.3921 1.0236 0.5234, -0.3942 1.0236 0.521, -0.3914 1.0236 0.521, -0.4061 1.0236 0.4876, -0.3792 1.0236 0.4878
            ]
        }
        coordIndex [
            0,1,2,-1,2,1,3,-1,2,3,4,-1,4,3,5,-1,4,5,6,-1,6,5,7,-1,
        ]
    }
}
Shape{
    appearance Appearance {
        material  Material {
            diffuseColor 0.0 0.0 0.0
            specularColor 0.0 0.0 0.0
            ambientIntensity 0.0
            transparency 0.0
            shininess 0.5
        }
    }
    geometry IndexedFaceSet {
        ccw TRUE
        solid FALSE
        coord DEF co Coordinate {
            point [
                0.3467 1.0236 0.4507, 0.3383 1.0236 0.4401, 0.3514 1.0236 0.501, 0.1611 1.0236 0.5276, 0.1785 1.0236 0.5579, 0.2551 1.0236 0.5185, 0.2946 1.0236 0.502, 0.2893 1.0236 0.5003, 0.3605 1.0236 0.6001, 0.3478 1.0236 0.6067, 0.3507 1.0236 0.6417, 0.3282 1.0236 0.6443, 0.2846 1.0236 0.4973, 0.2808 1.0236 0.4934, 0.2411 1.0236 0.486, 0.3151 1.0236 0.6431, 0.2978 1.0236 0.6014, 0.2902 1.0236 0.6173, 0.3637 1.0236 0.5087, 0.3595 1.0236 0.4651, 0.3523 1.0236 0.4629, 0.2782 1.0236 0.4888, 0.2767 1.0236 0.4836, 0.2411 1.0236 0.4803, 0.2765 1.0236 0.4781, 0.3039 1.0236 0.5017, 0.3112 1.0236 0.5366, 0.3089 1.0236 0.4998, 0.3238 1.0236 0.5319, 0.3134 1.0236 0.4967, 0.3355 1.0236 0.5239, 0.3161 1.0236 0.4938, 0.345 1.0236 0.5132, 0.319 1.0236 0.489, 0.3206 1.0236 0.4836, 0.277 1.0236 0.5342, 0.2907 1.0236 0.5377, 0.2976 1.0236 0.5382, 0.3034 1.0236 0.6566, 0.2778 1.0236 0.6329, 0.2899 1.0236 0.668, 0.2621 1.0236 0.6448, 0.276 1.0236 0.6764, 0.3337 1.0236 0.6099, 0.3279 1.0236 0.6102, 0.3217 1.0236 0.6439, 0.3147 1.0236 0.6084, 0.302 1.0236 0.6037, 0.3137 1.0236 0.4638, 0.3092 1.0236 0.4606, 0.3272 1.0236 0.4317, 0.304 1.0236 0.4586, 0.1419 1.0236 0.5838, 0.1374 1.0236 0.5838, 0.1138 1.0236 0.6143, 0.1266 1.0236 0.5823, 0.1093 1.0236 0.6127, 0.1167 1.0236 0.5785, 0.0926 1.0236 0.6038, 0.1079 1.0236 0.5722, 0.0776 1.0236 0.5903, 0.1013 1.0236 0.5648, 0.0664 1.0236 0.5738, 0.0961 1.0236 0.5549, 0.06 1.0236 0.5562, 0.0935 1.0236 0.5439, 0.058 1.0236 0.5394, 0.0933 1.0236 0.539, 0.0581 1.0236 0.5356, 0.0947 1.0236 0.528, 0.167 1.0236 0.4607, 0.165 1.0236 0.4604, 0.1602 1.0236 0.4951, 0.2497 1.0236 0.6864, 0.2436 1.0236 0.6525, 0.2214 1.0236 0.6897, 0.1442 1.0236 0.6595, 0.162 1.0236 0.6287, 0.1257 1.0236 0.6379, 0.1505 1.0236 0.6122, 0.1435 1.0236 0.5931, 0.3834 1.0236 0.5674, 0.4209 1.0236 0.558, 0.3852 1.0236 0.5536, 0.4211 1.0236 0.5527, 0.3846 1.0236 0.545, 0.4184 1.0236 0.5302, 0.3807 1.0236 0.531, 0.4104 1.0236 0.509, 0.3739 1.0236 0.5193, 0.3976 1.0236 0.4905, 0.38 1.0236 0.4753, 0.2985 1.0236 0.5023, 0.2649 1.0236 0.5277, 0.1346 1.0236 0.4949, 0.1314 1.0236 0.4602, 0.1244 1.0236 0.4968, 0.1143 1.0236 0.4634, 0.1143 1.0236 0.5013, 0.0967 1.0236 0.4713, 0.1058 1.0236 0.5081, 0.0816 1.0236 0.4832, 0.105 1.0236 0.509, 0.0794 1.0236 0.4854, 0.0987 1.0236 0.5179, 0.069 1.0236 0.4993, 0.0613 1.0236 0.517, 0.3719 1.0236 0.6336, 0.3901 1.0236 0.621, 0.3705 1.0236 0.5913, 0.3939 1.0236 0.6175, 0.3785 1.0236 0.58, 0.4078 1.0236 0.5999, 0.417 1.0236 0.5794, 0.3172 1.0236 0.468, 0.3196 1.0236 0.4728, 0.3207 1.0236 0.4781, 0.2247 1.0236 0.6555, 0.2211 1.0236 0.6555, 0.198 1.0236 0.687, 0.2039 1.0236 0.6535, 0.1695 1.0236 0.6768, 0.1859 1.0236 0.647, 0.1698 1.0236 0.6363, 0.3141 1.0236 0.426, 0.3007 1.0236 0.4238, 0.2988 1.0236 0.4579, 0.2985 1.0236 0.4238, 0.2933 1.0236 0.4586, 0.2847 1.0236 0.4254, 0.2883 1.0236 0.4605, 0.272 1.0236 0.4302, 0.284 1.0236 0.4635, 0.2606 1.0236 0.438, 0.2803 1.0236 0.4676, 0.2517 1.0236 0.4478, 0.2778 1.0236 0.4726, 0.2449 1.0236 0.4605, 0.2415 1.0236 0.4745, 0.1813 1.0236 0.48, 0.1814 1.0236 0.4782, 0.163 1.0236 0.4957, 0.1809 1.0236 0.4743, 0.1796 1.0236 0.4704, 0.1772 1.0236 0.4668, 0.1746 1.0236 0.4643, 0.1613 1.0236 0.4953, 0.1708 1.0236 0.4619, 0.1636 1.0236 0.4957, 0.1675 1.0236 0.4953, 0.1715 1.0236 0.4939, 0.1751 1.0236 0.4915, 0.1781 1.0236 0.4883, 0.1802 1.0236 0.4843, 0.058 1.0236 0.5394, 0.06 1.0236 0.5562, 0.0738 1.0236 0.5848, 0.0621 1.0236 0.5619, 0.0664 1.0236 0.5738, 0.0776 1.0236 0.5903, 0.0926 1.0236 0.6038, 0.1093 1.0236 0.6127, 0.1138 1.0236 0.6143, 0.1257 1.0236 0.6379, 0.1442 1.0236 0.6595, 0.2214 1.0236 0.6897, 0.1539 1.0236 0.6661, 0.1695 1.0236 0.6768, 0.1744 1.0236 0.6786, 0.198 1.0236 0.687, 0.2899 1.0236 0.668, 0.2497 1.0236 0.6864, 0.2704 1.0236 0.6786, 0.276 1.0236 0.6764, 0.3151 1.0236 0.6431, 0.2921 1.0236 0.6661, 0.3034 1.0236 0.6566, 0.3217 1.0236 0.6439, 0.3282 1.0236 0.6443, 0.3507 1.0236 0.6417, 0.3719 1.0236 0.6336, 0.3901 1.0236 0.621, 0.3939 1.0236 0.6175, 0.4211 1.0236 0.5527, 0.4078 1.0236 0.5999, 0.4146 1.0236 0.5848, 0.417 1.0236 0.5794, 0.4202 1.0236 0.5619, 0.4209 1.0236 0.558, 0.4193 1.0236 0.5372, 0.4194 1.0236 0.5387, 0.4184 1.0236 0.5302, 0.4104 1.0236 0.509, 0.3976 1.0236 0.4905, 0.38 1.0236 0.4753, 0.3595 1.0236 0.4651, 0.3523 1.0236 0.4629, 0.3467 1.0236 0.4507, 0.3383 1.0236 0.4401, 0.3272 1.0236 0.4317, 0.3141 1.0236 0.426, 0.3007 1.0236 0.4238, 0.2985 1.0236 0.4238, 0.2847 1.0236 0.4254, 0.272 1.0236 0.4302, 0.2606 1.0236 0.438, 0.2517 1.0236 0.4478, 0.2449 1.0236 0.4605, 0.2415 1.0236 0.4745, 0.2411 1.0236 0.4803, 0.2411 1.0236 0.486, 0.1611 1.0236 0.5276, 0.1785 1.0236 0.5579, 0.1675 1.0236 0.5387, 0.1666 1.0236 0.5372, 0.2188 1.0236 0.5372, 0.2551 1.0236 0.5185, 0.2157 1.0236 0.5387, 0.2976 1.0236 0.5382, 0.2649 1.0236 0.5277, 0.277 1.0236 0.5342, 0.2886 1.0236 0.5372, 0.2907 1.0236 0.5377, 0.3064 1.0236 0.5372, 0.3112 1.0236 0.5366, 0.3238 1.0236 0.5319, 0.3355 1.0236 0.5239, 0.345 1.0236 0.5132, 0.3514 1.0236 0.501, 0.3852 1.0236 0.5536, 0.3637 1.0236 0.5087, 0.3739 1.0236 0.5193, 0.3807 1.0236 0.531, 0.3824 1.0236 0.5372, 0.3828 1.0236 0.5387, 0.3846 1.0236 0.545, 0.3841 1.0236 0.5619, 0.3834 1.0236 0.5674, 0.3785 1.0236 0.58, 0.3751 1.0236 0.5848, 0.3705 1.0236 0.5913, 0.3605 1.0236 0.6001, 0.3478 1.0236 0.6067, 0.3337 1.0236 0.6099, 0.3279 1.0236 0.6102, 0.3147 1.0236 0.6084, 0.302 1.0236 0.6037, 0.2978 1.0236 0.6014, 0.2902 1.0236 0.6173, 0.2778 1.0236 0.6329, 0.2621 1.0236 0.6448, 0.2436 1.0236 0.6525, 0.2247 1.0236 0.6555, 0.2211 1.0236 0.6555, 0.1419 1.0236 0.5838, 0.1421 1.0236 0.5848, 0.1435 1.0236 0.5931, 0.1505 1.0236 0.6122, 0.162 1.0236 0.6287, 0.1698 1.0236 0.6363, 0.1859 1.0236 0.647, 0.2039 1.0236 0.6535, 0.1374 1.0236 0.5838, 0.1266 1.0236 0.5823, 0.1167 1.0236 0.5785, 0.1079 1.0236 0.5722, 0.1013 1.0236 0.5648, 0.0998 1.0236 0.5619, 0.0961 1.0236 0.5549, 0.0935 1.0236 0.5439, 0.0933 1.0236 0.539, 0.0933 1.0236 0.5387, 0.0935 1.0236 0.5372, 0.0947 1.0236 0.528, 0.0987 1.0236 0.5179, 0.105 1.0236 0.509, 0.1058 1.0236 0.5081, 0.1143 1.0236 0.5013, 0.1244 1.0236 0.4968, 0.1346 1.0236 0.4949, 0.1602 1.0236 0.4951, 0.1613 1.0236 0.4953, 0.163 1.0236 0.4957, 0.1636 1.0236 0.4957, 0.1675 1.0236 0.4953, 0.1715 1.0236 0.4939, 0.1751 1.0236 0.4915, 0.1781 1.0236 0.4883, 0.1802 1.0236 0.4843, 0.1813 1.0236 0.48, 0.1814 1.0236 0.4782, 0.1809 1.0236 0.4743, 0.1796 1.0236 0.4704, 0.1772 1.0236 0.4668, 0.1746 1.0236 0.4643, 0.1708 1.0236 0.4619, 0.167 1.0236 0.4607, 0.165 1.0236 0.4604, 0.1314 1.0236 0.4602, 0.1143 1.0236 0.4634, 0.0967 1.0236 0.4713, 0.0816 1.0236 0.4832, 0.0794 1.0236 0.4854, 0.058 1.0236 0.5387, 0.058 1.0236 0.5372, 0.0581 1.0236 0.5356, 0.0613 1.0236 0.517, 0.069 1.0236 0.4993, 0.2985 1.0236 0.5023, 0.2946 1.0236 0.502, 0.2893 1.0236 0.5003, 0.2846 1.0236 0.4973, 0.2808 1.0236 0.4934, 0.2782 1.0236 0.4888, 0.2767 1.0236 0.4836, 0.2765 1.0236 0.4781, 0.2778 1.0236 0.4726, 0.2803 1.0236 0.4676, 0.284 1.0236 0.4635, 0.2883 1.0236 0.4605, 0.2933 1.0236 0.4586, 0.2988 1.0236 0.4579, 0.304 1.0236 0.4586, 0.3092 1.0236 0.4606, 0.3137 1.0236 0.4638, 0.3172 1.0236 0.468, 0.3196 1.0236 0.4728, 0.3207 1.0236 0.4781, 0.3206 1.0236 0.4836, 0.319 1.0236 0.489, 0.3161 1.0236 0.4938, 0.3134 1.0236 0.4967, 0.3089 1.0236 0.4998, 0.3039 1.0236 0.5017
            ]
        }
        coordIndex [
            0,1,2,-1,3,4,5,-1,6,7,3,-1,8,9,10,-1,10,9,11,-1,7,12,3,-1,3,12,13,-1,3,13,14,-1,15,16,17,-1,18,19,2,-1,2,19,20,-1,2,20,0,-1,13,21,14,-1,14,21,22,-1,14,22,23,-1,23,22,24,-1,25,26,27,-1,27,26,28,-1,27,28,29,-1,29,28,30,-1,29,30,31,-1,31,30,32,-1,31,32,33,-1,33,32,2,-1,33,2,34,-1,35,36,25,-1,25,36,37,-1,25,37,26,-1,15,17,38,-1,38,17,39,-1,38,39,40,-1,40,39,41,-1,40,41,42,-1,9,43,11,-1,11,43,44,-1,11,44,45,-1,45,44,46,-1,45,46,15,-1,15,46,47,-1,15,47,16,-1,48,1,49,-1,49,1,50,-1,49,50,51,-1,52,53,54,-1,54,53,55,-1,54,55,56,-1,56,55,57,-1,56,57,58,-1,58,57,59,-1,58,59,60,-1,60,59,61,-1,60,61,62,-1,62,61,63,-1,62,63,64,-1,64,63,65,-1,64,65,66,-1,66,65,67,-1,66,67,68,-1,68,67,69,-1,70,71,72,-1,42,41,73,-1,73,41,74,-1,73,74,75,-1,76,77,78,-1,78,77,79,-1,78,79,54,-1,54,79,80,-1,54,80,52,-1,81,82,83,-1,83,82,84,-1,83,84,85,-1,85,84,86,-1,85,86,87,-1,87,86,88,-1,87,88,89,-1,89,88,90,-1,89,90,18,-1,18,90,91,-1,18,91,19,-1,6,3,92,-1,92,3,5,-1,92,5,25,-1,25,5,93,-1,25,93,35,-1,72,71,94,-1,94,71,95,-1,94,95,96,-1,96,95,97,-1,96,97,98,-1,98,97,99,-1,98,99,100,-1,100,99,101,-1,100,101,102,-1,102,101,103,-1,102,103,104,-1,104,103,105,-1,104,105,69,-1,69,105,106,-1,69,106,68,-1,10,107,8,-1,8,107,108,-1,8,108,109,-1,109,108,110,-1,109,110,111,-1,111,110,112,-1,111,112,81,-1,81,112,113,-1,81,113,82,-1,48,114,1,-1,1,114,115,-1,1,115,2,-1,2,115,116,-1,2,116,34,-1,74,117,75,-1,75,117,118,-1,75,118,119,-1,119,118,120,-1,119,120,121,-1,121,120,122,-1,121,122,76,-1,76,122,123,-1,76,123,77,-1,50,124,51,-1,51,124,125,-1,51,125,126,-1,126,125,127,-1,126,127,128,-1,128,127,129,-1,128,129,130,-1,130,129,131,-1,130,131,132,-1,132,131,133,-1,132,133,134,-1,134,133,135,-1,134,135,136,-1,136,135,137,-1,136,137,24,-1,24,137,138,-1,24,138,23,-1,139,140,141,-1,141,140,142,-1,142,143,141,-1,141,143,144,-1,141,144,145,-1,72,146,70,-1,70,146,141,-1,70,141,147,-1,147,141,145,-1,141,148,139,-1,139,148,149,-1,139,149,150,-1,150,151,139,-1,139,151,152,-1,139,152,153,-1,66,154,155,-1,156,60,62,-1,66,155,64,-1,64,155,157,-1,64,157,62,-1,62,157,158,-1,62,158,156,-1,156,159,60,-1,60,159,160,-1,60,160,58,-1,58,160,161,-1,58,161,56,-1,56,161,162,-1,56,162,54,-1,54,162,163,-1,54,163,78,-1,78,163,164,-1,78,164,76,-1,165,75,119,-1,76,164,166,-1,76,166,121,-1,166,167,121,-1,121,167,168,-1,121,168,119,-1,119,168,169,-1,119,169,165,-1,170,40,42,-1,75,165,171,-1,75,171,73,-1,73,171,172,-1,73,172,42,-1,42,172,173,-1,42,173,170,-1,174,15,38,-1,40,170,175,-1,40,175,38,-1,38,175,176,-1,38,176,174,-1,15,174,177,-1,15,177,45,-1,45,177,178,-1,45,178,11,-1,11,178,179,-1,11,179,10,-1,10,179,180,-1,10,180,107,-1,107,180,181,-1,107,181,108,-1,108,181,182,-1,108,182,110,-1,183,84,82,-1,110,182,184,-1,110,184,112,-1,112,184,185,-1,112,185,113,-1,185,186,113,-1,113,186,187,-1,113,187,82,-1,82,187,188,-1,82,188,183,-1,189,86,190,-1,190,86,84,-1,190,84,183,-1,189,191,86,-1,86,191,192,-1,86,192,88,-1,88,192,193,-1,88,193,90,-1,90,193,194,-1,90,194,91,-1,91,194,195,-1,91,195,19,-1,19,195,196,-1,19,196,20,-1,20,196,197,-1,20,197,0,-1,0,197,198,-1,0,198,1,-1,1,198,199,-1,1,199,50,-1,50,199,200,-1,50,200,124,-1,124,200,201,-1,124,201,125,-1,125,201,202,-1,125,202,127,-1,127,202,203,-1,127,203,129,-1,129,203,204,-1,129,204,131,-1,131,204,205,-1,131,205,133,-1,133,205,206,-1,133,206,135,-1,135,206,207,-1,135,207,137,-1,137,207,208,-1,137,208,138,-1,138,208,209,-1,138,209,23,-1,14,23,210,-1,210,23,209,-1,3,14,211,-1,211,14,210,-1,212,4,213,-1,213,4,3,-1,213,3,214,-1,214,3,211,-1,215,216,5,-1,215,5,217,-1,217,5,4,-1,217,4,212,-1,218,37,36,-1,5,216,219,-1,5,219,93,-1,93,219,220,-1,93,220,35,-1,35,220,221,-1,35,221,36,-1,36,221,222,-1,36,222,218,-1,26,37,223,-1,223,37,218,-1,223,224,26,-1,26,224,225,-1,26,225,28,-1,28,225,226,-1,28,226,30,-1,30,226,227,-1,30,227,32,-1,32,227,228,-1,32,228,2,-1,229,83,85,-1,2,228,230,-1,2,230,18,-1,18,230,231,-1,18,231,89,-1,89,231,232,-1,89,232,87,-1,232,233,87,-1,87,233,234,-1,87,234,85,-1,85,234,235,-1,85,235,229,-1,81,83,236,-1,236,83,229,-1,236,237,81,-1,81,237,238,-1,81,238,111,-1,111,238,239,-1,111,239,109,-1,239,240,109,-1,109,240,241,-1,109,241,8,-1,8,241,242,-1,8,242,9,-1,9,242,243,-1,9,243,43,-1,43,243,244,-1,43,244,44,-1,44,244,245,-1,44,245,46,-1,46,245,246,-1,46,246,47,-1,47,246,247,-1,47,247,16,-1,16,247,248,-1,16,248,17,-1,17,248,249,-1,17,249,39,-1,39,249,250,-1,39,250,41,-1,41,250,251,-1,41,251,74,-1,74,251,252,-1,74,252,117,-1,117,252,253,-1,117,253,118,-1,254,52,255,-1,255,52,80,-1,255,80,256,-1,256,80,79,-1,256,79,257,-1,257,79,77,-1,257,77,258,-1,258,77,123,-1,258,123,259,-1,259,123,122,-1,259,122,260,-1,260,122,120,-1,260,120,261,-1,261,120,118,-1,261,118,253,-1,53,52,262,-1,262,52,254,-1,53,262,263,-1,53,263,55,-1,55,263,264,-1,55,264,57,-1,57,264,265,-1,57,265,59,-1,59,265,266,-1,59,266,61,-1,61,266,267,-1,61,267,63,-1,267,268,63,-1,63,268,269,-1,63,269,65,-1,65,269,270,-1,65,270,67,-1,270,271,67,-1,67,271,272,-1,67,272,69,-1,272,273,69,-1,69,273,274,-1,69,274,104,-1,104,274,275,-1,104,275,102,-1,102,275,276,-1,102,276,100,-1,100,276,277,-1,100,277,98,-1,98,277,278,-1,98,278,96,-1,96,278,279,-1,96,279,94,-1,72,94,280,-1,280,94,279,-1,72,280,281,-1,72,281,146,-1,146,281,282,-1,146,282,141,-1,141,282,283,-1,141,283,148,-1,148,283,284,-1,148,284,149,-1,149,284,285,-1,149,285,150,-1,150,285,286,-1,150,286,151,-1,151,286,287,-1,151,287,152,-1,152,287,288,-1,152,288,153,-1,153,288,289,-1,153,289,139,-1,139,289,290,-1,139,290,140,-1,140,290,291,-1,140,291,142,-1,142,291,292,-1,142,292,143,-1,143,292,293,-1,143,293,144,-1,144,293,294,-1,144,294,145,-1,145,294,295,-1,145,295,147,-1,147,295,296,-1,147,296,70,-1,70,296,297,-1,70,297,71,-1,95,71,298,-1,298,71,297,-1,95,298,299,-1,95,299,97,-1,97,299,300,-1,97,300,99,-1,99,300,301,-1,99,301,101,-1,101,301,302,-1,101,302,103,-1,303,154,66,-1,303,66,304,-1,304,66,68,-1,304,68,305,-1,305,68,106,-1,305,106,306,-1,306,106,105,-1,306,105,307,-1,307,105,103,-1,307,103,302,-1,92,308,309,-1,92,309,6,-1,6,309,310,-1,6,310,7,-1,7,310,311,-1,7,311,12,-1,12,311,312,-1,12,312,13,-1,13,312,313,-1,13,313,21,-1,21,313,314,-1,21,314,22,-1,22,314,315,-1,22,315,24,-1,24,315,316,-1,24,316,136,-1,136,316,317,-1,136,317,134,-1,134,317,318,-1,134,318,132,-1,132,318,319,-1,132,319,130,-1,130,319,320,-1,130,320,128,-1,128,320,321,-1,128,321,126,-1,126,321,322,-1,126,322,51,-1,51,322,323,-1,51,323,49,-1,49,323,324,-1,49,324,48,-1,48,324,325,-1,48,325,114,-1,114,325,326,-1,114,326,115,-1,115,326,327,-1,115,327,116,-1,116,327,328,-1,116,328,34,-1,34,328,329,-1,34,329,33,-1,33,329,330,-1,33,330,31,-1,31,330,331,-1,31,331,29,-1,29,331,332,-1,29,332,27,-1,27,332,333,-1,27,333,25,-1,25,333,308,-1,25,308,92,-1,
        ]
    }
}
Shape{
    appearance Appearance {
        material  Material {
            diffuseColor 0.6470588235294118 0.6470588235294118 0.6470588235294118
            specularColor 0.3215686274509804 0.3215686274509804 0.3215686274509804
            ambientIntensity 0.6471
            transparency 0.0
            shininess 0.5
        }
    }
    geometry IndexedFaceSet {
        ccw TRUE
        solid FALSE
        coord DEF co Coordinate {
            point [
                0.2988 1.0236 0.4579, 0.3134 1.0236 0.4967, 0.3161 1.0236 0.4938, 0.2985 1.0236 0.5023, 0.2946 1.0236 0.502, 0.2933 1.0236 0.4586, 0.3039 1.0236 0.5017, 0.3089 1.0236 0.4998, 0.284 1.0236 0.4635, 0.2808 1.0236 0.4934, 0.2846 1.0236 0.4973, 0.3196 1.0236 0.4728, 0.3172 1.0236 0.468, 0.3137 1.0236 0.4638, 0.2883 1.0236 0.4605, 0.2893 1.0236 0.5003, 0.319 1.0236 0.489, 0.3206 1.0236 0.4836, 0.3207 1.0236 0.4781, 0.3092 1.0236 0.4606, 0.304 1.0236 0.4586, 0.2778 1.0236 0.4726, 0.2765 1.0236 0.4781, 0.2803 1.0236 0.4676, 0.2767 1.0236 0.4836, 0.2782 1.0236 0.4888
            ]
        }
        coordIndex [
            0,1,2,-1,3,0,4,-1,4,0,5,-1,3,6,0,-1,0,6,7,-1,0,7,1,-1,8,9,10,-1,11,12,2,-1,2,12,13,-1,5,14,4,-1,4,14,8,-1,4,8,15,-1,15,8,10,-1,16,17,2,-1,2,17,18,-1,2,18,11,-1,13,19,2,-1,2,19,20,-1,2,20,0,-1,21,22,23,-1,23,22,24,-1,23,24,8,-1,8,24,25,-1,8,25,9,-1,
        ]
    }
}