#VRML V2.0 utf8
# 3D model generated by kicad-lcsc-manager
# Based on easyeda2kicad.py v1.0.1

Shape{
    appearance Appearance {
        material  Material {
            diffuseColor 0.7529411764705882 0.0 0.0
            specularColor 0.3764705882352941 0.0 0.0
            ambientIntensity 0.2251
            transparency 0.0
            shininess 0.5
        }
    }
    geometry IndexedFaceSet {
        ccw TRUE
        solid FALSE
        coord DEF co Coordinate {
            point [
                -2.2835 -0.7874 2.3819, -2.3228 -0.7874 2.3819, -2.3228 -1.2008 2.3819, 2.3228 -1.2008 2.3819, 2.2835 -0.7874 2.3819, 2.3228 -0.7874 2.3819, 2.3228 1.2008 2.3819, -2.3228 1.2008 2.3819, -2.2835 0.7874 2.3819, -2.3228 0.7874 2.3819, -1.1417 -0.8261 2.3819, -1.158 -0.8136 2.3819, -1.1706 -0.7972 2.3819, -1.1784 0.7783 2.3819, -1.1706 0.7972 2.3819, -1.158 0.8136 2.3819, -1.1417 0.8261 2.3819, 0.4894 -0.7783 2.3819, 0.4816 -0.7972 2.3819, 0.4691 -0.8136 2.3819, 0.4528 -0.8261 2.3819, 0.4816 0.7972 2.3819, 0.4894 0.7783 2.3819, 0.4921 0.7579 2.3819, 0.4338 -0.8339 2.3819, 0.4134 -0.8366 2.3819, -1.1024 -0.8366 2.3819, -1.1227 -0.8339 2.3819, 0.4338 0.8339 2.3819, 0.4528 0.8261 2.3819, 0.4691 0.8136 2.3819, 2.3228 0.7874 2.3819, 2.2835 0.7874 2.3819, 0.4921 -0.7579 2.3819, -1.1227 0.8339 2.3819, -1.1024 0.8366 2.3819, 0.4134 0.8366 2.3819, -1.1784 -0.7783 2.3819, -1.1811 -0.7579 2.3819, -1.1811 0.7579 2.3819, -2.3622 -1.1614 2.3425, -2.3622 -0.8268 2.3425, -2.3622 -0.8268 1.752, -2.3622 0.8268 2.3425, -2.3622 1.1614 2.3425, -2.3622 0.8268 1.752, -2.3622 1.1614 0.0394, -2.3622 -1.1614 0.0394, 0.8236 0.9124 0.0, 0.8313 0.8459 0.0, 0.8236 0.8327 0.0, 0.8313 0.8372 0.0, 0.8397 0.8338 0.0, 0.8429 0.9124 0.0, 0.8404 0.9122 0.0, 0.8313 0.9097 0.0, 0.8313 0.8992 0.0, 0.8402 0.903 0.0, 0.8327 0.8451 0.0, 0.8497 0.9042 0.0, 0.8575 0.9033 0.0, 0.8634 0.9012 0.0, 0.8688 0.8976 0.0, 0.8736 0.8923 0.0, 0.8793 0.8717 0.0, 0.8785 0.8631 0.0, 0.8764 0.8564 0.0, 0.8589 0.8416 0.0, 0.8515 0.8408 0.0, 0.8646 0.8438 0.0, 0.8694 0.847 0.0, 0.8731 0.8509 0.0, 0.8411 0.842 0.0, 0.8768 0.8862 0.0, 0.8789 0.8778 0.0, 0.8498 0.9128 0.0, 0.8236 1.1614 0.0, 0.8557 0.9124 0.0, 0.8932 1.1614 0.0, 0.8857 0.8911 0.0, 0.8811 0.8985 0.0, 0.8932 0.9124 0.0, 0.8703 0.8358 0.0, 0.8766 0.8399 0.0, 0.8932 0.8327 0.0, 0.8826 0.8461 0.0, 0.8867 0.8536 0.0, 0.874 0.9053 0.0, 0.8665 0.9096 0.0, 0.8577 0.9122 0.0, 0.8891 0.8619 0.0, 0.8899 0.871 0.0, 0.8887 0.8822 0.0, 0.8477 0.8327 0.0, 0.8508 0.8322 0.0, 0.8236 -0.8366 0.0, 0.8932 -0.8366 0.0, 0.853 0.8322 0.0, 0.8576 0.8327 0.0, 0.8627 0.8332 0.0, 1.2952 -1.1614 0.0, 1.2952 -0.8366 0.0, 2.3228 -1.1614 0.0, 2.3228 -0.8366 0.0, 0.6921 -1.1614 0.0, 0.6921 -0.8366 0.0, 0.766 -1.1614 0.0, 0.766 -0.8366 0.0, 0.8236 -1.1614 0.0, 0.8932 -1.1614 0.0, -2.3228 -1.1614 0.0, -2.3228 -0.8366 0.0, -2.185 -1.1614 0.0, -2.185 -0.8366 0.0, -0.9252 -1.1614 0.0, -0.9252 -0.8366 0.0, 0.4075 -1.1614 0.0, 0.4075 -0.8366 0.0, 2.0472 0.5118 0.0, 2.3228 0.8327 0.0, 2.0472 -0.5118 0.0, 1.6535 -0.5118 0.0, 1.6535 0.5118 0.0, 1.2952 0.8327 0.0, 0.6921 0.8327 0.0, 0.766 0.8327 0.0, 0.1969 -0.5118 0.0, -0.1969 -0.5118 0.0, -0.1969 0.5118 0.0, -0.9252 0.8327 0.0, 0.1969 0.5118 0.0, 0.4075 0.8327 0.0, -2.185 0.8327 0.0, -1.6535 0.5118 0.0, -1.6535 -0.5118 0.0, -2.0472 -0.5118 0.0, -2.0472 0.5118 0.0, -2.3228 0.8327 0.0, 1.2952 0.9124 0.0, 2.3228 0.9124 0.0, 0.8966 0.8418 0.0, 0.8966 0.8331 0.0, 0.9369 0.8331 0.0, 0.9264 0.8418 0.0, 0.9264 0.9119 0.0, 0.9369 0.9119 0.0, 0.7756 0.9119 0.0, 0.766 0.9124 0.0, 0.7756 0.9032 0.0, 0.7737 0.8418 0.0, 0.7737 0.8331 0.0, 0.8159 0.8331 0.0, 0.8159 0.9119 0.0, 0.8054 0.8687 0.0, 0.8054 0.8418 0.0, 0.7775 0.8687 0.0, 0.7775 0.8773 0.0, 0.8054 0.8773 0.0, 0.8054 0.9032 0.0, 0.6989 0.8547 0.0, 0.7034 0.8477 0.0, 0.7099 0.8415 0.0, 0.7181 0.8367 0.0, 0.7361 0.9119 0.0, 0.6921 0.9124 0.0, 0.7247 0.9107 0.0, 0.7155 0.9074 0.0, 0.7069 0.9017 0.0, 0.7069 0.9016 0.0, 0.7013 0.8954 0.0, 0.6976 0.8887 0.0, 0.7272 0.834 0.0, 0.7369 0.8331 0.0, 0.7583 0.8331 0.0, 0.7583 0.9119 0.0, 0.6955 0.8809 0.0, 0.6949 0.8735 0.0, 0.6961 0.863 0.0, 0.6376 0.8552 0.0, 0.6701 0.8552 0.0, 0.6297 0.8331 0.0, 0.6777 0.8331 0.0, 0.6892 0.8331 0.0, 0.6489 0.9119 0.0, 0.6181 0.8331 0.0, -2.3228 0.9124 0.0, -2.185 0.9124 0.0, -0.9252 0.9124 0.0, 0.4075 0.9124 0.0, 0.6594 0.9119 0.0, 1.2952 1.1614 0.0, 2.3228 1.1614 0.0, -2.3228 1.1614 0.0, -2.185 1.1614 0.0, -0.9252 1.1614 0.0, 0.4075 1.1614 0.0, 0.6921 1.1614 0.0, 0.766 1.1614 0.0
            ]
        }
        coordIndex [
            0,1,2,-1,2,3,4,-1,4,3,5,-1,6,7,8,-1,8,7,9,-1,10,11,0,-1,0,11,12,-1,13,14,8,-1,8,14,15,-1,8,15,16,-1,17,18,4,-1,4,18,19,-1,4,19,20,-1,21,22,6,-1,6,22,23,-1,20,24,4,-1,4,24,25,-1,4,25,2,-1,2,25,26,-1,2,26,0,-1,0,26,27,-1,0,27,10,-1,28,29,6,-1,6,29,30,-1,6,30,21,-1,31,6,32,-1,32,6,23,-1,32,23,4,-1,4,23,33,-1,4,33,17,-1,16,34,8,-1,8,34,35,-1,8,35,6,-1,6,35,36,-1,6,36,28,-1,12,37,0,-1,0,37,38,-1,0,38,8,-1,8,38,39,-1,8,39,13,-1,40,41,42,-1,43,44,45,-1,45,44,46,-1,45,46,42,-1,42,46,47,-1,42,47,40,-1,48,49,50,-1,50,49,51,-1,50,51,52,-1,48,53,54,-1,54,55,48,-1,48,55,56,-1,48,56,49,-1,49,56,57,-1,49,57,58,-1,58,57,59,-1,58,59,60,-1,60,61,58,-1,58,61,62,-1,58,62,63,-1,64,65,58,-1,58,65,66,-1,67,68,69,-1,69,68,70,-1,66,71,58,-1,58,71,70,-1,58,70,72,-1,72,70,68,-1,63,73,58,-1,58,73,74,-1,58,74,64,-1,75,76,77,-1,77,76,78,-1,79,80,81,-1,82,83,84,-1,84,83,85,-1,84,85,86,-1,80,87,81,-1,81,87,88,-1,81,88,89,-1,86,90,84,-1,84,90,91,-1,84,91,81,-1,81,91,92,-1,81,92,79,-1,93,94,95,-1,95,94,96,-1,94,97,96,-1,96,97,98,-1,96,98,84,-1,84,98,99,-1,84,99,82,-1,100,101,102,-1,102,101,103,-1,104,105,106,-1,106,105,107,-1,106,107,108,-1,108,107,95,-1,108,95,109,-1,109,95,96,-1,110,111,112,-1,112,111,113,-1,112,113,114,-1,114,113,115,-1,114,115,116,-1,116,115,117,-1,116,117,104,-1,118,119,120,-1,120,119,103,-1,120,103,121,-1,121,103,101,-1,121,101,122,-1,122,101,123,-1,122,123,118,-1,105,124,107,-1,107,124,125,-1,107,125,95,-1,95,125,50,-1,95,50,93,-1,93,50,52,-1,126,117,127,-1,127,117,115,-1,127,115,128,-1,128,115,129,-1,128,129,130,-1,130,129,131,-1,130,131,126,-1,126,131,117,-1,132,129,133,-1,133,129,134,-1,134,129,115,-1,134,115,135,-1,135,115,113,-1,135,113,136,-1,111,137,113,-1,113,137,132,-1,113,132,136,-1,136,132,133,-1,118,123,119,-1,119,123,138,-1,119,138,139,-1,81,140,84,-1,84,140,141,-1,84,141,142,-1,143,140,144,-1,144,140,81,-1,144,81,145,-1,145,81,138,-1,145,138,142,-1,142,138,123,-1,142,123,84,-1,84,123,101,-1,84,101,96,-1,96,101,100,-1,96,100,109,-1,146,147,48,-1,146,148,147,-1,147,148,149,-1,147,149,125,-1,125,149,150,-1,125,150,50,-1,50,150,151,-1,50,151,48,-1,48,151,152,-1,48,152,146,-1,153,154,155,-1,155,154,149,-1,155,149,156,-1,156,149,148,-1,156,148,157,-1,157,148,158,-1,159,160,124,-1,124,160,161,-1,124,161,162,-1,163,164,147,-1,163,165,164,-1,164,165,166,-1,164,166,167,-1,167,168,164,-1,164,168,169,-1,164,169,170,-1,162,171,124,-1,124,171,172,-1,124,172,125,-1,125,172,173,-1,125,173,147,-1,147,173,174,-1,147,174,163,-1,170,175,164,-1,164,175,176,-1,164,176,124,-1,124,176,177,-1,124,177,159,-1,178,179,180,-1,180,179,181,-1,180,181,124,-1,124,181,182,-1,124,182,164,-1,183,184,131,-1,104,117,105,-1,105,117,131,-1,105,131,124,-1,124,131,184,-1,124,184,180,-1,137,185,132,-1,132,185,186,-1,132,186,129,-1,129,186,187,-1,129,187,131,-1,131,187,188,-1,131,188,183,-1,183,188,164,-1,183,164,189,-1,189,164,182,-1,89,77,81,-1,81,77,78,-1,81,78,138,-1,138,78,190,-1,138,190,139,-1,139,190,191,-1,185,192,186,-1,186,192,193,-1,186,193,187,-1,187,193,194,-1,187,194,188,-1,188,194,195,-1,188,195,164,-1,164,195,196,-1,164,196,147,-1,147,196,197,-1,147,197,48,-1,48,197,76,-1,48,76,53,-1,53,76,75,-1,
        ]
    }
}
Shape{
    appearance Appearance {
        material  Material {
            diffuseColor 0.25098039215686274 0.25098039215686274 0.25098039215686274
            specularColor 0.12549019607843137 0.12549019607843137 0.12549019607843137
            ambientIntensity 0.251
            transparency 0.0
            shininess 0.5
        }
    }
    geometry IndexedFaceSet {
        ccw TRUE
        solid FALSE
        coord DEF co Coordinate {
            point [
                -0.3445 -0.7972 4.2433, -0.415 -0.7972 4.3871, -0.4969 -0.7972 4.254, 0.4134 -0.7972 4.3005, 0.3618 -0.7972 4.3898, 0.4134 -0.7972 2.4213, 0.2823 -0.7972 4.252, -0.1921 -0.7972 4.254, -0.274 -0.7972 4.3871, 0.0406 -0.7972 4.3898, -0.0339 -0.7972 4.252, 0.1242 -0.7972 4.2538, 0.2027 -0.7972 4.3898, -0.5703 -0.7972 4.3898, -0.6551 -0.7972 4.252, -1.1024 -0.7972 2.4213, -0.1187 -0.7972 4.3898, -1.0508 -0.7972 4.3898, -1.1024 -0.7972 4.3005, -0.9713 -0.7972 4.252, -0.8917 -0.7972 4.3898, -0.8132 -0.7972 4.2538, -0.7295 -0.7972 4.3898, -0.6551 0.7972 4.252, -0.5703 0.7972 4.3898, -0.4969 0.7972 4.254, -0.3445 0.7972 4.2433, -0.274 0.7972 4.3871, -0.1921 0.7972 4.254, -1.1024 0.7972 2.4213, -1.1024 0.7972 4.3005, -1.0508 0.7972 4.3898, 0.3618 0.7972 4.3898, 0.4134 0.7972 4.3005, 0.2823 0.7972 4.252, 0.4134 0.7972 2.4213, -0.0339 0.7972 4.252, -0.1187 0.7972 4.3898, -0.9713 0.7972 4.252, -0.8917 0.7972 4.3898, -0.8132 0.7972 4.2538, -0.415 0.7972 4.3871, -0.7295 0.7972 4.3898, 0.2027 0.7972 4.3898, 0.1242 0.7972 4.2538, 0.0406 0.7972 4.3898, 0.4528 -0.7579 2.4213, 0.4528 0.7579 2.4213, 0.4528 -0.7579 4.3005, 0.4528 0.7579 4.3005
            ]
        }
        coordIndex [
            0,1,2,-1,3,4,5,-1,5,4,6,-1,7,8,0,-1,9,10,11,-1,11,10,5,-1,11,5,12,-1,12,5,6,-1,13,14,2,-1,2,14,15,-1,2,15,0,-1,0,15,5,-1,0,5,7,-1,7,5,10,-1,7,10,16,-1,17,18,19,-1,19,18,15,-1,20,19,21,-1,21,19,15,-1,21,15,22,-1,22,15,14,-1,23,24,25,-1,26,27,28,-1,29,30,31,-1,32,33,34,-1,34,33,35,-1,29,26,35,-1,35,26,28,-1,35,28,36,-1,36,28,37,-1,31,38,29,-1,29,38,39,-1,29,39,40,-1,41,26,25,-1,25,26,29,-1,25,29,23,-1,23,29,40,-1,23,40,42,-1,43,34,44,-1,44,34,35,-1,44,35,45,-1,45,35,36,-1,46,47,48,-1,48,47,49,-1,
        ]
    }
}
Shape{
    appearance Appearance {
        material  Material {
            diffuseColor 0.7529411764705882 0.0 0.0
            specularColor 0.3764705882352941 0.0 0.0
            ambientIntensity 0.2251
            transparency 0.0
            shininess 0.5
        }
    }
    geometry IndexedFaceSet {
        ccw TRUE
        solid FALSE
        coord DEF co Coordinate {
            point [
                0.8268 -1.2598 1.4173, 0.8268 -1.2008 1.4173, 0.8268 -1.3189 1.2205, 0.8268 -1.2008 1.0236, 0.8268 -1.3189 1.0236, 1.6142 -1.2008 1.4173, 1.6142 -1.2598 1.4173, 1.6142 -1.2008 1.0236, 1.6142 -1.3189 1.2205, 1.6142 -1.3189 1.0236, -1.6142 1.2008 1.4173, -1.6142 1.2598 1.4173, -1.6142 1.2008 1.0236, -1.6142 1.3189 1.2205, -1.6142 1.3189 1.0236, -0.8268 1.2008 1.4173, -0.8268 1.2598 1.4173, -0.8268 1.3189 1.2205, -0.8268 1.2008 1.0236, -0.8268 1.3189 1.0236, -2.3228 1.2008 0.0394, -2.3228 1.2008 2.3819, -0.1181 1.2008 1.7006, -0.167 1.2008 1.6631, 0.8268 1.2008 1.0236, 2.3228 1.2008 0.0394, 1.6142 1.2008 1.0236, 2.3228 1.2008 2.3819, 1.6142 1.2008 1.4173, 0.8268 1.2008 1.4173, -0.2046 1.2008 1.6142, -0.2282 1.2008 1.5572, -0.2362 1.2008 1.4961, -0.2362 1.2008 1.1024, 0.2282 1.2008 1.5572, 0.2046 1.2008 1.6142, 0.0611 1.2008 1.7242, 0.0 1.2008 1.7323, -0.0611 1.2008 1.7242, 0.167 1.2008 1.6631, 0.1181 1.2008 1.7006, 0.2362 1.2008 1.1024, 0.2362 1.2008 1.4961, 2.3228 -1.2008 0.0394, 0.2362 -1.2008 1.1024, -2.3228 -1.2008 0.0394, -0.2362 -1.2008 1.1024, -0.2362 -1.2008 1.4961, -0.2282 -1.2008 1.5572, -0.8268 -1.2008 1.4173, -0.2046 -1.2008 1.6142, -0.167 -1.2008 1.6631, 2.3228 -1.2008 2.3819, 0.2362 -1.2008 1.4961, 0.1181 -1.2008 1.7006, 0.167 -1.2008 1.6631, 0.2282 -1.2008 1.5572, 0.2046 -1.2008 1.6142, -0.8268 -1.2008 1.0236, -1.6142 -1.2008 1.0236, -2.3228 -1.2008 2.3819, -1.6142 -1.2008 1.4173, -0.1181 -1.2008 1.7006, -0.0611 -1.2008 1.7242, 0.0 -1.2008 1.7323, 0.0611 -1.2008 1.7242, 2.3622 1.1614 2.3425, 2.3622 0.8268 2.3425, 2.3622 0.8268 1.752, 2.3622 -0.8268 2.3425, 2.3622 -1.1614 2.3425, 2.3622 -0.8268 1.752, 2.3622 -1.1614 0.0394, 2.3622 1.1614 0.0394
            ]
        }
        coordIndex [
            0,1,2,-1,2,1,3,-1,2,3,4,-1,5,6,7,-1,7,6,8,-1,7,8,9,-1,6,5,0,-1,0,5,1,-1,4,9,2,-1,2,9,8,-1,10,11,12,-1,12,11,13,-1,12,13,14,-1,10,15,11,-1,11,15,16,-1,16,15,17,-1,17,15,18,-1,17,18,19,-1,17,19,13,-1,13,19,14,-1,12,20,10,-1,10,20,21,-1,22,23,21,-1,12,18,20,-1,20,18,24,-1,20,24,25,-1,25,24,26,-1,25,26,27,-1,27,26,28,-1,27,28,29,-1,23,30,21,-1,21,30,31,-1,21,31,10,-1,10,31,32,-1,10,32,15,-1,15,32,33,-1,15,33,18,-1,34,35,29,-1,29,36,27,-1,27,36,37,-1,27,37,21,-1,21,37,38,-1,21,38,22,-1,35,39,29,-1,29,39,40,-1,29,40,36,-1,18,33,24,-1,24,33,41,-1,24,41,29,-1,29,41,42,-1,29,42,34,-1,43,44,45,-1,45,44,46,-1,47,48,49,-1,49,48,50,-1,49,50,51,-1,43,52,5,-1,53,44,3,-1,3,44,43,-1,3,43,7,-1,7,43,5,-1,54,55,52,-1,3,1,53,-1,53,1,5,-1,53,5,56,-1,56,5,52,-1,56,52,57,-1,57,52,55,-1,47,49,46,-1,46,49,58,-1,46,58,45,-1,45,58,59,-1,45,59,60,-1,60,59,61,-1,60,61,49,-1,51,62,49,-1,49,62,63,-1,49,63,60,-1,60,63,64,-1,60,64,52,-1,52,64,65,-1,52,65,54,-1,66,67,68,-1,69,70,71,-1,71,70,72,-1,71,72,68,-1,68,72,73,-1,68,73,66,-1,
        ]
    }
}
Shape{
    appearance Appearance {
        material  Material {
            diffuseColor 1.0 1.0 1.0
            specularColor 0.5019607843137255 0.5019607843137255 0.5019607843137255
            ambientIntensity 1.0
            transparency 0.0
            shininess 0.5
        }
    }
    geometry IndexedFaceSet {
        ccw TRUE
        solid FALSE
        coord DEF co Coordinate {
            point [
                2.0079 0.4052 -0.2084, 2.0079 0.4134 -0.2021, 2.0079 0.4724 -0.0394, 2.0079 0.395 -0.226, 2.0079 -0.399 -0.2165, 2.0079 -0.395 -0.226, 2.0079 0.399 -0.2165, 2.0079 -0.4134 -0.2021, 2.0079 -0.4052 -0.2084, 2.0079 -0.4672 -0.1772, 2.0079 -0.4609 -0.1853, 2.0079 -0.4528 -0.1916, 2.0079 0.4229 -0.1982, 2.0079 0.4331 -0.1969, 2.0079 0.4724 -0.1575, 2.0079 -0.4229 -0.1982, 2.0079 -0.4724 -0.0394, 2.0079 -0.4331 -0.1969, 2.0079 -0.4724 -0.1575, 2.0079 -0.4433 -0.1955, 2.0079 -0.4711 -0.1677, 2.0079 0.1463 -1.3366, 2.0079 0.1422 -1.3381, 2.0079 0.315 -1.5748, 2.0079 0.1378 -1.3386, 2.0079 -0.315 -1.5748, 2.0079 -0.1378 -1.3386, 2.0079 0.4609 -0.1853, 2.0079 0.4528 -0.1916, 2.0079 0.4433 -0.1955, 2.0079 0.1422 -0.7485, 2.0079 0.3937 -0.2362, 2.0079 0.1463 -0.75, 2.0079 0.4672 -0.1772, 2.0079 0.4711 -0.1677, 2.0079 -0.3937 -0.2362, 2.0079 -0.1463 -0.75, 2.0079 -0.1422 -0.7485, 2.0079 -0.1378 -0.748, 2.0079 0.1378 -0.748, 2.0079 0.1501 -0.7523, 2.0079 0.1532 -0.7554, 2.0079 0.1555 -0.7592, 2.0079 -0.1555 -1.3274, 2.0079 -0.3937 -1.4961, 2.0079 -0.1532 -1.3312, 2.0079 -0.391 -1.5164, 2.0079 -0.3832 -1.5354, 2.0079 -0.157 -0.7633, 2.0079 -0.1555 -0.7592, 2.0079 0.157 -0.7633, 2.0079 0.1575 -0.7677, 2.0079 0.3937 -1.4961, 2.0079 0.1575 -1.3189, 2.0079 0.157 -1.3233, 2.0079 0.1555 -1.3274, 2.0079 0.391 -1.5164, 2.0079 0.1532 -1.3312, 2.0079 0.3832 -1.5354, 2.0079 0.3706 -1.5517, 2.0079 -0.1422 -1.3381, 2.0079 -0.1463 -1.3366, 2.0079 -0.3353 -1.5721, 2.0079 -0.1501 -1.3343, 2.0079 -0.3543 -1.5643, 2.0079 -0.3706 -1.5517, 2.0079 -0.1532 -0.7554, 2.0079 -0.1501 -0.7523, 2.0079 0.1501 -1.3343, 2.0079 0.3353 -1.5721, 2.0079 0.3543 -1.5643, 2.0079 -0.157 -1.3233, 2.0079 -0.1575 -1.3189, 2.0079 -0.1575 -0.7677, 1.6929 -0.3937 -0.2362, 1.6929 -0.3937 -1.4961, 1.6929 -0.4724 -0.0394, 1.6929 0.4724 -0.0394, 1.6929 -0.4134 -0.2021, 1.6929 -0.395 -0.226, 1.6929 -0.399 -0.2165, 1.6929 0.395 -0.226, 1.6929 -0.4229 -0.1982, 1.6929 -0.4331 -0.1969, 1.6929 -0.4724 -0.1575, 1.6929 -0.4052 -0.2084, 1.6929 0.399 -0.2165, 1.6929 0.4331 -0.1969, 1.6929 0.4229 -0.1982, 1.6929 0.4134 -0.2021, 1.6929 0.4052 -0.2084, 1.6929 -0.4528 -0.1916, 1.6929 -0.4609 -0.1853, 1.6929 -0.4672 -0.1772, 1.6929 -0.4433 -0.1955, 1.6929 -0.4711 -0.1677, 1.6929 0.4724 -0.1575, 1.6929 0.4711 -0.1677, 1.6929 0.4672 -0.1772, 1.6929 0.4609 -0.1853, 1.6929 0.4528 -0.1916, 1.6929 0.4433 -0.1955, 1.6929 0.3937 -0.2362, 1.6929 0.1463 -0.75, 1.6929 -0.1422 -0.7485, 1.6929 -0.1463 -0.75, 1.6929 -0.1501 -0.7523, 1.6929 -0.1532 -0.7554, 1.6929 -0.1555 -0.7592, 1.6929 -0.3706 -1.5517, 1.6929 -0.3832 -1.5354, 1.6929 -0.1532 -1.3312, 1.6929 -0.391 -1.5164, 1.6929 -0.1555 -1.3274, 1.6929 -0.157 -1.3233, 1.6929 0.1378 -1.3386, 1.6929 0.315 -1.5748, 1.6929 -0.1378 -1.3386, 1.6929 -0.315 -1.5748, 1.6929 -0.1422 -1.3381, 1.6929 -0.1463 -1.3366, 1.6929 0.1422 -0.7485, 1.6929 0.1378 -0.748, 1.6929 -0.1378 -0.748, 1.6929 -0.1501 -1.3343, 1.6929 -0.3353 -1.5721, 1.6929 -0.3543 -1.5643, 1.6929 0.1555 -1.3274, 1.6929 0.3937 -1.4961, 1.6929 0.1532 -1.3312, 1.6929 0.391 -1.5164, 1.6929 0.3832 -1.5354, 1.6929 0.157 -0.7633, 1.6929 0.1555 -0.7592, 1.6929 -0.157 -0.7633, 1.6929 -0.1575 -0.7677, 1.6929 -0.1575 -1.3189, 1.6929 0.1422 -1.3381, 1.6929 0.1463 -1.3366, 1.6929 0.3353 -1.5721, 1.6929 0.1501 -1.3343, 1.6929 0.3543 -1.5643, 1.6929 0.3706 -1.5517, 1.6929 0.1532 -0.7554, 1.6929 0.1501 -0.7523, 1.6929 0.157 -1.3233, 1.6929 0.1575 -1.3189, 1.6929 0.1575 -0.7677, 0.1575 0.4724 -0.1575, 0.1575 0.4724 -0.0394, 0.1575 0.4331 -0.1969, 0.1575 -0.4528 -0.1916, 0.1575 -0.4433 -0.1955, 0.1575 -0.4331 -0.1969, 0.1575 -0.4134 -0.2021, 0.1575 0.395 -0.226, 0.1575 0.399 -0.2165, 0.1575 -0.4052 -0.2084, 0.1575 -0.399 -0.2165, 0.1575 -0.395 -0.226, 0.1575 0.4052 -0.2084, 0.1575 0.4134 -0.2021, 0.1575 0.4229 -0.1982, 0.1575 0.4528 -0.1916, 0.1575 0.4609 -0.1853, 0.1575 0.4672 -0.1772, 0.1575 0.4433 -0.1955, 0.1575 0.4711 -0.1677, 0.1575 -0.4229 -0.1982, 0.1575 -0.4724 -0.0394, 0.1575 -0.4724 -0.1575, 0.1575 -0.4711 -0.1677, 0.1575 -0.4672 -0.1772, 0.1575 -0.4609 -0.1853, 0.1575 0.1463 -1.3366, 0.1575 0.1422 -1.3381, 0.1575 0.315 -1.5748, 0.1575 0.1378 -1.3386, 0.1575 -0.315 -1.5748, 0.1575 -0.1378 -1.3386, 0.1575 0.1422 -0.7485, 0.1575 0.3937 -0.2362, 0.1575 0.1463 -0.75, 0.1575 -0.3937 -0.2362, 0.1575 -0.1463 -0.75, 0.1575 -0.1422 -0.7485, 0.1575 -0.1378 -0.748, 0.1575 0.1378 -0.748, 0.1575 0.1501 -0.7523, 0.1575 0.1532 -0.7554, 0.1575 0.1555 -0.7592, 0.1575 -0.1555 -1.3274, 0.1575 -0.3937 -1.4961, 0.1575 -0.1532 -1.3312, 0.1575 -0.391 -1.5164, 0.1575 -0.3832 -1.5354, 0.1575 -0.157 -0.7633, 0.1575 -0.1555 -0.7592, 0.1575 0.157 -0.7633, 0.1575 0.1575 -0.7677, 0.1575 0.3937 -1.4961, 0.1575 0.1575 -1.3189, 0.1575 0.157 -1.3233, 0.1575 0.1555 -1.3274, 0.1575 0.391 -1.5164, 0.1575 0.1532 -1.3312, 0.1575 0.3832 -1.5354, 0.1575 0.3706 -1.5517, 0.1575 -0.1422 -1.3381, 0.1575 -0.1463 -1.3366, 0.1575 -0.3353 -1.5721, 0.1575 -0.1501 -1.3343, 0.1575 -0.3543 -1.5643, 0.1575 -0.3706 -1.5517, 0.1575 -0.1532 -0.7554, 0.1575 -0.1501 -0.7523, 0.1575 0.1501 -1.3343, 0.1575 0.3353 -1.5721, 0.1575 0.3543 -1.5643, 0.1575 -0.157 -1.3233, 0.1575 -0.1575 -1.3189, 0.1575 -0.1575 -0.7677, -0.1575 -0.3937 -0.2362, -0.1575 -0.3937 -1.4961, -0.1575 -0.4724 -0.1575, -0.1575 -0.4724 -0.0394, -0.1575 -0.4331 -0.1969, -0.1575 0.4331 -0.1969, -0.1575 0.4229 -0.1982, -0.1575 0.4724 -0.0394, -0.1575 0.4134 -0.2021, -0.1575 0.4052 -0.2084, -0.1575 0.399 -0.2165, -0.1575 -0.395 -0.226, -0.1575 -0.399 -0.2165, -0.1575 -0.4052 -0.2084, -0.1575 -0.4134 -0.2021, -0.1575 -0.4229 -0.1982, -0.1575 0.4724 -0.1575, -0.1575 0.4711 -0.1677, -0.1575 0.4672 -0.1772, -0.1575 0.4609 -0.1853, -0.1575 0.4528 -0.1916, -0.1575 0.4433 -0.1955, -0.1575 0.1501 -0.7523, -0.1575 0.1532 -0.7554, -0.1575 0.1555 -0.7592, -0.1575 0.157 -1.3233, -0.1575 0.1575 -1.3189, -0.1575 0.395 -0.226, -0.1575 0.1575 -0.7677, -0.1575 0.157 -0.7633, -0.1575 0.1463 -0.75, -0.1575 0.1422 -0.7485, -0.1575 0.1378 -0.748, -0.1575 -0.4609 -0.1853, -0.1575 -0.4528 -0.1916, -0.1575 -0.4433 -0.1955, -0.1575 -0.4672 -0.1772, -0.1575 -0.4711 -0.1677, -0.1575 -0.1378 -0.748, -0.1575 -0.1422 -0.7485, -0.1575 -0.1463 -0.75, -0.1575 0.1378 -1.3386, -0.1575 0.315 -1.5748, -0.1575 -0.1378 -1.3386, -0.1575 -0.315 -1.5748, -0.1575 -0.1422 -1.3381, -0.1575 -0.1463 -1.3366, -0.1575 -0.1501 -0.7523, -0.1575 -0.1532 -0.7554, -0.1575 -0.1555 -0.7592, -0.1575 0.3937 -1.4961, -0.1575 0.391 -1.5164, -0.1575 0.1532 -1.3312, -0.1575 0.3832 -1.5354, -0.1575 -0.3706 -1.5517, -0.1575 -0.3832 -1.5354, -0.1575 -0.1532 -1.3312, -0.1575 -0.391 -1.5164, -0.1575 -0.1555 -1.3274, -0.1575 -0.157 -1.3233, -0.1575 -0.1501 -1.3343, -0.1575 -0.3353 -1.5721, -0.1575 -0.3543 -1.5643, -0.1575 0.1422 -1.3381, -0.1575 0.1463 -1.3366, -0.1575 0.3353 -1.5721, -0.1575 0.1501 -1.3343, -0.1575 0.3543 -1.5643, -0.1575 0.3706 -1.5517, -0.1575 0.1555 -1.3274, -0.1575 0.3937 -0.2362, -0.1575 -0.157 -0.7633, -0.1575 -0.1575 -0.7677, -0.1575 -0.1575 -1.3189, -1.6929 -0.4433 -0.1955, -1.6929 -0.4331 -0.1969, -1.6929 -0.4724 -0.1575, -1.6929 -0.4724 -0.0394, -1.6929 0.395 -0.226, -1.6929 0.399 -0.2165, -1.6929 -0.4672 -0.1772, -1.6929 -0.4609 -0.1853, -1.6929 -0.4528 -0.1916, -1.6929 -0.4229 -0.1982, -1.6929 -0.4134 -0.2021, -1.6929 -0.4052 -0.2084, -1.6929 -0.399 -0.2165, -1.6929 -0.395 -0.226, -1.6929 0.4052 -0.2084, -1.6929 0.4134 -0.2021, -1.6929 0.4724 -0.0394, -1.6929 0.4229 -0.1982, -1.6929 0.4331 -0.1969, -1.6929 0.4433 -0.1955, -1.6929 0.4528 -0.1916, -1.6929 0.4609 -0.1853, -1.6929 0.4672 -0.1772, -1.6929 -0.4711 -0.1677, -1.6929 0.4711 -0.1677, -1.6929 0.4724 -0.1575, -1.6929 0.1463 -1.3366, -1.6929 0.1422 -1.3381, -1.6929 0.315 -1.5748, -1.6929 0.1378 -1.3386, -1.6929 -0.315 -1.5748, -1.6929 -0.1378 -1.3386, -1.6929 0.1422 -0.7485, -1.6929 0.3937 -0.2362, -1.6929 0.1463 -0.75, -1.6929 -0.3937 -0.2362, -1.6929 -0.1463 -0.75, -1.6929 -0.1422 -0.7485, -1.6929 -0.1378 -0.748, -1.6929 0.1378 -0.748, -1.6929 0.1501 -0.7523, -1.6929 0.1532 -0.7554, -1.6929 0.1555 -0.7592, -1.6929 -0.1555 -1.3274, -1.6929 -0.3937 -1.4961, -1.6929 -0.1532 -1.3312, -1.6929 -0.391 -1.5164, -1.6929 -0.3832 -1.5354, -1.6929 -0.157 -0.7633, -1.6929 -0.1555 -0.7592, -1.6929 0.157 -0.7633, -1.6929 0.1575 -0.7677, -1.6929 0.3937 -1.4961, -1.6929 0.1575 -1.3189, -1.6929 0.157 -1.3233, -1.6929 0.1555 -1.3274, -1.6929 0.391 -1.5164, -1.6929 0.1532 -1.3312, -1.6929 0.3832 -1.5354, -1.6929 0.3706 -1.5517, -1.6929 -0.1422 -1.3381, -1.6929 -0.1463 -1.3366, -1.6929 -0.3353 -1.5721, -1.6929 -0.1501 -1.3343, -1.6929 -0.3543 -1.5643, -1.6929 -0.3706 -1.5517, -1.6929 -0.1532 -0.7554, -1.6929 -0.1501 -0.7523, -1.6929 0.1501 -1.3343, -1.6929 0.3353 -1.5721, -1.6929 0.3543 -1.5643, -1.6929 -0.157 -1.3233, -1.6929 -0.1575 -1.3189, -1.6929 -0.1575 -0.7677, -2.0079 -0.3937 -0.2362, -2.0079 -0.3937 -1.4961, -2.0079 0.1422 -0.7485, -2.0079 0.1378 -0.748, -2.0079 0.4724 -0.0394, -2.0079 0.4229 -0.1982, -2.0079 0.4134 -0.2021, -2.0079 -0.4052 -0.2084, -2.0079 -0.4134 -0.2021, -2.0079 -0.4724 -0.0394, -2.0079 0.4711 -0.1677, -2.0079 0.4672 -0.1772, -2.0079 0.4331 -0.1969, -2.0079 0.4609 -0.1853, -2.0079 0.4528 -0.1916, -2.0079 0.4433 -0.1955, -2.0079 -0.4229 -0.1982, -2.0079 -0.4331 -0.1969, -2.0079 -0.4724 -0.1575, -2.0079 -0.4433 -0.1955, -2.0079 -0.4528 -0.1916, -2.0079 0.4724 -0.1575, -2.0079 0.1575 -0.7677, -2.0079 0.157 -0.7633, -2.0079 0.395 -0.226, -2.0079 0.1575 -1.3189, -2.0079 -0.4609 -0.1853, -2.0079 -0.4672 -0.1772, -2.0079 -0.4711 -0.1677, -2.0079 -0.395 -0.226, -2.0079 -0.399 -0.2165, -2.0079 0.3937 -1.4961, -2.0079 0.1555 -1.3274, -2.0079 0.157 -1.3233, -2.0079 0.1555 -0.7592, -2.0079 0.1532 -0.7554, -2.0079 0.1501 -0.7523, -2.0079 0.3937 -0.2362, -2.0079 0.4052 -0.2084, -2.0079 0.399 -0.2165, -2.0079 0.1463 -0.75, -2.0079 0.1532 -1.3312, -2.0079 0.391 -1.5164, -2.0079 0.3832 -1.5354, -2.0079 -0.1378 -0.748, -2.0079 -0.1422 -0.7485, -2.0079 -0.1463 -0.75, -2.0079 0.3706 -1.5517, -2.0079 0.3543 -1.5643, -2.0079 0.1501 -1.3343, -2.0079 0.3353 -1.5721, -2.0079 0.1463 -1.3366, -2.0079 0.315 -1.5748, -2.0079 0.1422 -1.3381, -2.0079 -0.1463 -1.3366, -2.0079 -0.1422 -1.3381, -2.0079 -0.315 -1.5748, -2.0079 -0.1378 -1.3386, -2.0079 0.1378 -1.3386, -2.0079 -0.1501 -0.7523, -2.0079 -0.1532 -0.7554, -2.0079 -0.1555 -0.7592, -2.0079 -0.3706 -1.5517, -2.0079 -0.3832 -1.5354, -2.0079 -0.1532 -1.3312, -2.0079 -0.391 -1.5164, -2.0079 -0.1555 -1.3274, -2.0079 -0.157 -1.3233, -2.0079 -0.1501 -1.3343, -2.0079 -0.3353 -1.5721, -2.0079 -0.3543 -1.5643, -2.0079 -0.157 -0.7633, -2.0079 -0.1575 -0.7677, -2.0079 -0.1575 -1.3189
            ]
        }
        coordIndex [
            0,1,2,-1,3,4,5,-1,6,7,3,-1,3,7,8,-1,3,8,4,-1,9,10,11,-1,1,12,2,-1,2,12,13,-1,2,13,14,-1,6,0,7,-1,7,0,2,-1,7,2,15,-1,15,2,16,-1,15,16,17,-1,17,16,18,-1,17,18,19,-1,19,18,11,-1,11,18,20,-1,11,20,9,-1,21,22,23,-1,23,22,24,-1,23,24,25,-1,25,24,26,-1,27,13,28,-1,28,13,29,-1,3,30,31,-1,31,30,32,-1,27,33,13,-1,13,33,34,-1,13,34,14,-1,5,35,36,-1,36,37,5,-1,5,37,38,-1,5,38,3,-1,3,38,39,-1,3,39,30,-1,32,40,31,-1,31,40,41,-1,31,41,42,-1,43,44,45,-1,45,44,46,-1,45,46,47,-1,48,49,35,-1,42,50,31,-1,31,50,51,-1,31,51,52,-1,52,51,53,-1,53,54,52,-1,52,54,55,-1,52,55,56,-1,56,55,57,-1,56,57,58,-1,58,57,59,-1,26,60,25,-1,25,60,61,-1,25,61,62,-1,62,61,63,-1,62,63,64,-1,64,63,45,-1,64,45,65,-1,65,45,47,-1,49,66,35,-1,35,66,67,-1,35,67,36,-1,21,23,68,-1,68,23,69,-1,68,69,57,-1,57,69,70,-1,57,70,59,-1,43,71,44,-1,44,71,72,-1,44,72,35,-1,35,72,73,-1,35,73,48,-1,74,75,35,-1,35,75,44,-1,76,77,78,-1,79,80,81,-1,78,82,76,-1,76,82,83,-1,76,83,84,-1,80,85,81,-1,81,85,78,-1,81,78,86,-1,87,88,77,-1,77,88,89,-1,77,89,78,-1,78,89,90,-1,78,90,86,-1,91,92,93,-1,83,94,84,-1,84,94,91,-1,84,91,95,-1,95,91,93,-1,77,96,87,-1,87,96,97,-1,87,97,98,-1,98,99,87,-1,87,99,100,-1,87,100,101,-1,81,102,103,-1,79,104,74,-1,74,104,105,-1,105,106,74,-1,74,106,107,-1,74,107,108,-1,109,110,111,-1,111,110,112,-1,111,112,113,-1,113,112,75,-1,113,75,114,-1,115,116,117,-1,117,116,118,-1,117,118,119,-1,119,118,120,-1,103,121,81,-1,81,121,122,-1,81,122,79,-1,79,122,123,-1,79,123,104,-1,120,118,124,-1,124,118,125,-1,124,125,111,-1,111,125,126,-1,111,126,109,-1,127,128,129,-1,129,128,130,-1,129,130,131,-1,132,133,102,-1,108,134,74,-1,74,134,135,-1,74,135,75,-1,75,135,136,-1,75,136,114,-1,115,137,116,-1,116,137,138,-1,116,138,139,-1,139,138,140,-1,139,140,141,-1,141,140,129,-1,141,129,142,-1,142,129,131,-1,133,143,102,-1,102,143,144,-1,102,144,103,-1,127,145,128,-1,128,145,146,-1,128,146,102,-1,102,146,147,-1,102,147,132,-1,31,52,102,-1,102,52,128,-1,118,116,25,-1,25,116,23,-1,148,149,150,-1,151,152,153,-1,154,155,156,-1,154,157,155,-1,155,157,158,-1,155,158,159,-1,160,161,149,-1,149,161,162,-1,149,162,150,-1,163,164,165,-1,150,166,148,-1,148,166,163,-1,148,163,167,-1,167,163,165,-1,156,160,154,-1,154,160,149,-1,154,149,168,-1,168,149,169,-1,168,169,153,-1,153,169,170,-1,153,170,171,-1,171,172,153,-1,153,172,173,-1,153,173,151,-1,174,175,176,-1,176,175,177,-1,176,177,178,-1,178,177,179,-1,155,180,181,-1,181,180,182,-1,159,183,184,-1,184,185,159,-1,159,185,186,-1,159,186,155,-1,155,186,187,-1,155,187,180,-1,182,188,181,-1,181,188,189,-1,181,189,190,-1,191,192,193,-1,193,192,194,-1,193,194,195,-1,196,197,183,-1,190,198,181,-1,181,198,199,-1,181,199,200,-1,200,199,201,-1,201,202,200,-1,200,202,203,-1,200,203,204,-1,204,203,205,-1,204,205,206,-1,206,205,207,-1,179,208,178,-1,178,208,209,-1,178,209,210,-1,210,209,211,-1,210,211,212,-1,212,211,193,-1,212,193,213,-1,213,193,195,-1,197,214,183,-1,183,214,215,-1,183,215,184,-1,174,176,216,-1,216,176,217,-1,216,217,205,-1,205,217,218,-1,205,218,207,-1,191,219,192,-1,192,219,220,-1,192,220,183,-1,183,220,221,-1,183,221,196,-1,222,223,183,-1,183,223,192,-1,224,225,226,-1,227,228,229,-1,228,230,229,-1,229,230,231,-1,229,231,232,-1,233,234,229,-1,234,235,229,-1,229,235,236,-1,229,236,225,-1,225,236,237,-1,225,237,226,-1,229,238,227,-1,227,238,239,-1,227,239,240,-1,240,241,227,-1,227,241,242,-1,227,242,243,-1,244,232,245,-1,245,232,246,-1,247,248,249,-1,249,248,250,-1,249,250,232,-1,232,250,251,-1,232,251,246,-1,244,252,232,-1,232,252,253,-1,232,253,229,-1,229,253,254,-1,229,254,233,-1,255,226,256,-1,256,226,257,-1,255,258,226,-1,226,258,259,-1,226,259,224,-1,254,260,233,-1,233,260,261,-1,233,261,222,-1,222,261,262,-1,263,264,265,-1,265,264,266,-1,265,266,267,-1,267,266,268,-1,262,269,222,-1,222,269,270,-1,222,270,271,-1,272,273,274,-1,274,273,275,-1,276,277,278,-1,278,277,279,-1,278,279,280,-1,280,279,223,-1,280,223,281,-1,268,266,282,-1,282,266,283,-1,282,283,278,-1,278,283,284,-1,278,284,276,-1,263,285,264,-1,264,285,286,-1,264,286,287,-1,287,286,288,-1,287,288,289,-1,289,288,274,-1,289,274,290,-1,290,274,275,-1,274,291,272,-1,272,291,247,-1,272,247,292,-1,292,247,249,-1,271,293,222,-1,222,293,294,-1,222,294,223,-1,223,294,295,-1,223,295,281,-1,181,200,292,-1,292,200,272,-1,266,264,178,-1,178,264,176,-1,296,297,298,-1,298,297,299,-1,299,300,301,-1,302,303,304,-1,297,305,299,-1,299,305,306,-1,299,306,300,-1,306,307,300,-1,300,307,308,-1,300,308,309,-1,301,310,299,-1,299,310,311,-1,299,311,312,-1,312,311,313,-1,312,313,314,-1,315,316,314,-1,314,316,317,-1,314,317,318,-1,296,298,304,-1,304,298,319,-1,304,319,302,-1,318,320,314,-1,314,320,321,-1,314,321,312,-1,322,323,324,-1,324,323,325,-1,324,325,326,-1,326,325,327,-1,300,328,329,-1,329,328,330,-1,309,331,332,-1,332,333,309,-1,309,333,334,-1,309,334,300,-1,300,334,335,-1,300,335,328,-1,330,336,329,-1,329,336,337,-1,329,337,338,-1,339,340,341,-1,341,340,342,-1,341,342,343,-1,344,345,331,-1,338,346,329,-1,329,346,347,-1,329,347,348,-1,348,347,349,-1,349,350,348,-1,348,350,351,-1,348,351,352,-1,352,351,353,-1,352,353,354,-1,354,353,355,-1,327,356,326,-1,326,356,357,-1,326,357,358,-1,358,357,359,-1,358,359,360,-1,360,359,341,-1,360,341,361,-1,361,341,343,-1,345,362,331,-1,331,362,363,-1,331,363,332,-1,322,324,364,-1,364,324,365,-1,364,365,353,-1,353,365,366,-1,353,366,355,-1,339,367,340,-1,340,367,368,-1,340,368,331,-1,331,368,369,-1,331,369,344,-1,370,371,331,-1,331,371,340,-1,372,373,374,-1,374,375,376,-1,374,377,378,-1,374,378,379,-1,380,381,382,-1,381,383,382,-1,382,383,384,-1,382,384,385,-1,378,386,379,-1,379,386,387,-1,379,387,388,-1,388,387,389,-1,388,389,390,-1,375,374,382,-1,382,374,391,-1,382,391,380,-1,392,393,394,-1,392,394,395,-1,396,397,390,-1,390,397,398,-1,390,398,388,-1,373,399,374,-1,374,399,400,-1,374,400,377,-1,401,402,403,-1,393,404,394,-1,394,404,405,-1,394,405,406,-1,395,394,403,-1,403,394,407,-1,403,407,401,-1,376,408,374,-1,374,408,409,-1,374,409,372,-1,372,409,394,-1,372,394,410,-1,410,394,406,-1,402,401,411,-1,411,401,412,-1,411,412,413,-1,373,414,399,-1,399,414,415,-1,399,415,370,-1,370,415,416,-1,413,417,411,-1,411,417,418,-1,411,418,419,-1,419,418,420,-1,419,420,421,-1,421,420,422,-1,421,422,423,-1,424,425,426,-1,426,425,427,-1,426,427,422,-1,422,427,428,-1,422,428,423,-1,416,429,370,-1,370,429,430,-1,370,430,431,-1,432,433,434,-1,434,433,435,-1,434,435,436,-1,436,435,371,-1,436,371,437,-1,424,426,438,-1,438,426,439,-1,438,439,434,-1,434,439,440,-1,434,440,432,-1,431,441,370,-1,370,441,442,-1,370,442,371,-1,371,442,443,-1,371,443,437,-1,329,348,407,-1,407,348,401,-1,426,422,326,-1,326,422,324,-1,149,148,229,-1,229,148,238,-1,225,224,169,-1,169,224,170,-1,2,14,77,-1,77,14,96,-1,76,84,16,-1,16,84,18,-1,312,321,374,-1,374,321,391,-1,379,388,299,-1,299,388,298,-1,373,335,414,-1,414,335,334,-1,414,334,415,-1,415,334,333,-1,415,333,416,-1,416,333,332,-1,416,332,429,-1,429,332,363,-1,429,363,430,-1,430,363,362,-1,430,362,431,-1,431,362,345,-1,431,345,441,-1,441,345,344,-1,441,344,442,-1,442,344,369,-1,442,369,443,-1,443,369,368,-1,443,368,437,-1,437,368,367,-1,437,367,436,-1,436,367,339,-1,436,339,434,-1,434,339,341,-1,434,341,438,-1,438,341,359,-1,438,359,424,-1,424,359,357,-1,424,357,425,-1,425,357,356,-1,425,356,427,-1,427,356,327,-1,427,327,428,-1,428,327,325,-1,428,325,423,-1,423,325,323,-1,423,323,421,-1,421,323,322,-1,421,322,419,-1,419,322,364,-1,419,364,411,-1,411,364,353,-1,411,353,402,-1,402,353,351,-1,402,351,403,-1,403,351,350,-1,403,350,395,-1,395,350,349,-1,395,349,392,-1,392,349,347,-1,392,347,393,-1,393,347,346,-1,393,346,404,-1,404,346,338,-1,404,338,405,-1,405,338,337,-1,405,337,406,-1,406,337,336,-1,406,336,410,-1,410,336,330,-1,410,330,372,-1,372,330,328,-1,372,328,373,-1,373,328,335,-1,254,187,260,-1,260,187,186,-1,260,186,261,-1,261,186,185,-1,261,185,262,-1,262,185,184,-1,262,184,269,-1,269,184,215,-1,269,215,270,-1,270,215,214,-1,270,214,271,-1,271,214,197,-1,271,197,293,-1,293,197,196,-1,293,196,294,-1,294,196,221,-1,294,221,295,-1,295,221,220,-1,295,220,281,-1,281,220,219,-1,281,219,280,-1,280,219,191,-1,280,191,278,-1,278,191,193,-1,278,193,282,-1,282,193,211,-1,282,211,268,-1,268,211,209,-1,268,209,267,-1,267,209,208,-1,267,208,265,-1,265,208,179,-1,265,179,263,-1,263,179,177,-1,263,177,285,-1,285,177,175,-1,285,175,286,-1,286,175,174,-1,286,174,288,-1,288,174,216,-1,288,216,274,-1,274,216,205,-1,274,205,291,-1,291,205,203,-1,291,203,247,-1,247,203,202,-1,247,202,248,-1,248,202,201,-1,248,201,250,-1,250,201,199,-1,250,199,251,-1,251,199,198,-1,251,198,246,-1,246,198,190,-1,246,190,245,-1,245,190,189,-1,245,189,244,-1,244,189,188,-1,244,188,252,-1,252,188,182,-1,252,182,253,-1,253,182,180,-1,253,180,254,-1,254,180,187,-1,147,51,132,-1,132,51,50,-1,132,50,133,-1,133,50,42,-1,133,42,143,-1,143,42,41,-1,143,41,144,-1,144,41,40,-1,144,40,103,-1,103,40,32,-1,103,32,121,-1,121,32,30,-1,121,30,122,-1,122,30,39,-1,51,147,53,-1,53,147,146,-1,115,24,137,-1,137,24,22,-1,137,22,138,-1,138,22,21,-1,138,21,140,-1,140,21,68,-1,140,68,129,-1,129,68,57,-1,129,57,127,-1,127,57,55,-1,127,55,145,-1,145,55,54,-1,145,54,146,-1,146,54,53,-1,24,115,26,-1,26,115,117,-1,136,72,114,-1,114,72,71,-1,114,71,113,-1,113,71,43,-1,113,43,111,-1,111,43,45,-1,111,45,124,-1,124,45,63,-1,124,63,120,-1,120,63,61,-1,120,61,119,-1,119,61,60,-1,119,60,117,-1,117,60,26,-1,72,136,73,-1,73,136,135,-1,123,38,104,-1,104,38,37,-1,104,37,105,-1,105,37,36,-1,105,36,106,-1,106,36,67,-1,106,67,107,-1,107,67,66,-1,107,66,108,-1,108,66,49,-1,108,49,134,-1,134,49,48,-1,134,48,135,-1,135,48,73,-1,38,123,39,-1,39,123,122,-1,426,326,358,-1,426,358,439,-1,439,358,360,-1,439,360,440,-1,440,360,361,-1,440,361,432,-1,432,361,343,-1,432,343,433,-1,433,343,342,-1,433,342,435,-1,435,342,340,-1,435,340,371,-1,324,422,420,-1,324,420,365,-1,365,420,418,-1,365,418,366,-1,366,418,417,-1,366,417,355,-1,355,417,413,-1,355,413,354,-1,354,413,412,-1,354,412,352,-1,352,412,401,-1,352,401,348,-1,266,178,210,-1,266,210,283,-1,283,210,212,-1,283,212,284,-1,284,212,213,-1,284,213,276,-1,276,213,195,-1,276,195,277,-1,277,195,194,-1,277,194,279,-1,279,194,192,-1,279,192,223,-1,176,264,287,-1,176,287,217,-1,217,287,289,-1,217,289,218,-1,218,289,290,-1,218,290,207,-1,207,290,275,-1,207,275,206,-1,206,275,273,-1,206,273,204,-1,204,273,272,-1,204,272,200,-1,118,25,62,-1,118,62,125,-1,125,62,64,-1,125,64,126,-1,126,64,65,-1,126,65,109,-1,109,65,47,-1,109,47,110,-1,110,47,46,-1,110,46,112,-1,112,46,44,-1,112,44,75,-1,23,116,139,-1,23,139,69,-1,69,139,141,-1,69,141,70,-1,70,141,142,-1,70,142,59,-1,59,142,131,-1,59,131,58,-1,58,131,130,-1,58,130,56,-1,56,130,128,-1,56,128,52,-1,314,382,385,-1,314,385,315,-1,315,385,384,-1,315,384,316,-1,316,384,383,-1,316,383,317,-1,317,383,381,-1,317,381,318,-1,318,381,380,-1,318,380,320,-1,320,380,391,-1,320,391,321,-1,382,314,375,-1,375,314,313,-1,375,313,376,-1,376,313,311,-1,376,311,408,-1,408,311,310,-1,408,310,409,-1,409,310,301,-1,409,301,394,-1,394,301,300,-1,394,300,407,-1,407,300,329,-1,150,227,243,-1,150,243,166,-1,166,243,242,-1,166,242,163,-1,163,242,241,-1,163,241,164,-1,164,241,240,-1,164,240,165,-1,165,240,239,-1,165,239,167,-1,167,239,238,-1,167,238,148,-1,227,150,228,-1,228,150,162,-1,228,162,230,-1,230,162,161,-1,230,161,231,-1,231,161,160,-1,231,160,232,-1,232,160,156,-1,232,156,249,-1,249,156,155,-1,249,155,292,-1,292,155,181,-1,153,226,168,-1,168,226,237,-1,168,237,154,-1,154,237,236,-1,154,236,157,-1,157,236,235,-1,157,235,158,-1,158,235,234,-1,158,234,159,-1,159,234,233,-1,159,233,183,-1,183,233,222,-1,226,153,152,-1,226,152,257,-1,257,152,151,-1,257,151,256,-1,256,151,173,-1,256,173,255,-1,255,173,172,-1,255,172,258,-1,258,172,171,-1,258,171,259,-1,259,171,170,-1,259,170,224,-1,297,387,305,-1,305,387,386,-1,305,386,306,-1,306,386,378,-1,306,378,307,-1,307,378,377,-1,307,377,308,-1,308,377,400,-1,308,400,309,-1,309,400,399,-1,309,399,331,-1,331,399,370,-1,387,297,296,-1,387,296,389,-1,389,296,304,-1,389,304,390,-1,390,304,303,-1,390,303,396,-1,396,303,302,-1,396,302,397,-1,397,302,319,-1,397,319,398,-1,398,319,298,-1,398,298,388,-1,87,13,88,-1,88,13,12,-1,88,12,89,-1,89,12,1,-1,89,1,90,-1,90,1,0,-1,90,0,86,-1,86,0,6,-1,86,6,81,-1,81,6,3,-1,81,3,102,-1,102,3,31,-1,13,87,101,-1,13,101,29,-1,29,101,100,-1,29,100,28,-1,28,100,99,-1,28,99,27,-1,27,99,98,-1,27,98,33,-1,33,98,97,-1,33,97,34,-1,34,97,96,-1,34,96,14,-1,17,83,15,-1,15,83,82,-1,15,82,7,-1,7,82,78,-1,7,78,8,-1,8,78,85,-1,8,85,4,-1,4,85,80,-1,4,80,5,-1,5,80,79,-1,5,79,35,-1,35,79,74,-1,83,17,19,-1,83,19,94,-1,94,19,11,-1,94,11,91,-1,91,11,10,-1,91,10,92,-1,92,10,9,-1,92,9,93,-1,93,9,20,-1,93,20,95,-1,95,20,18,-1,95,18,84,-1,
        ]
    }
}
Shape{
    appearance Appearance {
        material  Material {
            diffuseColor 0.7529411764705882 0.0 0.0
            specularColor 0.3764705882352941 0.0 0.0
            ambientIntensity 0.2251
            transparency 0.0
            shininess 0.5
        }
    }
    geometry IndexedFaceSet {
        ccw TRUE
        solid FALSE
        coord DEF co Coordinate {
            point [
                -1.6142 1.3189 1.0236, -0.8268 1.3189 1.0236, -1.6142 1.2008 1.0236, -0.8268 1.2008 1.0236, 0.8268 1.2008 1.4173, 0.8268 1.2598 1.4173, 0.8268 1.2008 1.0236, 0.8268 1.3189 1.2205, 0.8268 1.3189 1.0236, 1.6142 1.2598 1.4173, 1.6142 1.2008 1.4173, 1.6142 1.3189 1.2205, 1.6142 1.2008 1.0236, 1.6142 1.3189 1.0236, -0.2362 1.2795 1.4961, -0.2362 1.2008 1.4961, -0.2282 1.2008 1.5572, -0.2282 1.2795 1.5572, -0.2046 1.2008 1.6142, -0.2046 1.2795 1.6142, -0.167 1.2008 1.6631, -0.167 1.2795 1.6631, -0.1181 1.2008 1.7006, -0.1181 1.2795 1.7006, -0.0611 1.2008 1.7242, -0.0611 1.2795 1.7242, 0.0 1.2008 1.7323, 0.0 1.2795 1.7323, 0.0611 1.2008 1.7242, 0.0611 1.2795 1.7242, 0.1181 1.2008 1.7006, 0.1181 1.2795 1.7006, 0.167 1.2008 1.6631, 0.167 1.2795 1.6631, 0.2046 1.2008 1.6142, 0.2046 1.2795 1.6142, 0.2282 1.2008 1.5572, 0.2282 1.2795 1.5572, 0.2362 1.2008 1.4961, 0.2362 1.2795 1.4961, 0.2362 1.2795 1.1024, 0.2362 1.2008 1.1024, -0.2362 1.2795 1.1024, -0.2362 1.2008 1.1024, 0.1969 1.3189 1.1417, -0.1969 1.3189 1.1417, 0.1969 1.3189 1.4961, -0.1969 1.3189 1.4961, 0.1901 1.3189 1.547, 0.1705 1.3189 1.5945, -0.1901 1.3189 1.547, 0.0984 1.3189 1.6665, 0.1392 1.3189 1.6353, -0.1705 1.3189 1.5945, -0.1392 1.3189 1.6353, -0.0984 1.3189 1.6665, -0.0509 1.3189 1.6862, 0.0 1.3189 1.6929, 0.0509 1.3189 1.6862, -1.6142 -1.2598 1.4173, -1.6142 -1.2008 1.4173, -1.6142 -1.3189 1.2205, -1.6142 -1.2008 1.0236, -1.6142 -1.3189 1.0236, -0.8268 -1.3189 1.0236, -0.8268 -1.2008 1.0236, -0.8268 -1.2008 1.4173, -0.8268 -1.2598 1.4173, -0.8268 -1.3189 1.2205, 1.6142 -1.3189 1.0236, 0.8268 -1.3189 1.0236, 1.6142 -1.2008 1.0236, 0.8268 -1.2008 1.0236, 0.2362 -1.2795 1.4961, 0.2362 -1.2008 1.4961, 0.2282 -1.2008 1.5572, 0.2282 -1.2795 1.5572, 0.2046 -1.2008 1.6142, 0.2046 -1.2795 1.6142, 0.167 -1.2008 1.6631, 0.167 -1.2795 1.6631, 0.1181 -1.2008 1.7006, 0.1181 -1.2795 1.7006, 0.0611 -1.2008 1.7242, 0.0611 -1.2795 1.7242, 0.0 -1.2008 1.7323, 0.0 -1.2795 1.7323, -0.0611 -1.2008 1.7242, -0.0611 -1.2795 1.7242, -0.1181 -1.2008 1.7006, -0.1181 -1.2795 1.7006, -0.167 -1.2008 1.6631, -0.167 -1.2795 1.6631, -0.2046 -1.2008 1.6142, -0.2046 -1.2795 1.6142, -0.2282 -1.2008 1.5572, -0.2282 -1.2795 1.5572, -0.2362 -1.2008 1.4961, -0.2362 -1.2795 1.4961, -0.2362 -1.2795 1.1024, -0.2362 -1.2008 1.1024, 0.2362 -1.2795 1.1024, 0.2362 -1.2008 1.1024, -0.1969 -1.3189 1.1417, 0.1969 -1.3189 1.1417, -0.1969 -1.3189 1.4961, 0.1969 -1.3189 1.4961, -0.1901 -1.3189 1.547, -0.1705 -1.3189 1.5945, 0.1901 -1.3189 1.547, -0.0984 -1.3189 1.6665, -0.1392 -1.3189 1.6353, 0.1705 -1.3189 1.5945, 0.1392 -1.3189 1.6353, 0.0984 -1.3189 1.6665, 0.0509 -1.3189 1.6862, 0.0 -1.3189 1.6929, -0.0509 -1.3189 1.6862, -0.8268 1.2598 1.4173, -0.8268 1.3189 1.2205, -1.6142 1.2598 1.4173, -1.6142 1.3189 1.2205, 0.8268 -1.2598 1.4173, 0.8268 -1.3189 1.2205, 1.6142 -1.2598 1.4173, 1.6142 -1.3189 1.2205
            ]
        }
        coordIndex [
            0,1,2,-1,2,1,3,-1,4,5,6,-1,6,5,7,-1,6,7,8,-1,5,4,9,-1,9,4,10,-1,9,10,11,-1,11,10,12,-1,11,12,13,-1,8,13,6,-1,6,13,12,-1,11,13,7,-1,7,13,8,-1,14,15,16,-1,14,16,17,-1,17,16,18,-1,17,18,19,-1,19,18,20,-1,19,20,21,-1,21,20,22,-1,21,22,23,-1,23,22,24,-1,23,24,25,-1,25,24,26,-1,25,26,27,-1,27,26,28,-1,27,28,29,-1,29,28,30,-1,29,30,31,-1,31,30,32,-1,31,32,33,-1,33,32,34,-1,33,34,35,-1,35,34,36,-1,35,36,37,-1,37,36,38,-1,37,38,39,-1,39,38,40,-1,40,38,41,-1,40,41,42,-1,42,41,43,-1,42,43,14,-1,14,43,15,-1,44,45,46,-1,46,45,47,-1,46,47,48,-1,48,47,49,-1,50,51,47,-1,47,51,52,-1,47,52,49,-1,50,53,51,-1,51,53,54,-1,51,54,55,-1,55,56,51,-1,51,56,57,-1,51,57,58,-1,59,60,61,-1,61,60,62,-1,61,62,63,-1,64,63,65,-1,65,63,62,-1,66,67,65,-1,65,67,68,-1,65,68,64,-1,66,60,67,-1,67,60,59,-1,63,64,61,-1,61,64,68,-1,69,70,71,-1,71,70,72,-1,73,74,75,-1,73,75,76,-1,76,75,77,-1,76,77,78,-1,78,77,79,-1,78,79,80,-1,80,79,81,-1,80,81,82,-1,82,81,83,-1,82,83,84,-1,84,83,85,-1,84,85,86,-1,86,85,87,-1,86,87,88,-1,88,87,89,-1,88,89,90,-1,90,89,91,-1,90,91,92,-1,92,91,93,-1,92,93,94,-1,94,93,95,-1,94,95,96,-1,96,95,97,-1,96,97,98,-1,98,97,99,-1,99,97,100,-1,99,100,101,-1,101,100,102,-1,101,102,73,-1,73,102,74,-1,103,104,105,-1,105,104,106,-1,105,106,107,-1,107,106,108,-1,109,110,106,-1,106,110,111,-1,106,111,108,-1,109,112,110,-1,110,112,113,-1,110,113,114,-1,114,115,110,-1,110,115,116,-1,110,116,117,-1,7,5,11,-1,11,5,9,-1,118,119,120,-1,120,119,121,-1,122,123,124,-1,124,123,125,-1,68,67,61,-1,61,67,59,-1,
        ]
    }
}
Shape{
    appearance Appearance {
        material  Material {
            diffuseColor 0.25098039215686274 0.25098039215686274 0.25098039215686274
            specularColor 0.12549019607843137 0.12549019607843137 0.12549019607843137
            ambientIntensity 0.251
            transparency 0.0
            shininess 0.5
        }
    }
    geometry IndexedFaceSet {
        ccw TRUE
        solid FALSE
        coord DEF co Coordinate {
            point [
                -1.1417 -0.7579 4.3005, -1.1417 0.7579 4.3005, -1.1417 -0.7579 2.4213, -1.1417 0.7579 2.4213, 0.4475 0.7579 4.3202, 0.3959 0.7579 4.4094, 0.4475 -0.7579 4.3202, 0.3959 -0.7579 4.4094, 0.1232 -0.7579 4.3307, 0.1232 0.7579 4.3307, 0.0741 -0.7579 4.4104, 0.0741 0.7579 4.4104, 0.1686 -0.7579 4.4094, 0.1686 0.7579 4.4094, -0.1533 -0.7579 4.4085, -0.1533 0.7579 4.4085, -0.1943 -0.7579 4.3327, -0.1943 0.7579 4.3327, -0.2405 -0.7579 4.4077, -0.2405 0.7579 4.4077, -0.4947 -0.7579 4.3327, -0.4947 0.7579 4.3327, -0.5356 -0.7579 4.4085, -0.5356 0.7579 4.4085, -0.4485 -0.7579 4.4077, -0.4485 0.7579 4.4077, -0.7631 -0.7579 4.4104, -0.7631 0.7579 4.4104, -0.8121 -0.7579 4.3307, -0.8121 0.7579 4.3307, -0.8576 -0.7579 4.4094, -0.8576 0.7579 4.4094, -1.1365 -0.7579 4.3202, -1.0849 -0.7579 4.4094, -1.1365 0.7579 4.3202, -1.0849 0.7579 4.4094, -0.9258 -0.7579 4.4094, -0.9258 0.7579 4.4094, -0.9713 -0.7579 4.3307, -0.9713 0.7579 4.3307, -1.0167 -0.7579 4.4094, -1.0167 0.7579 4.4094, -0.6038 -0.7579 4.4104, -0.6038 0.7579 4.4104, -0.6529 -0.7579 4.3307, -0.6529 0.7579 4.3307, -0.6949 -0.7579 4.4085, -0.6949 0.7579 4.4085, -0.3093 -0.7579 4.4044, -0.3093 0.7579 4.4044, -0.3445 -0.7579 4.3327, -0.3445 0.7579 4.3327, -0.3796 -0.7579 4.4044, -0.3796 0.7579 4.4044, 0.0059 -0.7579 4.4085, 0.0059 0.7579 4.4085, -0.0361 -0.7579 4.3307, -0.0361 0.7579 4.3307, -0.0852 -0.7579 4.4104, -0.0852 0.7579 4.4104, 0.3277 -0.7579 4.4094, 0.3277 0.7579 4.4094, 0.2823 -0.7579 4.3307, 0.2823 0.7579 4.3307, 0.2368 -0.7579 4.4094, 0.2368 0.7579 4.4094
            ]
        }
        coordIndex [
            0,1,2,-1,2,1,3,-1,4,5,6,-1,6,5,7,-1,8,9,10,-1,10,9,11,-1,12,13,8,-1,8,13,9,-1,14,15,16,-1,16,15,17,-1,16,17,18,-1,18,17,19,-1,20,21,22,-1,22,21,23,-1,24,25,20,-1,20,25,21,-1,26,27,28,-1,28,27,29,-1,28,29,30,-1,30,29,31,-1,32,33,34,-1,34,33,35,-1,36,37,38,-1,38,37,39,-1,38,39,40,-1,40,39,41,-1,42,43,44,-1,44,43,45,-1,44,45,46,-1,46,45,47,-1,48,49,50,-1,50,49,51,-1,50,51,52,-1,52,51,53,-1,54,55,56,-1,56,55,57,-1,56,57,58,-1,58,57,59,-1,60,61,62,-1,62,61,63,-1,62,63,64,-1,64,63,65,-1,
        ]
    }
}
Shape{
    appearance Appearance {
        material  Material {
            diffuseColor 0.7529411764705882 0.0 0.0
            specularColor 0.3764705882352941 0.0 0.0
            ambientIntensity 0.2251
            transparency 0.0
            shininess 0.5
        }
    }
    geometry IndexedFaceSet {
        ccw TRUE
        solid FALSE
        coord DEF co Coordinate {
            point [
                -1.6926 -0.4728 -0.0342, -1.6929 -0.4724 -0.0394, -1.6929 0.4724 -0.0394, -1.6926 0.4728 -0.0342, -1.6916 0.4738 -0.0292, -1.6916 -0.4738 -0.0292, -1.6899 -0.4754 -0.0243, -1.6899 0.4754 -0.0243, -1.6876 0.4777 -0.0197, -1.6876 -0.4777 -0.0197, -1.6848 -0.4806 -0.0154, -1.6848 0.4806 -0.0154, -1.6814 0.484 -0.0115, -1.6814 -0.484 -0.0115, -1.6732 0.4921 -0.0053, -1.6732 -0.4921 -0.0053, -1.6637 0.5016 -0.0013, -1.6637 -0.5016 -0.0013, -1.6535 0.5118 0.0, -1.6535 -0.5118 0.0, -2.0079 -0.4724 -0.0394, -2.0082 -0.4728 -0.0342, -2.0092 -0.4738 -0.0292, -2.0109 -0.4754 -0.0243, -2.0131 -0.4777 -0.0197, -2.016 -0.4806 -0.0154, -2.0194 -0.484 -0.0115, -2.0276 -0.4921 -0.0053, -2.0371 -0.5016 -0.0013, -2.0472 -0.5118 0.0, -2.0472 0.5118 0.0, -2.0371 0.5016 -0.0013, -2.0276 0.4921 -0.0053, -2.0194 0.484 -0.0115, -2.016 0.4806 -0.0154, -2.0131 0.4777 -0.0197, -2.0109 0.4754 -0.0243, -2.0092 0.4738 -0.0292, -2.0079 0.4724 -0.0394, -2.0082 0.4728 -0.0342, 2.0079 -0.4724 -0.0394, 2.0079 0.4724 -0.0394, 2.0082 -0.4728 -0.0342, 2.0082 0.4728 -0.0342, 2.0092 -0.4738 -0.0292, 2.0092 0.4738 -0.0292, 2.0109 -0.4754 -0.0243, 2.0109 0.4754 -0.0243, 2.0131 -0.4777 -0.0197, 2.0131 0.4777 -0.0197, 2.016 -0.4806 -0.0154, 2.016 0.4806 -0.0154, 2.0194 0.484 -0.0115, 2.0194 -0.484 -0.0115, 2.0276 0.4921 -0.0053, 2.0276 -0.4921 -0.0053, 2.0371 0.5016 -0.0013, 2.0371 -0.5016 -0.0013, 2.0472 0.5118 0.0, 2.0472 -0.5118 0.0, 1.6927 -0.4727 -0.035, 1.6929 -0.4724 -0.0394, 1.6916 -0.4738 -0.0292, 1.6918 -0.4735 -0.0306, 1.6875 -0.4779 -0.0198, 1.689 -0.4763 -0.0223, 1.6812 -0.4841 -0.0117, 1.6843 -0.481 -0.0148, 1.6781 -0.4873 -0.0086, 1.6731 -0.4922 -0.0055, 1.6706 -0.4947 -0.0039, 1.6637 -0.5017 -0.0015, 1.6623 -0.5031 -0.001, 1.6535 -0.5118 0.0, 1.6779 0.4875 -0.0089, 1.6732 0.4921 -0.0053, 1.6705 0.4948 -0.0042, 1.6637 0.5016 -0.0013, 1.6623 0.5031 -0.0011, 1.6535 0.5118 0.0, 1.6814 0.484 -0.0115, 1.6843 0.481 -0.0148, 1.6875 0.4779 -0.0198, 1.689 0.4763 -0.0223, 1.6916 0.4738 -0.0292, 1.6929 0.4724 -0.0394, 1.6927 0.4727 -0.035, 1.6919 0.4734 -0.0306, 0.1575 -0.4724 -0.0394, 0.1575 0.4724 -0.0394, 0.1578 -0.4728 -0.0342, 0.1578 0.4728 -0.0342, 0.1588 -0.4738 -0.0292, 0.1588 0.4738 -0.0292, 0.1605 -0.4754 -0.0243, 0.1605 0.4754 -0.0243, 0.1628 -0.4777 -0.0197, 0.1628 0.4777 -0.0197, 0.1656 -0.4806 -0.0154, 0.1656 0.4806 -0.0154, 0.169 -0.484 -0.0115, 0.169 0.484 -0.0115, 0.1772 0.4921 -0.0053, 0.1772 -0.4921 -0.0053, 0.1867 0.5016 -0.0013, 0.1867 -0.5016 -0.0013, 0.1969 0.5118 0.0, 0.1969 -0.5118 0.0, -0.1588 -0.4738 -0.0292, -0.1578 -0.4728 -0.0342, -0.1575 -0.4724 -0.0394, -0.1628 -0.4777 -0.0197, -0.1605 -0.4754 -0.0243, -0.1656 -0.4806 -0.0154, -0.169 -0.484 -0.0115, -0.1772 -0.4921 -0.0053, -0.1867 -0.5016 -0.0013, -0.1969 -0.5118 0.0, -0.1969 0.5118 0.0, -0.1867 0.5016 -0.0013, -0.1772 0.4921 -0.0053, -0.169 0.484 -0.0115, -0.1656 0.4806 -0.0154, -0.1628 0.4777 -0.0197, -0.1605 0.4754 -0.0243, -0.1588 0.4738 -0.0292, -0.1575 0.4724 -0.0394, -0.1578 0.4728 -0.0342, 2.3228 1.1716 0.0013, 2.3228 1.1614 0.0, 1.2952 1.1614 0.0, 0.8932 1.1614 0.0, 0.8236 1.1614 0.0, 0.766 1.1614 0.0, 0.6921 1.1614 0.0, 0.4075 1.1614 0.0, -0.9252 1.1614 0.0, -2.3228 1.1614 0.0, -2.3228 1.1716 0.0013, -2.185 1.1614 0.0, -2.3228 1.1811 0.0053, 2.3228 1.1811 0.0053, -2.3228 1.1893 0.0115, 2.3228 1.1893 0.0115, -2.3228 1.1955 0.0197, 2.3228 1.1955 0.0197, -2.3228 1.1994 0.0292, 2.3228 1.1994 0.0292, -2.3228 1.2008 0.0394, 2.3228 1.2008 0.0394, -2.3228 -0.8366 0.0, -2.3228 -1.1614 0.0, -2.333 -1.1614 0.0013, -2.3228 0.9124 0.0, -2.333 1.1614 0.0013, -2.3228 0.8327 0.0, -2.3425 -1.1614 0.0053, -2.3425 1.1614 0.0053, -2.3507 -1.1614 0.0115, -2.3507 1.1614 0.0115, -2.3569 -1.1614 0.0197, -2.3569 1.1614 0.0197, -2.3609 -1.1614 0.0292, -2.3609 1.1614 0.0292, -2.3622 -1.1614 0.0394, -2.3622 1.1614 0.0394, 2.3228 -1.1614 0.0, 2.3228 -0.8366 0.0, 2.333 -1.1614 0.0013, 2.3228 0.8327 0.0, 2.333 1.1614 0.0013, 2.3228 0.9124 0.0, 2.3425 1.1614 0.0053, 2.3425 -1.1614 0.0053, 2.3507 1.1614 0.0115, 2.3507 -1.1614 0.0115, 2.3569 1.1614 0.0197, 2.3569 -1.1614 0.0197, 2.3609 1.1614 0.0292, 2.3609 -1.1614 0.0292, 2.3622 1.1614 0.0394, 2.3622 -1.1614 0.0394, -2.185 -1.1614 0.0, -2.3228 -1.1716 0.0013, -0.9252 -1.1614 0.0, 0.4075 -1.1614 0.0, 0.6921 -1.1614 0.0, 2.3228 -1.1716 0.0013, 0.766 -1.1614 0.0, 0.8236 -1.1614 0.0, 0.8932 -1.1614 0.0, 1.2952 -1.1614 0.0, 2.3228 -1.1811 0.0053, -2.3228 -1.1811 0.0053, 2.3228 -1.1893 0.0115, -2.3228 -1.1893 0.0115, 2.3228 -1.1955 0.0197, -2.3228 -1.1955 0.0197, 2.3228 -1.1994 0.0292, -2.3228 -1.1994 0.0292, 2.3228 -1.2008 0.0394, -2.3228 -1.2008 0.0394
            ]
        }
        coordIndex [
            0,1,2,-1,2,3,0,-1,0,3,4,-1,0,4,5,-1,5,4,6,-1,4,7,6,-1,6,7,8,-1,6,8,9,-1,9,8,10,-1,8,11,10,-1,10,11,12,-1,10,12,13,-1,13,12,14,-1,13,14,15,-1,15,14,16,-1,15,16,17,-1,17,16,18,-1,17,18,19,-1,20,1,21,-1,21,1,0,-1,21,0,22,-1,22,0,5,-1,22,5,23,-1,23,5,6,-1,23,6,24,-1,24,6,9,-1,24,9,25,-1,25,9,10,-1,25,10,26,-1,10,13,26,-1,26,13,15,-1,26,15,27,-1,27,15,17,-1,27,17,28,-1,28,17,19,-1,28,19,29,-1,30,18,16,-1,30,16,31,-1,31,16,14,-1,31,14,32,-1,32,14,12,-1,32,12,33,-1,33,12,34,-1,34,12,11,-1,34,11,35,-1,11,8,35,-1,35,8,7,-1,35,7,36,-1,36,7,37,-1,3,2,38,-1,7,4,37,-1,37,4,3,-1,37,3,39,-1,39,3,38,-1,38,20,39,-1,39,20,21,-1,39,21,37,-1,37,21,22,-1,37,22,36,-1,36,22,23,-1,36,23,35,-1,35,23,24,-1,35,24,34,-1,24,25,34,-1,34,25,26,-1,34,26,33,-1,33,26,27,-1,33,27,32,-1,32,27,28,-1,32,28,31,-1,31,28,29,-1,31,29,30,-1,40,41,42,-1,42,41,43,-1,42,43,44,-1,44,43,45,-1,44,45,46,-1,46,45,47,-1,46,47,48,-1,48,47,49,-1,48,49,50,-1,49,51,50,-1,50,51,52,-1,50,52,53,-1,53,52,54,-1,53,54,55,-1,55,54,56,-1,55,56,57,-1,57,56,58,-1,57,58,59,-1,60,61,40,-1,62,63,44,-1,44,63,60,-1,44,60,42,-1,42,60,40,-1,48,64,65,-1,62,44,65,-1,65,44,46,-1,65,46,48,-1,53,66,67,-1,64,48,67,-1,67,48,50,-1,67,50,53,-1,66,53,68,-1,68,53,55,-1,68,55,69,-1,69,55,70,-1,70,55,57,-1,70,57,71,-1,71,57,72,-1,72,57,59,-1,72,59,73,-1,74,75,54,-1,54,75,56,-1,75,76,56,-1,56,76,77,-1,56,77,58,-1,58,77,78,-1,58,78,79,-1,74,54,80,-1,80,54,52,-1,80,52,81,-1,81,52,51,-1,81,51,82,-1,82,51,49,-1,82,49,83,-1,83,49,47,-1,83,47,84,-1,41,85,43,-1,43,85,86,-1,47,45,84,-1,84,45,43,-1,84,43,87,-1,87,43,86,-1,86,85,61,-1,86,61,87,-1,61,60,87,-1,87,60,63,-1,87,63,84,-1,84,63,62,-1,84,62,83,-1,67,82,64,-1,64,82,83,-1,64,83,65,-1,65,83,62,-1,74,80,67,-1,67,80,81,-1,67,81,82,-1,67,66,74,-1,74,66,68,-1,74,68,75,-1,75,68,76,-1,76,68,69,-1,76,69,70,-1,71,78,70,-1,70,78,77,-1,70,77,76,-1,71,72,78,-1,78,72,73,-1,78,73,79,-1,88,89,90,-1,90,89,91,-1,90,91,92,-1,92,91,93,-1,92,93,94,-1,94,93,95,-1,94,95,96,-1,96,95,97,-1,96,97,98,-1,98,97,99,-1,98,99,100,-1,99,101,100,-1,100,101,102,-1,100,102,103,-1,103,102,104,-1,103,104,105,-1,105,104,106,-1,105,106,107,-1,92,108,109,-1,110,88,109,-1,109,88,90,-1,109,90,92,-1,96,111,112,-1,108,92,112,-1,112,92,94,-1,112,94,96,-1,111,96,113,-1,113,96,98,-1,113,98,114,-1,98,100,114,-1,114,100,103,-1,114,103,115,-1,115,103,105,-1,115,105,116,-1,116,105,107,-1,116,107,117,-1,118,106,104,-1,118,104,119,-1,119,104,102,-1,119,102,120,-1,120,102,101,-1,120,101,121,-1,121,101,122,-1,122,101,99,-1,122,99,123,-1,123,99,97,-1,123,97,124,-1,124,97,95,-1,124,95,125,-1,91,89,126,-1,95,93,125,-1,125,93,91,-1,125,91,127,-1,127,91,126,-1,108,125,127,-1,126,110,127,-1,127,110,109,-1,127,109,108,-1,111,123,124,-1,125,108,124,-1,124,108,112,-1,124,112,111,-1,123,111,122,-1,122,111,113,-1,122,113,121,-1,113,114,121,-1,121,114,115,-1,121,115,120,-1,120,115,116,-1,120,116,119,-1,119,116,117,-1,119,117,118,-1,128,129,130,-1,130,131,128,-1,128,131,132,-1,128,132,133,-1,133,134,128,-1,128,134,135,-1,128,135,136,-1,137,138,139,-1,139,138,136,-1,136,138,128,-1,128,138,140,-1,128,140,141,-1,141,140,142,-1,141,142,143,-1,143,142,144,-1,143,144,145,-1,145,144,146,-1,145,146,147,-1,147,146,148,-1,147,148,149,-1,150,151,152,-1,137,153,154,-1,154,153,155,-1,150,152,155,-1,155,152,154,-1,154,152,156,-1,154,156,157,-1,157,156,158,-1,157,158,159,-1,159,158,160,-1,159,160,161,-1,161,160,162,-1,161,162,163,-1,163,162,164,-1,163,164,165,-1,166,167,168,-1,168,167,169,-1,129,170,171,-1,171,170,169,-1,169,170,168,-1,168,170,172,-1,168,172,173,-1,173,172,174,-1,173,174,175,-1,175,174,176,-1,175,176,177,-1,177,176,178,-1,177,178,179,-1,179,178,180,-1,179,180,181,-1,151,182,183,-1,183,182,184,-1,183,184,185,-1,185,186,187,-1,187,186,188,-1,187,188,189,-1,189,190,187,-1,187,190,191,-1,187,191,166,-1,185,187,183,-1,183,187,192,-1,183,192,193,-1,193,192,194,-1,193,194,195,-1,195,194,196,-1,195,196,197,-1,197,196,198,-1,197,198,199,-1,199,198,200,-1,199,200,201,-1,
        ]
    }
}
Shape{
    appearance Appearance {
        material  Material {
            diffuseColor 1.0 1.0 1.0
            specularColor 0.8784313725490196 0.8784313725490196 0.8784313725490196
            ambientIntensity 1.0
            transparency 0.0
            shininess 0.5
        }
    }
    geometry IndexedFaceSet {
        ccw TRUE
        solid FALSE
        coord DEF co Coordinate {
            point [
                0.8966 0.8418 -0.0079, 0.8966 0.8331 -0.0079, 0.8966 0.8418 0.0, 0.8966 0.8331 0.0, 0.9264 0.8418 -0.0079, 0.9264 0.8418 0.0, 0.9264 0.9119 -0.0079, 0.9264 0.9119 0.0, 0.9369 0.9119 -0.0079, 0.9369 0.9119 0.0, 0.9369 0.8331 -0.0079, 0.9369 0.8331 0.0, 0.8313 0.8459 -0.0079, 0.8313 0.8372 -0.0079, 0.8313 0.8459 0.0, 0.8313 0.8372 0.0, 0.8327 0.8451 0.0, 0.8327 0.8451 -0.0079, 0.8411 0.842 0.0, 0.8411 0.842 -0.0079, 0.8515 0.8408 0.0, 0.8515 0.8408 -0.0079, 0.8589 0.8416 0.0, 0.8589 0.8416 -0.0079, 0.8646 0.8438 0.0, 0.8646 0.8438 -0.0079, 0.8694 0.847 0.0, 0.8694 0.847 -0.0079, 0.8731 0.8509 0.0, 0.8731 0.8509 -0.0079, 0.8764 0.8564 0.0, 0.8764 0.8564 -0.0079, 0.8785 0.8631 0.0, 0.8785 0.8631 -0.0079, 0.8793 0.8717 0.0, 0.8793 0.8717 -0.0079, 0.8789 0.8778 0.0, 0.8789 0.8778 -0.0079, 0.8768 0.8862 0.0, 0.8768 0.8862 -0.0079, 0.8736 0.8923 0.0, 0.8736 0.8923 -0.0079, 0.8688 0.8976 0.0, 0.8688 0.8976 -0.0079, 0.8634 0.9012 0.0, 0.8634 0.9012 -0.0079, 0.8575 0.9033 0.0, 0.8575 0.9033 -0.0079, 0.8497 0.9042 0.0, 0.8497 0.9042 -0.0079, 0.8402 0.903 0.0, 0.8402 0.903 -0.0079, 0.8313 0.8992 0.0, 0.8313 0.8992 -0.0079, 0.8313 0.9097 -0.0079, 0.8313 0.9097 0.0, 0.8498 0.9128 0.0, 0.8498 0.9128 -0.0079, 0.8429 0.9124 0.0, 0.8404 0.9122 -0.0079, 0.8404 0.9122 0.0, 0.8557 0.9124 0.0, 0.8577 0.9122 -0.0079, 0.8577 0.9122 0.0, 0.8665 0.9096 0.0, 0.8665 0.9096 -0.0079, 0.874 0.9053 0.0, 0.874 0.9053 -0.0079, 0.8811 0.8985 0.0, 0.8811 0.8985 -0.0079, 0.8857 0.8911 0.0, 0.8857 0.8911 -0.0079, 0.8887 0.8822 0.0, 0.8887 0.8822 -0.0079, 0.8899 0.871 0.0, 0.8899 0.871 -0.0079, 0.8891 0.8619 0.0, 0.8891 0.8619 -0.0079, 0.8867 0.8536 0.0, 0.8867 0.8536 -0.0079, 0.8826 0.8461 0.0, 0.8826 0.8461 -0.0079, 0.8766 0.8399 0.0, 0.8766 0.8399 -0.0079, 0.8703 0.8358 0.0, 0.8703 0.8358 -0.0079, 0.8627 0.8332 0.0, 0.8627 0.8332 -0.0079, 0.853 0.8322 -0.0079, 0.8576 0.8327 0.0, 0.853 0.8322 0.0, 0.8397 0.8338 -0.0079, 0.8508 0.8322 0.0, 0.8508 0.8322 -0.0079, 0.8477 0.8327 0.0, 0.8397 0.8338 0.0, 0.7737 0.8418 -0.0079, 0.7737 0.8331 -0.0079, 0.7737 0.8418 0.0, 0.7737 0.8331 0.0, 0.8054 0.8418 -0.0079, 0.8054 0.8418 0.0, 0.8054 0.8687 -0.0079, 0.8054 0.8687 0.0, 0.7775 0.8687 -0.0079, 0.7775 0.8687 0.0, 0.7775 0.8773 -0.0079, 0.7775 0.8773 0.0, 0.8054 0.8773 -0.0079, 0.8054 0.8773 0.0, 0.8054 0.9032 -0.0079, 0.8054 0.9032 0.0, 0.7756 0.9032 -0.0079, 0.7756 0.9032 0.0, 0.7756 0.9119 -0.0079, 0.7756 0.9119 0.0, 0.8159 0.9119 -0.0079, 0.8159 0.9119 0.0, 0.8159 0.8331 -0.0079, 0.8159 0.8331 0.0, 0.6976 0.8887 -0.0079, 0.7013 0.8954 -0.0079, 0.7108 0.8922 -0.0079, 0.7069 0.9016 -0.0079, 0.7146 0.8963 -0.0079, 0.7069 0.9017 -0.0079, 0.7203 0.9 -0.0079, 0.7155 0.9074 -0.0079, 0.7268 0.9022 -0.0079, 0.7247 0.9107 -0.0079, 0.7361 0.9032 -0.0079, 0.7361 0.9119 -0.0079, 0.7478 0.9032 -0.0079, 0.7583 0.9119 -0.0079, 0.7478 0.8418 -0.0079, 0.7583 0.8331 -0.0079, 0.7366 0.8418 -0.0079, 0.7369 0.8331 -0.0079, 0.7283 0.8426 -0.0079, 0.7272 0.834 -0.0079, 0.7217 0.8446 -0.0079, 0.7181 0.8367 -0.0079, 0.7163 0.8478 -0.0079, 0.7099 0.8415 -0.0079, 0.7119 0.8522 -0.0079, 0.7034 0.8477 -0.0079, 0.7085 0.8576 -0.0079, 0.6989 0.8547 -0.0079, 0.7062 0.865 -0.0079, 0.6961 0.863 -0.0079, 0.7055 0.8733 -0.0079, 0.6949 0.8735 -0.0079, 0.7062 0.8811 -0.0079, 0.6955 0.8809 -0.0079, 0.708 0.8873 -0.0079, 0.7369 0.8331 0.0, 0.7583 0.8331 0.0, 0.7272 0.834 0.0, 0.7181 0.8367 0.0, 0.7099 0.8415 0.0, 0.7034 0.8477 0.0, 0.6989 0.8547 0.0, 0.6961 0.863 0.0, 0.6949 0.8735 0.0, 0.6955 0.8809 0.0, 0.6976 0.8887 0.0, 0.7013 0.8954 0.0, 0.7069 0.9016 0.0, 0.7069 0.9017 0.0, 0.7155 0.9074 0.0, 0.7247 0.9107 0.0, 0.7361 0.9119 0.0, 0.7583 0.9119 0.0, 0.7361 0.9032 0.0, 0.7478 0.9032 0.0, 0.7478 0.8418 0.0, 0.7366 0.8418 0.0, 0.7055 0.8733 0.0, 0.7062 0.865 0.0, 0.7085 0.8576 0.0, 0.7119 0.8522 0.0, 0.7163 0.8478 0.0, 0.7217 0.8446 0.0, 0.7283 0.8426 0.0, 0.7268 0.9022 0.0, 0.7203 0.9 0.0, 0.7146 0.8963 0.0, 0.7108 0.8922 0.0, 0.708 0.8873 0.0, 0.7062 0.8811 0.0
            ]
        }
        coordIndex [
            0,1,2,-1,2,1,3,-1,4,0,5,-1,5,0,2,-1,6,4,7,-1,7,4,5,-1,8,6,9,-1,9,6,7,-1,10,8,11,-1,11,8,9,-1,1,10,3,-1,3,10,11,-1,6,8,4,-1,4,8,10,-1,4,10,0,-1,0,10,1,-1,12,13,14,-1,14,13,15,-1,12,14,16,-1,12,16,17,-1,17,16,18,-1,17,18,19,-1,19,18,20,-1,19,20,21,-1,21,20,22,-1,21,22,23,-1,23,22,24,-1,23,24,25,-1,25,24,26,-1,25,26,27,-1,27,26,28,-1,27,28,29,-1,29,28,30,-1,29,30,31,-1,31,30,32,-1,31,32,33,-1,33,32,34,-1,33,34,35,-1,35,34,36,-1,35,36,37,-1,37,36,38,-1,37,38,39,-1,39,38,40,-1,39,40,41,-1,41,40,42,-1,41,42,43,-1,43,42,44,-1,43,44,45,-1,45,44,46,-1,45,46,47,-1,47,46,48,-1,47,48,49,-1,49,48,50,-1,49,50,51,-1,51,50,52,-1,51,52,53,-1,54,53,55,-1,55,53,52,-1,56,57,58,-1,58,57,59,-1,58,59,60,-1,60,59,54,-1,60,54,55,-1,56,61,57,-1,57,61,62,-1,61,63,62,-1,62,63,64,-1,62,64,65,-1,65,64,66,-1,65,66,67,-1,67,66,68,-1,67,68,69,-1,69,68,70,-1,69,70,71,-1,71,70,72,-1,71,72,73,-1,73,72,74,-1,73,74,75,-1,75,74,76,-1,75,76,77,-1,77,76,78,-1,77,78,79,-1,79,78,80,-1,79,80,81,-1,81,80,82,-1,81,82,83,-1,83,82,84,-1,83,84,85,-1,85,84,86,-1,85,86,87,-1,87,86,88,-1,88,86,89,-1,88,89,90,-1,15,13,91,-1,88,90,92,-1,88,92,93,-1,93,92,94,-1,93,94,91,-1,91,94,95,-1,91,95,15,-1,23,88,21,-1,21,88,93,-1,21,93,19,-1,19,93,91,-1,19,91,17,-1,17,91,13,-1,17,13,12,-1,53,54,51,-1,51,54,59,-1,51,59,49,-1,49,59,57,-1,49,57,47,-1,47,57,62,-1,47,62,45,-1,45,62,65,-1,45,65,43,-1,43,65,67,-1,43,67,41,-1,41,67,69,-1,41,69,39,-1,39,69,71,-1,39,71,37,-1,37,71,73,-1,37,73,35,-1,35,73,75,-1,35,75,33,-1,33,75,77,-1,33,77,31,-1,31,77,79,-1,31,79,29,-1,29,79,81,-1,29,81,27,-1,27,81,83,-1,27,83,25,-1,25,83,85,-1,25,85,23,-1,23,85,87,-1,23,87,88,-1,96,97,98,-1,98,97,99,-1,100,96,101,-1,101,96,98,-1,102,100,103,-1,103,100,101,-1,104,102,105,-1,105,102,103,-1,106,104,107,-1,107,104,105,-1,108,106,109,-1,109,106,107,-1,110,108,111,-1,111,108,109,-1,112,110,113,-1,113,110,111,-1,114,112,115,-1,115,112,113,-1,116,114,117,-1,117,114,115,-1,118,116,119,-1,119,116,117,-1,97,118,99,-1,99,118,119,-1,118,97,96,-1,96,100,118,-1,118,100,102,-1,118,102,116,-1,112,114,110,-1,110,114,116,-1,110,116,108,-1,108,116,102,-1,108,102,106,-1,106,102,104,-1,120,121,122,-1,122,121,123,-1,122,123,124,-1,124,123,125,-1,124,125,126,-1,126,125,127,-1,126,127,128,-1,128,127,129,-1,128,129,130,-1,130,129,131,-1,130,131,132,-1,132,131,133,-1,132,133,134,-1,134,133,135,-1,134,135,136,-1,136,135,137,-1,136,137,138,-1,138,137,139,-1,138,139,140,-1,140,139,141,-1,140,141,142,-1,142,141,143,-1,142,143,144,-1,144,143,145,-1,144,145,146,-1,146,145,147,-1,146,147,148,-1,148,147,149,-1,148,149,150,-1,150,149,151,-1,150,151,152,-1,152,151,153,-1,152,153,154,-1,154,153,120,-1,154,120,122,-1,137,135,155,-1,155,135,156,-1,137,155,157,-1,137,157,139,-1,139,157,158,-1,139,158,141,-1,141,158,159,-1,141,159,143,-1,143,159,160,-1,143,160,145,-1,145,160,161,-1,145,161,147,-1,147,161,162,-1,147,162,149,-1,149,162,163,-1,149,163,151,-1,151,163,164,-1,151,164,153,-1,153,164,165,-1,153,165,120,-1,120,165,166,-1,120,166,121,-1,121,166,167,-1,121,167,123,-1,123,167,168,-1,123,168,125,-1,125,168,169,-1,125,169,127,-1,127,169,170,-1,127,170,129,-1,129,170,171,-1,129,171,131,-1,133,131,172,-1,172,131,171,-1,135,133,156,-1,156,133,172,-1,130,132,173,-1,173,132,174,-1,132,134,174,-1,174,134,175,-1,134,136,175,-1,175,136,176,-1,150,177,178,-1,150,178,148,-1,148,178,179,-1,148,179,146,-1,146,179,180,-1,146,180,144,-1,144,180,181,-1,144,181,142,-1,142,181,182,-1,142,182,140,-1,140,182,183,-1,140,183,138,-1,138,183,176,-1,138,176,136,-1,130,173,184,-1,130,184,128,-1,128,184,185,-1,128,185,126,-1,126,185,186,-1,126,186,124,-1,124,186,187,-1,124,187,122,-1,122,187,188,-1,122,188,154,-1,154,188,189,-1,154,189,152,-1,152,189,177,-1,152,177,150,-1,
        ]
    }
}
Shape{
    appearance Appearance {
        material  Material {
            diffuseColor 0.7529411764705882 0.0 0.0
            specularColor 0.3764705882352941 0.0 0.0
            ambientIntensity 0.2251
            transparency 0.0
            shininess 0.5
        }
    }
    geometry IndexedFaceSet {
        ccw TRUE
        solid FALSE
        coord DEF co Coordinate {
            point [
                0.7478 0.9032 0.0, 0.7478 0.8418 0.0, 0.7361 0.9032 0.0, 0.7366 0.8418 0.0, 0.7283 0.8426 0.0, 0.7055 0.8733 0.0, 0.7062 0.8811 0.0, 0.708 0.8873 0.0, 0.7268 0.9022 0.0, 0.7217 0.8446 0.0, 0.7163 0.8478 0.0, 0.7119 0.8522 0.0, 0.7085 0.8576 0.0, 0.7062 0.865 0.0, 0.7108 0.8922 0.0, 0.7146 0.8963 0.0, 0.7203 0.9 0.0
            ]
        }
        coordIndex [
            0,1,2,-1,2,1,3,-1,2,3,4,-1,5,6,2,-1,2,6,7,-1,2,7,8,-1,4,9,2,-1,2,9,10,-1,2,10,11,-1,11,12,2,-1,2,12,13,-1,2,13,5,-1,14,15,7,-1,7,15,16,-1,7,16,8,-1,
        ]
    }
}
Shape{
    appearance Appearance {
        material  Material {
            diffuseColor 1.0 1.0 1.0
            specularColor 0.8784313725490196 0.8784313725490196 0.8784313725490196
            ambientIntensity 1.0
            transparency 0.0
            shininess 0.5
        }
    }
    geometry IndexedFaceSet {
        ccw TRUE
        solid FALSE
        coord DEF co Coordinate {
            point [
                0.6675 0.8639 -0.0079, 0.6701 0.8552 -0.0079, 0.6412 0.8639 -0.0079, 0.6376 0.8552 -0.0079, 0.6557 0.8968 -0.0079, 0.6594 0.9119 -0.0079, 0.6892 0.8331 -0.0079, 0.6777 0.8331 -0.0079, 0.655 0.8995 -0.0079, 0.6545 0.9023 -0.0079, 0.6489 0.9119 -0.0079, 0.6542 0.9023 -0.0079, 0.6537 0.8995 -0.0079, 0.653 0.8968 -0.0079, 0.6181 0.8331 -0.0079, 0.6297 0.8331 -0.0079, 0.6489 0.9119 0.0, 0.6181 0.8331 0.0, 0.6594 0.9119 0.0, 0.6892 0.8331 0.0, 0.6777 0.8331 0.0, 0.6701 0.8552 0.0, 0.6376 0.8552 0.0, 0.6297 0.8331 0.0, 0.6675 0.8639 0.0, 0.6412 0.8639 0.0, 0.653 0.8968 0.0, 0.6542 0.9023 0.0, 0.6537 0.8995 0.0, 0.6545 0.9023 0.0, 0.6557 0.8968 0.0, 0.655 0.8995 0.0
            ]
        }
        coordIndex [
            0,1,2,-1,2,1,3,-1,4,5,0,-1,0,5,6,-1,0,6,1,-1,1,6,7,-1,4,8,5,-1,5,8,9,-1,5,9,10,-1,10,9,11,-1,10,11,12,-1,12,13,10,-1,10,13,2,-1,10,2,14,-1,14,2,3,-1,14,3,15,-1,10,14,16,-1,16,14,17,-1,5,10,18,-1,18,10,16,-1,6,5,19,-1,19,5,18,-1,7,6,20,-1,20,6,19,-1,1,7,21,-1,21,7,20,-1,3,1,22,-1,22,1,21,-1,15,3,23,-1,23,3,22,-1,14,15,17,-1,17,15,23,-1,0,2,24,-1,24,2,25,-1,2,13,25,-1,25,13,26,-1,11,27,28,-1,11,28,12,-1,12,28,26,-1,12,26,13,-1,11,9,27,-1,27,9,29,-1,4,30,31,-1,4,31,8,-1,8,31,29,-1,8,29,9,-1,4,0,30,-1,30,0,24,-1,
        ]
    }
}
Shape{
    appearance Appearance {
        material  Material {
            diffuseColor 0.7529411764705882 0.0 0.0
            specularColor 0.3764705882352941 0.0 0.0
            ambientIntensity 0.2251
            transparency 0.0
            shininess 0.5
        }
    }
    geometry IndexedFaceSet {
        ccw TRUE
        solid FALSE
        coord DEF co Coordinate {
            point [
                0.6675 0.8639 0.0, 0.6412 0.8639 0.0, 0.6557 0.8968 0.0, 0.653 0.8968 0.0, 0.655 0.8995 0.0, 0.6537 0.8995 0.0, 0.6545 0.9023 0.0, 0.6542 0.9023 0.0, 2.3228 0.7874 2.3819, 2.2835 0.7874 2.3819, 2.3228 0.7874 1.7913, 2.2835 0.7874 1.7913, 2.3228 -0.7874 1.7913, 2.2835 -0.7874 1.7913, 2.3228 -0.7874 2.3819, 2.2835 -0.7874 2.3819, -2.3228 -0.7874 2.3819, -2.2835 -0.7874 2.3819, -2.3228 -0.7874 1.7913, -2.2835 -0.7874 1.7913, -2.3228 0.7874 1.7913, -2.2835 0.7874 1.7913, -2.3228 0.7874 2.3819, -2.2835 0.7874 2.3819
            ]
        }
        coordIndex [
            0,1,2,-1,2,1,3,-1,2,3,4,-1,4,3,5,-1,4,5,6,-1,6,5,7,-1,8,9,10,-1,10,9,11,-1,10,11,12,-1,12,11,13,-1,12,13,14,-1,14,13,15,-1,13,11,15,-1,15,11,9,-1,16,17,18,-1,18,17,19,-1,18,19,20,-1,20,19,21,-1,20,21,22,-1,22,21,23,-1,21,19,23,-1,23,19,17,-1,
        ]
    }
}
Shape{
    appearance Appearance {
        material  Material {
            diffuseColor 0.25098039215686274 0.25098039215686274 0.25098039215686274
            specularColor 0.12549019607843137 0.12549019607843137 0.12549019607843137
            ambientIntensity 0.251
            transparency 0.0
            shininess 0.5
        }
    }
    geometry IndexedFaceSet {
        ccw TRUE
        solid FALSE
        coord DEF co Coordinate {
            point [
                -0.3093 0.7579 4.4044, -0.3093 -0.7579 4.4044, -0.3048 0.7579 4.4114, -0.3048 -0.7579 4.4114, -0.3043 0.7579 4.4122, -0.2894 -0.7579 4.4233, -0.2975 0.7579 4.4186, -0.2975 -0.7579 4.4186, -0.3043 -0.7579 4.4122, -0.2405 -0.7579 4.4077, -0.2405 0.7579 4.4077, -0.2433 -0.7579 4.4113, -0.2433 0.7579 4.4113, -0.2462 -0.7579 4.415, -0.2462 0.7579 4.415, -0.2495 -0.7579 4.4175, -0.2495 0.7579 4.4175, -0.2536 -0.7579 4.4207, -0.2536 0.7579 4.4207, -0.2569 -0.7579 4.4222, -0.2569 0.7579 4.4222, -0.2621 -0.7579 4.4246, -0.2621 0.7579 4.4246, -0.2652 -0.7579 4.4252, -0.2652 0.7579 4.4252, -0.2712 -0.7579 4.4263, -0.2712 0.7579 4.4263, -0.274 -0.7579 4.4264, -0.274 0.7579 4.4264, -0.2805 -0.7579 4.4259, -0.2805 0.7579 4.4259, -0.2827 -0.7579 4.4252, -0.2827 0.7579 4.4252, -0.2894 0.7579 4.4233, -0.2889 0.7665 4.4225, -0.2816 0.7623 4.4254, -0.2802 0.7641 4.4254, -0.2825 0.7602 4.4254, -0.2917 0.792 4.3957, -0.293 0.7908 4.3964, -0.2918 0.7887 4.4039, -0.3083 0.7664 4.4039, -0.3038 0.7659 4.4114, -0.3082 0.7671 4.4039, -0.299 0.7857 4.3993, -0.3046 0.7776 4.4021, -0.3048 0.7757 4.4039, -0.3052 0.7759 4.4024, -0.3081 0.7681 4.4038, -0.2832 0.7922 4.4039, -0.2839 0.795 4.3955, -0.2912 0.7922 4.3955, -0.274 0.7972 4.3871, -0.2831 0.7959 4.3915, -0.284 0.7955 4.392, -0.264 0.7953 4.3932, -0.2653 0.7959 4.3924, -0.274 0.7963 4.3955, -0.2603 0.7934 4.3955, -0.264 0.795 4.3955, -0.2572 0.792 4.3974, -0.2648 0.7922 4.4039, -0.2553 0.7903 4.3985, -0.2487 0.7833 4.4026, -0.2503 0.7857 4.4016, -0.2562 0.7887 4.4039, -0.2466 0.7801 4.4039, -0.2488 0.783 4.4039, -0.2449 0.7776 4.4049, -0.2521 0.7797 4.4114, -0.2441 0.7752 4.4054, -0.2906 0.7623 4.4225, -0.2978 0.7643 4.4177, -0.2655 0.7602 4.4254, -0.2574 0.7623 4.4225, -0.2502 0.7643 4.4177, -0.2953 0.7702 4.4177, -0.2861 0.77 4.4225, -0.2784 0.7655 4.4254, -0.2914 0.7753 4.4177, -0.2958 0.7797 4.4114, -0.3008 0.7733 4.4114, -0.2678 0.7641 4.4254, -0.2664 0.7623 4.4254, -0.2618 0.77 4.4225, -0.2591 0.7665 4.4225, -0.2565 0.7753 4.4177, -0.2526 0.7702 4.4177, -0.2472 0.7733 4.4114, -0.2416 0.7681 4.407, -0.2414 0.7666 4.4071, -0.2441 0.7659 4.4114, -0.2991 0.783 4.4039, -0.2894 0.7846 4.4114, -0.2863 0.7792 4.4177, -0.2826 0.7727 4.4225, -0.282 0.7877 4.4114, -0.2804 0.7817 4.4177, -0.2784 0.7745 4.4225, -0.2763 0.7664 4.4254, -0.2717 0.7664 4.4254, -0.2696 0.7655 4.4254, -0.2695 0.7745 4.4225, -0.2654 0.7727 4.4225, -0.2676 0.7817 4.4177, -0.2616 0.7792 4.4177, -0.266 0.7877 4.4114, -0.2585 0.7846 4.4114, -0.274 0.7667 4.4254, -0.274 0.7751 4.4225, -0.274 0.7825 4.4177, -0.274 0.7888 4.4114, -0.274 0.7935 4.4039, -0.3445 0.7579 4.3327, -0.3445 0.7623 4.3322, -0.3445 0.7681 4.3297, -0.3445 0.7666 4.3305, -0.3445 0.7716 4.3271, -0.3445 0.7749 4.3236, -0.3445 0.7776 4.3207, -0.3445 0.7822 4.3126, -0.3445 0.7857 4.3065, -0.3445 0.7933 4.2821, -0.3445 0.795 4.266, -0.3445 0.7883 4.2984, -0.3445 0.7917 4.2875, -0.3445 0.7953 4.2627, -0.3445 0.7972 4.2433, -0.3445 -0.792 4.288, -0.3445 -0.7927 4.2817, -0.2893 -0.7933 4.3946, -0.3445 -0.7972 4.2433, -0.274 -0.7972 4.3871, -0.2818 -0.7963 4.3909, -0.284 -0.7954 4.392, -0.3445 -0.7946 4.2657, -0.3445 -0.795 4.2625, -0.296 -0.7887 4.3979, -0.3445 -0.7882 4.2981, -0.293 -0.7908 4.3964, -0.2912 -0.792 4.3955, -0.3016 -0.7824 4.4006, -0.3053 -0.7759 4.4024, -0.3445 -0.775 4.3239, -0.3058 -0.775 4.4027, -0.3445 -0.7716 4.3271, -0.3445 -0.7774 4.3203, -0.3445 -0.7824 4.3132, -0.3445 -0.7853 4.3057, -0.3445 -0.768 4.3295, -0.3083 -0.7671 4.4039, -0.3445 -0.7666 4.3305, -0.3084 -0.7666 4.404, -0.3445 -0.7579 4.3327, -0.3083 -0.767 4.4039, -0.3445 -0.7623 4.3322, -0.2502 -0.7643 4.4177, -0.2574 -0.7623 4.4225, -0.2655 -0.7602 4.4254, -0.2664 -0.7623 4.4254, -0.274 -0.7963 4.3955, -0.2594 -0.7933 4.396, -0.2553 -0.7903 4.3986, -0.2562 -0.7887 4.4039, -0.2531 -0.7887 4.3999, -0.2485 -0.7833 4.4027, -0.2488 -0.783 4.4039, -0.2466 -0.7803 4.4039, -0.2439 -0.7752 4.4056, -0.2472 -0.7733 4.4114, -0.2438 -0.775 4.4056, -0.2413 -0.7666 4.4072, -0.2441 -0.7659 4.4114, -0.2665 -0.7963 4.3916, -0.264 -0.7952 4.3932, -0.264 -0.795 4.3955, -0.2603 -0.7937 4.3955, -0.2648 -0.7922 4.4039, -0.2832 -0.7922 4.4039, -0.2839 -0.795 4.3955, -0.3048 -0.7757 4.4039, -0.2825 -0.7602 4.4254, -0.2591 -0.7665 4.4225, -0.2678 -0.7641 4.4254, -0.2526 -0.7702 4.4177, -0.2478 -0.7824 4.4032, -0.2521 -0.7797 4.4114, -0.2565 -0.7753 4.4177, -0.2618 -0.77 4.4225, -0.2802 -0.7641 4.4254, -0.2816 -0.7623 4.4254, -0.2861 -0.77 4.4225, -0.2889 -0.7665 4.4225, -0.2914 -0.7753 4.4177, -0.2953 -0.7702 4.4177, -0.2958 -0.7797 4.4114, -0.3008 -0.7733 4.4114, -0.2991 -0.783 4.4039, -0.3038 -0.7659 4.4114, -0.2978 -0.7643 4.4177, -0.2906 -0.7623 4.4225, -0.2585 -0.7846 4.4114, -0.2616 -0.7792 4.4177, -0.2654 -0.7727 4.4225, -0.2696 -0.7655 4.4254, -0.2717 -0.7664 4.4254, -0.2695 -0.7745 4.4225, -0.2676 -0.7817 4.4177, -0.266 -0.7877 4.4114, -0.2763 -0.7664 4.4254, -0.2784 -0.7655 4.4254, -0.2784 -0.7745 4.4225, -0.2826 -0.7727 4.4225, -0.2804 -0.7817 4.4177, -0.2863 -0.7792 4.4177, -0.282 -0.7877 4.4114, -0.2894 -0.7846 4.4114, -0.2918 -0.7887 4.4039, -0.274 -0.7935 4.4039, -0.274 -0.7888 4.4114, -0.274 -0.7825 4.4177, -0.274 -0.7751 4.4225, -0.274 -0.7667 4.4254, -0.1932 0.792 4.2934, -0.1927 0.7959 4.2744, -0.1921 0.7972 4.254, -0.1937 0.7857 4.3097, -0.194 0.7776 4.3222, -0.1943 0.7579 4.3327, -0.1943 0.763 4.332, -0.1942 0.7681 4.33, -0.1941 0.7729 4.3267, -0.3831 0.775 4.4027, -0.3874 0.7824 4.4006, -0.415 0.7972 4.3871, -0.4071 0.7963 4.3909, -0.405 0.7954 4.392, -0.3997 0.7933 4.3946, -0.393 0.7887 4.3979, -0.3978 0.792 4.3955, -0.396 0.7908 4.3964, -0.3837 0.7759 4.4024, -0.3807 0.7671 4.4039, -0.3805 0.7666 4.404, -0.3796 0.7579 4.4044, -0.3807 0.767 4.4039, -0.3796 -0.7579 4.4044, -0.3842 -0.7579 4.4114, -0.3842 0.7579 4.4114, -0.3847 -0.7579 4.4122, -0.3995 0.7579 4.4233, -0.3915 -0.7579 4.4186, -0.3915 0.7579 4.4186, -0.3847 0.7579 4.4122, -0.4485 0.7579 4.4077, -0.4485 -0.7579 4.4077, -0.4457 0.7579 4.4113, -0.4457 -0.7579 4.4113, -0.4427 0.7579 4.415, -0.4427 -0.7579 4.415, -0.4395 0.7579 4.4175, -0.4395 -0.7579 4.4175, -0.4354 0.7579 4.4207, -0.4354 -0.7579 4.4207, -0.4321 0.7579 4.4222, -0.4321 -0.7579 4.4222, -0.4269 0.7579 4.4246, -0.4269 -0.7579 4.4246, -0.4238 0.7579 4.4252, -0.4238 -0.7579 4.4252, -0.4178 0.7579 4.4263, -0.4178 -0.7579 4.4263, -0.415 0.7579 4.4264, -0.415 -0.7579 4.4264, -0.4085 0.7579 4.4259, -0.4085 -0.7579 4.4259, -0.4062 0.7579 4.4252, -0.4062 -0.7579 4.4252, -0.3995 -0.7579 4.4233, -0.3809 -0.7681 4.4038, -0.3807 -0.7671 4.4039, -0.3807 -0.7664 4.4039, -0.3844 -0.7776 4.4021, -0.3838 -0.7759 4.4024, -0.39 -0.7857 4.3993, -0.396 -0.7908 4.3964, -0.3973 -0.792 4.3957, -0.3978 -0.7922 4.3955, -0.4049 -0.7955 4.392, -0.4058 -0.7959 4.3915, -0.415 -0.7972 4.3871, -0.1943 -0.7579 4.3327, -0.1943 -0.7623 4.3322, -0.1943 -0.7666 4.3307, -0.1942 -0.7709 4.3283, -0.1941 -0.775 4.3249, -0.1938 -0.7824 4.3155, -0.1935 -0.7887 4.3031, -0.1931 -0.7933 4.2882, -0.1926 -0.7953 4.2711, -0.1921 -0.7972 4.254, -0.1432 0.7857 4.403, -0.1487 0.7776 4.406, -0.1494 0.7756 4.4064, -0.1499 0.7744 4.4066, -0.1522 0.7681 4.4079, -0.1523 0.7669 4.4079, -0.1533 0.7579 4.4085, -0.1376 0.7906 4.4, -0.136 0.792 4.3992, -0.1343 0.7928 4.3982, -0.1287 0.7954 4.3952, -0.1277 0.7959 4.3946, -0.1187 0.7972 4.3898, -0.4388 0.7643 4.4177, -0.4316 0.7623 4.4225, -0.4235 0.7602 4.4254, -0.4226 0.7623 4.4254, -0.415 0.7963 4.3955, -0.4295 0.7933 4.396, -0.4337 0.7903 4.3986, -0.4328 0.7887 4.4039, -0.4359 0.7887 4.3999, -0.4404 0.7833 4.4027, -0.4402 0.783 4.4039, -0.4424 0.7803 4.4039, -0.4451 0.7752 4.4056, -0.4418 0.7733 4.4114, -0.4452 0.775 4.4056, -0.4477 0.7666 4.4072, -0.4449 0.7659 4.4114, -0.4225 0.7963 4.3916, -0.425 0.7952 4.3932, -0.4249 0.795 4.3955, -0.4287 0.7937 4.3955, -0.4242 0.7922 4.4039, -0.4058 0.7922 4.4039, -0.405 0.795 4.3955, -0.3842 0.7757 4.4039, -0.4065 0.7602 4.4254, -0.4299 0.7665 4.4225, -0.4212 0.7641 4.4254, -0.4364 0.7702 4.4177, -0.4412 0.7824 4.4032, -0.4369 0.7797 4.4114, -0.4324 0.7753 4.4177, -0.4271 0.77 4.4225, -0.4088 0.7641 4.4254, -0.4074 0.7623 4.4254, -0.4028 0.77 4.4225, -0.4001 0.7665 4.4225, -0.3975 0.7753 4.4177, -0.3936 0.7702 4.4177, -0.3931 0.7797 4.4114, -0.3882 0.7733 4.4114, -0.3898 0.783 4.4039, -0.3851 0.7659 4.4114, -0.3912 0.7643 4.4177, -0.3984 0.7623 4.4225, -0.4305 0.7846 4.4114, -0.4273 0.7792 4.4177, -0.4236 0.7727 4.4225, -0.4194 0.7655 4.4254, -0.4173 0.7664 4.4254, -0.4194 0.7745 4.4225, -0.4214 0.7817 4.4177, -0.423 0.7877 4.4114, -0.4127 0.7664 4.4254, -0.4106 0.7655 4.4254, -0.4105 0.7745 4.4225, -0.4064 0.7727 4.4225, -0.4086 0.7817 4.4177, -0.4027 0.7792 4.4177, -0.407 0.7877 4.4114, -0.3995 0.7846 4.4114, -0.3972 0.7887 4.4039, -0.415 0.7935 4.4039, -0.415 0.7888 4.4114, -0.415 0.7825 4.4177, -0.415 0.7751 4.4225, -0.415 0.7667 4.4254, -0.4001 -0.7665 4.4225, -0.4074 -0.7623 4.4254, -0.4088 -0.7641 4.4254, -0.4065 -0.7602 4.4254, -0.3972 -0.7887 4.4039, -0.4452 -0.775 4.4056, -0.4451 -0.7752 4.4056, -0.4418 -0.7733 4.4114, -0.425 -0.7952 4.3932, -0.4225 -0.7963 4.3916, -0.415 -0.7963 4.3955, -0.4287 -0.7937 4.3955, -0.4249 -0.795 4.3955, -0.4295 -0.7933 4.396, -0.4242 -0.7922 4.4039, -0.4337 -0.7903 4.3986, -0.4369 -0.7797 4.4114, -0.4424 -0.7803 4.4039, -0.4402 -0.783 4.4039, -0.4412 -0.7824 4.4032, -0.4404 -0.7833 4.4027, -0.3851 -0.7659 4.4114, -0.3842 -0.7757 4.4039, -0.4058 -0.7922 4.4039, -0.405 -0.795 4.3955, -0.3984 -0.7623 4.4225, -0.3912 -0.7643 4.4177, -0.4235 -0.7602 4.4254, -0.4316 -0.7623 4.4225, -0.4388 -0.7643 4.4177, -0.3936 -0.7702 4.4177, -0.4028 -0.77 4.4225, -0.4106 -0.7655 4.4254, -0.3975 -0.7753 4.4177, -0.3931 -0.7797 4.4114, -0.3882 -0.7733 4.4114, -0.4212 -0.7641 4.4254, -0.4226 -0.7623 4.4254, -0.4271 -0.77 4.4225, -0.4299 -0.7665 4.4225, -0.4324 -0.7753 4.4177, -0.4364 -0.7702 4.4177, -0.4477 -0.7666 4.4072, -0.4449 -0.7659 4.4114, -0.3898 -0.783 4.4039, -0.3995 -0.7846 4.4114, -0.4027 -0.7792 4.4177, -0.4064 -0.7727 4.4225, -0.407 -0.7877 4.4114, -0.4086 -0.7817 4.4177, -0.4105 -0.7745 4.4225, -0.4127 -0.7664 4.4254, -0.4173 -0.7664 4.4254, -0.4194 -0.7655 4.4254, -0.4194 -0.7745 4.4225, -0.4236 -0.7727 4.4225, -0.4214 -0.7817 4.4177, -0.4273 -0.7792 4.4177, -0.423 -0.7877 4.4114, -0.4305 -0.7846 4.4114, -0.4328 -0.7887 4.4039, -0.4359 -0.7887 4.3999, -0.415 -0.7667 4.4254, -0.415 -0.7751 4.4225, -0.415 -0.7825 4.4177, -0.415 -0.7888 4.4114, -0.415 -0.7935 4.4039, -0.1403 -0.7887 4.4015, -0.1458 -0.7824 4.4044, -0.1187 -0.7972 4.3898, -0.1264 -0.7963 4.394, -0.1287 -0.7953 4.3952, -0.1337 -0.7933 4.3979, -0.1343 -0.7929 4.3982, -0.1376 -0.7906 4.4, -0.1495 -0.7757 4.4064, -0.1525 -0.7666 4.408, -0.1533 -0.7579 4.4085, -0.1499 -0.775 4.4066, -0.1499 -0.775 4.4067, -0.1524 -0.7669 4.408, -0.1495 0.7579 4.4141, -0.1495 -0.7579 4.4141, -0.1481 0.7579 4.416, -0.1481 -0.7579 4.416, -0.1432 0.7579 4.4203, -0.1432 -0.7579 4.4203, -0.1413 0.7579 4.4221, -0.1413 -0.7579 4.4221, -0.1358 0.7579 4.425, -0.1358 -0.7579 4.425, -0.1332 0.7579 4.4264, -0.1332 -0.7579 4.4264, -0.1275 0.7579 4.4279, -0.1275 -0.7579 4.4279, -0.1244 0.7579 4.4288, -0.1244 -0.7579 4.4288, -0.1187 0.7579 4.4292, -0.1187 -0.7579 4.4292, -0.1152 0.7579 4.429, -0.1152 -0.7579 4.429, -0.11 0.7579 4.4279, -0.11 -0.7579 4.4279, -0.1063 0.7579 4.4272, -0.1063 -0.7579 4.4272, -0.1016 0.7579 4.425, -0.1016 -0.7579 4.425, -0.098 0.7579 4.4233, -0.098 -0.7579 4.4233, -0.0942 0.7579 4.4203, -0.0942 -0.7579 4.4203, -0.0908 0.7579 4.4176, -0.0908 -0.7579 4.4176, -0.088 0.7579 4.414, -0.088 -0.7579 4.414, -0.0852 0.7579 4.4104, -0.0852 -0.7579 4.4104, -0.1425 0.7643 4.4205, -0.1353 0.7623 4.4252, -0.1272 0.7602 4.4282, -0.1263 0.7623 4.4282, -0.1365 0.7887 4.4066, -0.1486 0.7659 4.4142, -0.11 0.7959 4.3951, -0.1187 0.7963 4.3982, -0.1087 0.7953 4.3959, -0.105 0.7934 4.3982, -0.1088 0.795 4.3982, -0.1019 0.792 4.4001, -0.1095 0.7922 4.4066, -0.1001 0.7903 4.4013, -0.0934 0.7833 4.4054, -0.095 0.7857 4.4044, -0.1009 0.7887 4.4066, -0.0913 0.7801 4.4066, -0.0935 0.783 4.4066, -0.0897 0.7776 4.4077, -0.0969 0.7797 4.4142, -0.0888 0.7752 4.4082, -0.1287 0.795 4.3982, -0.1279 0.7922 4.4066, -0.1102 0.7602 4.4282, -0.1021 0.7623 4.4252, -0.1336 0.7665 4.4252, -0.1249 0.7641 4.4282, -0.0949 0.7643 4.4205, -0.1492 0.7756 4.4066, -0.1455 0.7733 4.4142, -0.1401 0.7702 4.4205, -0.1125 0.7641 4.4282, -0.1111 0.7623 4.4282, -0.1066 0.77 4.4252, -0.1038 0.7665 4.4252, -0.1013 0.7753 4.4205, -0.0973 0.7702 4.4205, -0.0919 0.7733 4.4142, -0.0863 0.7681 4.4097, -0.0862 0.7666 4.4098, -0.0889 0.7659 4.4142, -0.1439 0.783 4.4066, -0.1406 0.7797 4.4142, -0.1362 0.7753 4.4205, -0.1309 0.77 4.4252, -0.1342 0.7846 4.4142, -0.131 0.7792 4.4205, -0.1273 0.7727 4.4252, -0.1231 0.7655 4.4282, -0.121 0.7664 4.4282, -0.1232 0.7745 4.4252, -0.1251 0.7817 4.4205, -0.1267 0.7877 4.4142, -0.1164 0.7664 4.4282, -0.1143 0.7655 4.4282, -0.1143 0.7745 4.4252, -0.1101 0.7727 4.4252, -0.1123 0.7817 4.4205, -0.1064 0.7792 4.4205, -0.1107 0.7877 4.4142, -0.1033 0.7846 4.4142, -0.1187 0.7935 4.4066, -0.1187 0.7888 4.4142, -0.1187 0.7825 4.4205, -0.1187 0.7751 4.4252, -0.1187 0.7667 4.4282, -0.4947 0.7579 4.3327, -0.4947 0.7623 4.3322, -0.4947 0.7666 4.3307, -0.4947 0.7681 4.33, -0.4948 0.7716 4.3278, -0.495 0.7776 4.3222, -0.4949 0.7749 4.3247, -0.4952 0.7822 4.315, -0.4953 0.7857 4.3097, -0.4955 0.7883 4.3025, -0.4958 0.7917 4.2929, -0.4959 0.7933 4.2882, -0.4963 0.795 4.2739, -0.4964 0.7953 4.2711, -0.4969 0.7972 4.254, -0.4948 -0.7716 4.3278, -0.4949 -0.775 4.3249, -0.4969 -0.7972 4.254, -0.4964 -0.7953 4.2711, -0.4963 -0.795 4.2739, -0.4959 -0.7933 4.2882, -0.4958 -0.7917 4.2929, -0.4955 -0.7883 4.3025, -0.4953 -0.7857 4.3097, -0.4952 -0.7822 4.315, -0.495 -0.7776 4.3222, -0.4947 -0.768 4.3299, -0.4947 -0.7666 4.3307, -0.4947 -0.7579 4.3327, -0.4947 -0.7623 4.3322, -0.0949 -0.7643 4.4205, -0.1021 -0.7623 4.4252, -0.1102 -0.7602 4.4282, -0.1111 -0.7623 4.4282, -0.1365 -0.7887 4.4066, -0.1187 -0.7963 4.3982, -0.1042 -0.7933 4.3987, -0.1 -0.7903 4.4013, -0.1009 -0.7887 4.4066, -0.0978 -0.7887 4.4027, -0.0933 -0.7833 4.4055, -0.0935 -0.783 4.4066, -0.0913 -0.7803 4.4066, -0.0887 -0.7752 4.4083, -0.0919 -0.7733 4.4142, -0.0885 -0.775 4.4084, -0.086 -0.7666 4.4099, -0.0889 -0.7659 4.4142, -0.1113 -0.7963 4.3944, -0.1087 -0.7952 4.3959, -0.1088 -0.795 4.3982, -0.105 -0.7937 4.3982, -0.1095 -0.7922 4.4066, -0.1279 -0.7922 4.4066, -0.1287 -0.795 4.3982, -0.1455 -0.7733 4.4142, -0.1494 -0.7756 4.4066, -0.1272 -0.7602 4.4282, -0.1353 -0.7623 4.4252, -0.1038 -0.7665 4.4252, -0.1125 -0.7641 4.4282, -0.1425 -0.7643 4.4205, -0.0973 -0.7702 4.4205, -0.0925 -0.7824 4.4059, -0.0969 -0.7797 4.4142, -0.1013 -0.7753 4.4205, -0.1066 -0.77 4.4252, -0.1486 -0.7659 4.4142, -0.1401 -0.7702 4.4205, -0.1336 -0.7665 4.4252, -0.1263 -0.7623 4.4282, -0.1033 -0.7846 4.4142, -0.1064 -0.7792 4.4205, -0.1101 -0.7727 4.4252, -0.1143 -0.7655 4.4282, -0.1164 -0.7664 4.4282, -0.1143 -0.7745 4.4252, -0.1123 -0.7817 4.4205, -0.1107 -0.7877 4.4142, -0.1342 -0.7846 4.4142, -0.1267 -0.7877 4.4142, -0.131 -0.7792 4.4205, -0.1251 -0.7817 4.4205, -0.1273 -0.7727 4.4252, -0.1232 -0.7745 4.4252, -0.1231 -0.7655 4.4282, -0.1249 -0.7641 4.4282, -0.1309 -0.77 4.4252, -0.1362 -0.7753 4.4205, -0.1406 -0.7797 4.4142, -0.1439 -0.783 4.4066, -0.121 -0.7664 4.4282, -0.1187 -0.7935 4.4066, -0.1187 -0.7888 4.4142, -0.1187 -0.7825 4.4205, -0.1187 -0.7751 4.4252, -0.1187 -0.7667 4.4282, -0.0353 0.7883 4.3005, -0.035 0.7917 4.2909, -0.0349 0.7933 4.2862, -0.0345 0.795 4.2719, -0.0344 0.7953 4.2691, -0.0339 0.7972 4.252, -0.0355 0.7857 4.3077, -0.0356 0.7822 4.313, -0.0358 0.7776 4.3202, -0.0361 0.7579 4.3307, -0.0361 0.7623 4.3302, -0.0361 0.7666 4.3287, -0.036 0.768 4.3279, -0.036 0.7716 4.3258, -0.0359 0.775 4.3229, -0.5613 0.7959 4.3946, -0.5703 0.7972 4.3898, -0.5458 0.7857 4.403, -0.5514 0.7906 4.4, -0.5529 0.792 4.3992, -0.5546 0.7928 4.3982, -0.5602 0.7954 4.3952, -0.5403 0.7776 4.406, -0.5356 0.7579 4.4085, -0.5367 0.7669 4.4079, -0.5368 0.7681 4.4079, -0.5396 0.7756 4.4064, -0.5391 0.7744 4.4066, -0.6038 0.7579 4.4104, -0.6038 -0.7579 4.4104, -0.601 0.7579 4.414, -0.601 -0.7579 4.414, -0.5981 0.7579 4.4176, -0.5981 -0.7579 4.4176, -0.5948 0.7579 4.4203, -0.5948 -0.7579 4.4203, -0.591 0.7579 4.4233, -0.591 -0.7579 4.4233, -0.5873 0.7579 4.425, -0.5873 -0.7579 4.425, -0.5827 0.7579 4.4272, -0.5827 -0.7579 4.4272, -0.579 0.7579 4.4279, -0.579 -0.7579 4.4279, -0.5737 0.7579 4.429, -0.5737 -0.7579 4.429, -0.5703 0.7579 4.4292, -0.5703 -0.7579 4.4292, -0.5646 0.7579 4.4288, -0.5646 -0.7579 4.4288, -0.5615 0.7579 4.4279, -0.5615 -0.7579 4.4279, -0.5558 0.7579 4.4264, -0.5558 -0.7579 4.4264, -0.5532 0.7579 4.425, -0.5532 -0.7579 4.425, -0.5477 0.7579 4.4221, -0.5477 -0.7579 4.4221, -0.5457 0.7579 4.4203, -0.5457 -0.7579 4.4203, -0.5409 0.7579 4.416, -0.5409 -0.7579 4.416, -0.5395 0.7579 4.4141, -0.5395 -0.7579 4.4141, -0.5356 -0.7579 4.4085, -0.5368 -0.7681 4.4079, -0.5367 -0.7669 4.4079, -0.5391 -0.7744 4.4066, -0.5403 -0.7776 4.406, -0.5396 -0.7756 4.4064, -0.5458 -0.7857 4.403, -0.5529 -0.792 4.3992, -0.5514 -0.7906 4.4, -0.5602 -0.7954 4.3952, -0.5613 -0.7959 4.3946, -0.5546 -0.7928 4.3982, -0.5703 -0.7972 4.3898, -0.0361 -0.7579 4.3307, -0.0361 -0.7623 4.3302, -0.0361 -0.7666 4.3287, -0.036 -0.7709 4.3263, -0.0359 -0.775 4.3229, -0.0356 -0.7824 4.3135, -0.0353 -0.7887 4.3011, -0.0349 -0.7933 4.2862, -0.0344 -0.7953 4.2691, -0.0339 -0.7972 4.252, 0.0059 0.7579 4.4085, 0.0068 0.7666 4.408, 0.0094 0.775 4.4067, 0.0069 0.7669 4.408, 0.0135 0.7824 4.4044, 0.0098 0.7757 4.4064, 0.0094 0.775 4.4066, 0.019 0.7887 4.4015, 0.0217 0.7906 4.4, 0.0249 0.7929 4.3982, 0.0255 0.7933 4.3979, 0.0306 0.7953 4.3952, 0.0329 0.7963 4.394, 0.0406 0.7972 4.3898, -0.5404 0.7659 4.4142, -0.5941 0.7643 4.4205, -0.5464 0.7643 4.4205, -0.5537 0.7623 4.4252, -0.5554 0.7665 4.4252, -0.5626 0.7623 4.4282, -0.5618 0.7602 4.4282, -0.5869 0.7623 4.4252, -0.5788 0.7602 4.4282, -0.5779 0.7623 4.4282, -0.5703 0.7963 4.3982, -0.5848 0.7933 4.3987, -0.589 0.7903 4.4013, -0.5881 0.7887 4.4066, -0.5912 0.7887 4.4027, -0.5957 0.7833 4.4055, -0.5954 0.783 4.4066, -0.5976 0.7803 4.4066, -0.6003 0.7752 4.4083, -0.597 0.7733 4.4142, -0.6005 0.775 4.4084, -0.603 0.7666 4.4099, -0.6001 0.7659 4.4142, -0.5777 0.7963 4.3944, -0.5802 0.7952 4.3959, -0.5802 0.795 4.3982, -0.584 0.7937 4.3982, -0.5795 0.7922 4.4066, -0.5603 0.795 4.3982, -0.5611 0.7922 4.4066, -0.5451 0.783 4.4066, -0.5659 0.7655 4.4282, -0.5617 0.7727 4.4252, -0.5658 0.7745 4.4252, -0.5489 0.7702 4.4205, -0.5851 0.7665 4.4252, -0.5765 0.7641 4.4282, -0.5435 0.7733 4.4142, -0.5916 0.7702 4.4205, -0.5965 0.7824 4.4059, -0.5921 0.7797 4.4142, -0.5877 0.7753 4.4205, -0.5824 0.77 4.4252, -0.5397 0.7756 4.4066, -0.5857 0.7846 4.4142, -0.5826 0.7792 4.4205, -0.5789 0.7727 4.4252, -0.5747 0.7655 4.4282, -0.5725 0.7664 4.4282, -0.5747 0.7745 4.4252, -0.5767 0.7817 4.4205, -0.5783 0.7877 4.4142, -0.5639 0.7817 4.4205, -0.5579 0.7792 4.4205, -0.5623 0.7877 4.4142, -0.5548 0.7846 4.4142, -0.5525 0.7887 4.4066, -0.564 0.7641 4.4282, -0.5581 0.77 4.4252, -0.5528 0.7753 4.4205, -0.5484 0.7797 4.4142, -0.568 0.7664 4.4282, -0.5703 0.7935 4.4066, -0.5703 0.7888 4.4142, -0.5703 0.7825 4.4205, -0.5703 0.7751 4.4252, -0.5703 0.7667 4.4282, -0.5464 -0.7643 4.4205, -0.5537 -0.7623 4.4252, -0.5618 -0.7602 4.4282, -0.5626 -0.7623 4.4282, -0.5525 -0.7887 4.4066, -0.5404 -0.7659 4.4142, -0.6005 -0.775 4.4084, -0.6003 -0.7752 4.4083, -0.597 -0.7733 4.4142, -0.5777 -0.7963 4.3944, -0.5703 -0.7963 4.3982, -0.5802 -0.7952 4.3959, -0.584 -0.7937 4.3982, -0.5802 -0.795 4.3982, -0.5848 -0.7933 4.3987, -0.5795 -0.7922 4.4066, -0.589 -0.7903 4.4013, -0.5921 -0.7797 4.4142, -0.5976 -0.7803 4.4066, -0.5954 -0.783 4.4066, -0.5965 -0.7824 4.4059, -0.5957 -0.7833 4.4055, -0.5603 -0.795 4.3982, -0.5611 -0.7922 4.4066, -0.5788 -0.7602 4.4282, -0.5869 -0.7623 4.4252, -0.5554 -0.7665 4.4252, -0.564 -0.7641 4.4282, -0.5941 -0.7643 4.4205, -0.5397 -0.7756 4.4066, -0.5435 -0.7733 4.4142, -0.5489 -0.7702 4.4205, -0.5765 -0.7641 4.4282, -0.5779 -0.7623 4.4282, -0.5824 -0.77 4.4252, -0.5851 -0.7665 4.4252, -0.5877 -0.7753 4.4205, -0.5916 -0.7702 4.4205, -0.603 -0.7666 4.4099, -0.6001 -0.7659 4.4142, -0.5451 -0.783 4.4066, -0.5484 -0.7797 4.4142, -0.5528 -0.7753 4.4205, -0.5581 -0.77 4.4252, -0.5548 -0.7846 4.4142, -0.5579 -0.7792 4.4205, -0.5617 -0.7727 4.4252, -0.5659 -0.7655 4.4282, -0.568 -0.7664 4.4282, -0.5658 -0.7745 4.4252, -0.5639 -0.7817 4.4205, -0.5623 -0.7877 4.4142, -0.5725 -0.7664 4.4282, -0.5747 -0.7655 4.4282, -0.5747 -0.7745 4.4252, -0.5789 -0.7727 4.4252, -0.5767 -0.7817 4.4205, -0.5826 -0.7792 4.4205, -0.5783 -0.7877 4.4142, -0.5857 -0.7846 4.4142, -0.5881 -0.7887 4.4066, -0.5912 -0.7887 4.4027, -0.5703 -0.7935 4.4066, -0.5703 -0.7888 4.4142, -0.5703 -0.7825 4.4205, -0.5703 -0.7751 4.4252, -0.5703 -0.7667 4.4282, 0.019 -0.7887 4.4015, 0.0135 -0.7824 4.4044, 0.0406 -0.7972 4.3898, 0.0329 -0.7963 4.394, 0.0306 -0.7953 4.3952, 0.0255 -0.7933 4.3979, 0.0249 -0.7929 4.3982, 0.0217 -0.7906 4.4, 0.0098 -0.7757 4.4064, 0.0068 -0.7666 4.408, 0.0059 -0.7579 4.4085, 0.0094 -0.775 4.4066, 0.0094 -0.775 4.4067, 0.0069 -0.7669 4.408, 0.0741 -0.7579 4.4104, 0.0741 0.7579 4.4104, 0.0712 -0.7579 4.414, 0.0712 0.7579 4.414, 0.0676 -0.7579 4.4184, 0.0676 0.7579 4.4184, 0.0651 -0.7579 4.4202, 0.0651 0.7579 4.4202, 0.0593 -0.7579 4.4244, 0.0593 0.7579 4.4244, 0.0497 0.7579 4.4281, 0.0099 0.7579 4.414, 0.0099 -0.7579 4.414, 0.012 0.7579 4.4168, 0.012 -0.7579 4.4168, 0.0161 0.7579 4.4202, 0.0161 -0.7579 4.4202, 0.0199 0.7579 4.4233, 0.0199 -0.7579 4.4233, 0.0235 0.7579 4.4249, 0.0235 -0.7579 4.4249, 0.0293 0.7579 4.4275, 0.0293 -0.7579 4.4275, 0.0318 0.7579 4.4279, 0.0318 -0.7579 4.4279, 0.0395 0.7579 4.4291, 0.0395 -0.7579 4.4291, 0.0406 0.7579 4.4292, 0.0406 -0.7579 4.4292, 0.0494 0.7579 4.4281, 0.0494 -0.7579 4.4281, 0.0497 -0.7579 4.4281, 0.0257 0.7665 4.4252, 0.0329 0.7623 4.4282, 0.0343 0.7641 4.4282, 0.0321 0.7602 4.4282, 0.0306 0.795 4.3982, 0.0228 0.7887 4.4066, 0.0154 0.783 4.4066, 0.0098 0.7756 4.4066, 0.0492 0.7959 4.3951, 0.0406 0.7963 4.3982, 0.0506 0.7953 4.3959, 0.0543 0.7934 4.3982, 0.0505 0.795 4.3982, 0.0573 0.792 4.4001, 0.0498 0.7922 4.4066, 0.0592 0.7903 4.4013, 0.0659 0.7833 4.4054, 0.0643 0.7857 4.4044, 0.0584 0.7887 4.4066, 0.0679 0.7801 4.4066, 0.0657 0.783 4.4066, 0.0696 0.7776 4.4077, 0.0624 0.7797 4.4142, 0.0704 0.7752 4.4082, 0.0107 0.7659 4.4142, 0.0138 0.7733 4.4142, 0.024 0.7623 4.4252, 0.0167 0.7643 4.4205, 0.0491 0.7602 4.4282, 0.0572 0.7623 4.4252, 0.0192 0.7702 4.4205, 0.0468 0.7641 4.4282, 0.0482 0.7623 4.4282, 0.0527 0.77 4.4252, 0.0554 0.7665 4.4252, 0.058 0.7753 4.4205, 0.0619 0.7702 4.4205, 0.0673 0.7733 4.4142, 0.073 0.7681 4.4097, 0.0731 0.7666 4.4098, 0.0704 0.7659 4.4142, 0.0644 0.7643 4.4205, 0.0187 0.7797 4.4142, 0.0231 0.7753 4.4205, 0.0284 0.77 4.4252, 0.0251 0.7846 4.4142, 0.0282 0.7792 4.4205, 0.032 0.7727 4.4252, 0.0362 0.7655 4.4282, 0.0383 0.7664 4.4282, 0.0361 0.7745 4.4252, 0.0342 0.7817 4.4205, 0.0326 0.7877 4.4142, 0.0314 0.7922 4.4066, 0.0428 0.7664 4.4282, 0.045 0.7655 4.4282, 0.045 0.7745 4.4252, 0.0492 0.7727 4.4252, 0.047 0.7817 4.4205, 0.0529 0.7792 4.4205, 0.0486 0.7877 4.4142, 0.056 0.7846 4.4142, 0.0406 0.7935 4.4066, 0.0406 0.7888 4.4142, 0.0406 0.7825 4.4205, 0.0406 0.7751 4.4252, 0.0406 0.7667 4.4282, -0.6529 0.7579 4.3307, -0.6529 0.7623 4.3302, -0.6529 0.7666 4.3287, -0.653 0.7709 4.3263, -0.6531 0.775 4.3229, -0.6533 0.7824 4.3135, -0.6537 0.7887 4.3011, -0.6541 0.7933 4.2862, -0.6546 0.7953 4.2691, -0.6551 0.7972 4.252, -0.653 -0.7716 4.3258, -0.6531 -0.775 4.3229, -0.6551 -0.7972 4.252, -0.6546 -0.7953 4.2691, -0.6545 -0.795 4.2719, -0.6541 -0.7933 4.2862, -0.654 -0.7917 4.2909, -0.6537 -0.7883 4.3005, -0.6535 -0.7857 4.3077, -0.6534 -0.7822 4.313, -0.6532 -0.7776 4.3202, -0.6529 -0.768 4.3279, -0.6529 -0.7666 4.3287, -0.6529 -0.7579 4.3307, -0.6529 -0.7623 4.3302, 0.0554 -0.7665 4.4252, 0.0482 -0.7623 4.4282, 0.0468 -0.7641 4.4282, 0.0491 -0.7602 4.4282, 0.0228 -0.7887 4.4066, 0.0406 -0.7963 4.3982, 0.0551 -0.7933 4.3987, 0.0593 -0.7903 4.4013, 0.0584 -0.7887 4.4066, 0.0615 -0.7887 4.4027, 0.066 -0.7833 4.4055, 0.0657 -0.783 4.4066, 0.0679 -0.7803 4.4066, 0.0706 -0.7752 4.4083, 0.0673 -0.7733 4.4142, 0.0708 -0.775 4.4084, 0.0733 -0.7666 4.4099, 0.0704 -0.7659 4.4142, 0.048 -0.7963 4.3944, 0.0505 -0.7952 4.3959, 0.0505 -0.795 4.3982, 0.0543 -0.7937 4.3982, 0.0498 -0.7922 4.4066, 0.0314 -0.7922 4.4066, 0.0306 -0.795 4.3982, 0.0138 -0.7733 4.4142, 0.0098 -0.7756 4.4066, 0.0321 -0.7602 4.4282, 0.0572 -0.7623 4.4252, 0.0644 -0.7643 4.4205, 0.024 -0.7623 4.4252, 0.0167 -0.7643 4.4205, 0.0619 -0.7702 4.4205, 0.0668 -0.7824 4.4059, 0.0624 -0.7797 4.4142, 0.058 -0.7753 4.4205, 0.0527 -0.77 4.4252, 0.0107 -0.7659 4.4142, 0.0192 -0.7702 4.4205, 0.0257 -0.7665 4.4252, 0.0329 -0.7623 4.4282, 0.056 -0.7846 4.4142, 0.0529 -0.7792 4.4205, 0.0492 -0.7727 4.4252, 0.045 -0.7655 4.4282, 0.0428 -0.7664 4.4282, 0.045 -0.7745 4.4252, 0.047 -0.7817 4.4205, 0.0486 -0.7877 4.4142, 0.0251 -0.7846 4.4142, 0.0326 -0.7877 4.4142, 0.0282 -0.7792 4.4205, 0.0342 -0.7817 4.4205, 0.032 -0.7727 4.4252, 0.0361 -0.7745 4.4252, 0.0362 -0.7655 4.4282, 0.0343 -0.7641 4.4282, 0.0284 -0.77 4.4252, 0.0231 -0.7753 4.4205, 0.0187 -0.7797 4.4142, 0.0154 -0.783 4.4066, 0.0383 -0.7664 4.4282, 0.0406 -0.7935 4.4066, 0.0406 -0.7888 4.4142, 0.0406 -0.7825 4.4205, 0.0406 -0.7751 4.4252, 0.0406 -0.7667 4.4282, 0.1236 0.7883 4.3012, 0.1237 0.7917 4.2919, 0.1238 0.7933 4.2872, 0.124 0.795 4.2733, 0.124 0.7953 4.2705, 0.1242 0.7972 4.2538, 0.1235 0.7857 4.3082, 0.1234 0.7822 4.3134, 0.1233 0.7776 4.3204, 0.1232 0.7579 4.3307, 0.1232 0.7623 4.3302, 0.1232 0.7666 4.3288, 0.1232 0.768 4.328, 0.1232 0.7716 4.3259, 0.1233 0.775 4.3231, -0.708 0.7887 4.4015, -0.7025 0.7824 4.4044, -0.7295 0.7972 4.3898, -0.7218 0.7963 4.394, -0.7195 0.7953 4.3952, -0.7145 0.7933 4.3979, -0.7139 0.7929 4.3982, -0.7107 0.7906 4.4, -0.6987 0.7757 4.4064, -0.6958 0.7666 4.408, -0.6949 0.7579 4.4085, -0.6984 0.775 4.4066, -0.6983 0.775 4.4067, -0.6959 0.7669 4.408, -0.6949 -0.7579 4.4085, -0.6989 -0.7579 4.414, -0.6989 0.7579 4.414, -0.7009 -0.7579 4.4168, -0.7009 0.7579 4.4168, -0.7051 -0.7579 4.4202, -0.7051 0.7579 4.4202, -0.7089 -0.7579 4.4233, -0.7089 0.7579 4.4233, -0.7125 -0.7579 4.4249, -0.7125 0.7579 4.4249, -0.7183 -0.7579 4.4275, -0.7183 0.7579 4.4275, -0.7208 -0.7579 4.4279, -0.7208 0.7579 4.4279, -0.7284 -0.7579 4.4291, -0.7284 0.7579 4.4291, -0.7295 -0.7579 4.4292, -0.7295 0.7579 4.4292, -0.7384 -0.7579 4.4281, -0.7384 0.7579 4.4281, -0.7387 -0.7579 4.4281, -0.7387 0.7579 4.4281, -0.7483 0.7579 4.4244, -0.7631 0.7579 4.4104, -0.7631 -0.7579 4.4104, -0.7602 0.7579 4.414, -0.7602 -0.7579 4.414, -0.7566 0.7579 4.4184, -0.7566 -0.7579 4.4184, -0.754 0.7579 4.4202, -0.754 -0.7579 4.4202, -0.7483 -0.7579 4.4244, -0.6961 -0.7681 4.4079, -0.696 -0.7669 4.4079, -0.6996 -0.7776 4.406, -0.6989 -0.7756 4.4064, -0.6984 -0.7744 4.4066, -0.7051 -0.7857 4.403, -0.7195 -0.7954 4.3952, -0.7206 -0.7959 4.3946, -0.7107 -0.7906 4.4, -0.7122 -0.792 4.3992, -0.7139 -0.7928 4.3982, -0.7295 -0.7972 4.3898, 0.1232 -0.7579 4.3307, 0.1232 -0.7623 4.3302, 0.1232 -0.7666 4.3288, 0.1232 -0.7681 4.3281, 0.1232 -0.7716 4.3259, 0.1233 -0.7776 4.3204, 0.1233 -0.7749 4.3229, 0.1234 -0.7822 4.3134, 0.1235 -0.7857 4.3082, 0.1236 -0.7883 4.3012, 0.1237 -0.7917 4.2919, 0.1238 -0.7933 4.2872, 0.124 -0.795 4.2733, 0.124 -0.7953 4.2705, 0.1242 -0.7972 4.2538, 0.1686 0.7579 4.4094, 0.1695 0.7666 4.409, 0.1695 0.7668 4.4089, 0.172 0.775 4.4075, 0.1723 0.7755 4.4073, 0.1815 0.7887 4.402, 0.1771 0.7836 4.4046, 0.1761 0.7824 4.4052, 0.1735 0.7778 4.4066, 0.1927 0.7953 4.3955, 0.1881 0.7934 4.3982, 0.1879 0.7933 4.3983, 0.1839 0.7905 4.4006, 0.1951 0.7963 4.3941, 0.2027 0.7972 4.3898, -0.7444 0.7665 4.4252, -0.7372 0.7623 4.4282, -0.7358 0.7641 4.4282, -0.7381 0.7602 4.4282, -0.7118 0.7887 4.4066, -0.7295 0.7963 4.3982, -0.7463 0.792 4.4001, -0.7482 0.7903 4.4013, -0.7473 0.7887 4.4066, -0.7586 0.7776 4.4077, -0.7594 0.7752 4.4082, -0.7563 0.7733 4.4142, -0.7619 0.7681 4.4097, -0.7621 0.7666 4.4098, -0.7594 0.7659 4.4142, -0.7533 0.7857 4.4044, -0.7549 0.7833 4.4054, -0.7547 0.783 4.4066, -0.7569 0.7801 4.4066, -0.7514 0.7797 4.4142, -0.7382 0.7959 4.3951, -0.7395 0.7953 4.3959, -0.7395 0.795 4.3982, -0.7433 0.7934 4.3982, -0.7388 0.7922 4.4066, -0.7203 0.7922 4.4066, -0.7196 0.795 4.3982, -0.7028 0.7733 4.4142, -0.6988 0.7756 4.4066, -0.721 0.7602 4.4282, -0.7461 0.7623 4.4252, -0.7534 0.7643 4.4205, -0.713 0.7623 4.4252, -0.7057 0.7643 4.4205, -0.7509 0.7702 4.4205, -0.747 0.7753 4.4205, -0.7417 0.77 4.4252, -0.6997 0.7659 4.4142, -0.7082 0.7702 4.4205, -0.7147 0.7665 4.4252, -0.7219 0.7623 4.4282, -0.745 0.7846 4.4142, -0.7419 0.7792 4.4205, -0.7381 0.7727 4.4252, -0.734 0.7655 4.4282, -0.7318 0.7664 4.4282, -0.734 0.7745 4.4252, -0.7359 0.7817 4.4205, -0.7375 0.7877 4.4142, -0.7141 0.7846 4.4142, -0.7215 0.7877 4.4142, -0.7172 0.7792 4.4205, -0.7232 0.7817 4.4205, -0.721 0.7727 4.4252, -0.7251 0.7745 4.4252, -0.7251 0.7655 4.4282, -0.7233 0.7641 4.4282, -0.7174 0.77 4.4252, -0.7121 0.7753 4.4205, -0.7077 0.7797 4.4142, -0.7044 0.783 4.4066, -0.7273 0.7664 4.4282, -0.7295 0.7935 4.4066, -0.7295 0.7888 4.4142, -0.7295 0.7825 4.4205, -0.7295 0.7751 4.4252, -0.7295 0.7667 4.4282, -0.7147 -0.7665 4.4252, -0.7219 -0.7623 4.4282, -0.7233 -0.7641 4.4282, -0.721 -0.7602 4.4282, -0.7118 -0.7887 4.4066, -0.6997 -0.7659 4.4142, -0.7598 -0.775 4.4084, -0.7596 -0.7752 4.4083, -0.7563 -0.7733 4.4142, -0.737 -0.7963 4.3944, -0.7295 -0.7963 4.3982, -0.7395 -0.7952 4.3959, -0.7433 -0.7937 4.3982, -0.7395 -0.795 4.3982, -0.7441 -0.7933 4.3987, -0.7388 -0.7922 4.4066, -0.7482 -0.7903 4.4013, -0.7514 -0.7797 4.4142, -0.7569 -0.7803 4.4066, -0.7547 -0.783 4.4066, -0.7558 -0.7824 4.4059, -0.755 -0.7833 4.4055, -0.7196 -0.795 4.3982, -0.7203 -0.7922 4.4066, -0.713 -0.7623 4.4252, -0.7057 -0.7643 4.4205, -0.7381 -0.7602 4.4282, -0.7461 -0.7623 4.4252, -0.699 -0.7756 4.4066, -0.7028 -0.7733 4.4142, -0.7082 -0.7702 4.4205, -0.7358 -0.7641 4.4282, -0.7372 -0.7623 4.4282, -0.7417 -0.77 4.4252, -0.7444 -0.7665 4.4252, -0.747 -0.7753 4.4205, -0.7509 -0.7702 4.4205, -0.7622 -0.7666 4.4099, -0.7594 -0.7659 4.4142, -0.7534 -0.7643 4.4205, -0.7044 -0.783 4.4066, -0.7077 -0.7797 4.4142, -0.7121 -0.7753 4.4205, -0.7174 -0.77 4.4252, -0.7141 -0.7846 4.4142, -0.7172 -0.7792 4.4205, -0.721 -0.7727 4.4252, -0.7251 -0.7655 4.4282, -0.7273 -0.7664 4.4282, -0.7251 -0.7745 4.4252, -0.7232 -0.7817 4.4205, -0.7215 -0.7877 4.4142, -0.7318 -0.7664 4.4282, -0.734 -0.7655 4.4282, -0.734 -0.7745 4.4252, -0.7381 -0.7727 4.4252, -0.7359 -0.7817 4.4205, -0.7419 -0.7792 4.4205, -0.7375 -0.7877 4.4142, -0.745 -0.7846 4.4142, -0.7473 -0.7887 4.4066, -0.7505 -0.7887 4.4027, -0.7295 -0.7935 4.4066, -0.7295 -0.7888 4.4142, -0.7295 -0.7825 4.4205, -0.7295 -0.7751 4.4252, -0.7295 -0.7667 4.4282, 0.1939 -0.7959 4.3949, 0.2027 -0.7972 4.3898, 0.1927 -0.7953 4.3955, 0.1881 -0.7931 4.3982, 0.1857 -0.792 4.3996, 0.184 -0.7905 4.4006, 0.1786 -0.7857 4.4037, 0.1772 -0.7835 4.4045, 0.1735 -0.7781 4.4066, 0.1732 -0.7776 4.4068, 0.1686 -0.7579 4.4094, 0.1696 -0.7668 4.4089, 0.1698 -0.7681 4.4088, 0.1724 -0.7754 4.4073, 0.172 0.7579 4.414, 0.172 -0.7579 4.414, 0.1741 0.7579 4.4168, 0.1741 -0.7579 4.4168, 0.1782 0.7579 4.4202, 0.1782 -0.7579 4.4202, 0.1811 0.7579 4.4227, 0.1811 -0.7579 4.4227, 0.1857 0.7579 4.425, 0.1857 -0.7579 4.425, 0.1893 0.7579 4.4268, 0.1893 -0.7579 4.4268, 0.194 0.7579 4.4279, 0.194 -0.7579 4.4279, 0.1982 0.7579 4.4289, 0.1982 -0.7579 4.4289, 0.2027 0.7579 4.4291, 0.2027 -0.7579 4.4291, 0.2073 0.7579 4.4289, 0.2073 -0.7579 4.4289, 0.2115 0.7579 4.4279, 0.2115 -0.7579 4.4279, 0.2162 0.7579 4.4268, 0.2162 -0.7579 4.4268, 0.2198 0.7579 4.425, 0.2198 -0.7579 4.425, 0.2244 0.7579 4.4227, 0.2244 -0.7579 4.4227, 0.2272 0.7579 4.4202, 0.2272 -0.7579 4.4202, 0.2314 0.7579 4.4168, 0.2314 -0.7579 4.4168, 0.2334 0.7579 4.414, 0.2334 -0.7579 4.414, 0.2368 0.7579 4.4094, 0.2368 -0.7579 4.4094, 0.1789 0.7643 4.4204, 0.1861 0.7623 4.4252, 0.1942 0.7602 4.4281, 0.1951 0.7623 4.4281, 0.1849 0.7887 4.4066, 0.1776 0.783 4.4066, 0.176 0.7733 4.4141, 0.2115 0.7959 4.3949, 0.2027 0.7963 4.3982, 0.2127 0.7953 4.3955, 0.2174 0.7931 4.3982, 0.2127 0.795 4.3982, 0.2198 0.792 4.3996, 0.2119 0.7922 4.4066, 0.2215 0.7905 4.4006, 0.2283 0.7835 4.4045, 0.2268 0.7857 4.4037, 0.2205 0.7887 4.4066, 0.2319 0.7781 4.4066, 0.2279 0.783 4.4066, 0.2322 0.7776 4.4068, 0.2246 0.7797 4.4141, 0.233 0.7754 4.4073, 0.1729 0.7659 4.4141, 0.1928 0.795 4.3982, 0.1935 0.7922 4.4066, 0.2112 0.7602 4.4281, 0.2193 0.7623 4.4252, 0.1878 0.7665 4.4252, 0.1965 0.7641 4.4281, 0.2266 0.7643 4.4204, 0.1814 0.7702 4.4204, 0.1809 0.7797 4.4141, 0.1853 0.7753 4.4204, 0.1906 0.77 4.4252, 0.209 0.7641 4.4281, 0.2104 0.7623 4.4281, 0.2149 0.77 4.4252, 0.2176 0.7665 4.4252, 0.2202 0.7753 4.4204, 0.2241 0.7702 4.4204, 0.2295 0.7733 4.4141, 0.2357 0.7681 4.4088, 0.2358 0.7668 4.4089, 0.2326 0.7659 4.4141, 0.1873 0.7846 4.4141, 0.1904 0.7792 4.4204, 0.1941 0.7727 4.4252, 0.1983 0.7655 4.4281, 0.2004 0.7664 4.4281, 0.1983 0.7745 4.4252, 0.1963 0.7817 4.4204, 0.1947 0.7877 4.4141, 0.205 0.7664 4.4281, 0.2071 0.7655 4.4281, 0.2072 0.7745 4.4252, 0.2113 0.7727 4.4252, 0.2091 0.7817 4.4204, 0.2151 0.7792 4.4204, 0.2107 0.7877 4.4141, 0.2182 0.7846 4.4141, 0.2027 0.7935 4.4066, 0.2027 0.7888 4.4141, 0.2027 0.7825 4.4204, 0.2027 0.7751 4.4252, 0.2027 0.7667 4.4281, -0.8121 0.7623 4.3302, -0.8121 0.7579 4.3307, -0.8122 0.7716 4.3259, -0.8122 0.7681 4.3281, -0.8122 0.7666 4.3288, -0.8124 0.7822 4.3134, -0.8123 0.7776 4.3204, -0.8123 0.7749 4.3229, -0.8127 0.7917 4.2919, -0.8126 0.7883 4.3012, -0.8125 0.7857 4.3082, -0.8128 0.7933 4.2872, -0.813 0.795 4.2733, -0.813 0.7953 4.2705, -0.8132 0.7972 4.2538, -0.8122 -0.7716 4.3259, -0.8122 -0.775 4.3231, -0.8132 -0.7972 4.2538, -0.813 -0.7953 4.2705, -0.813 -0.795 4.2733, -0.8128 -0.7933 4.2872, -0.8127 -0.7917 4.2919, -0.8126 -0.7883 4.3012, -0.8125 -0.7857 4.3082, -0.8124 -0.7822 4.3134, -0.8123 -0.7776 4.3204, -0.8122 -0.768 4.328, -0.8122 -0.7666 4.3288, -0.8121 -0.7579 4.3307, -0.8121 -0.7623 4.3302, 0.2266 -0.7643 4.4204, 0.2193 -0.7623 4.4252, 0.2112 -0.7602 4.4281, 0.2104 -0.7623 4.4281, 0.2027 -0.7963 4.3982, 0.2175 -0.7933 4.3983, 0.2215 -0.7905 4.4006, 0.2205 -0.7887 4.4066, 0.224 -0.7887 4.402, 0.2284 -0.7836 4.4046, 0.2279 -0.783 4.4066, 0.2319 -0.7778 4.4066, 0.2332 -0.7755 4.4073, 0.2295 -0.7733 4.4141, 0.236 -0.7666 4.409, 0.2326 -0.7659 4.4141, 0.2359 -0.7668 4.4089, 0.2334 -0.775 4.4075, 0.2103 -0.7963 4.3941, 0.2127 -0.7953 4.3955, 0.2127 -0.795 4.3982, 0.2174 -0.7934 4.3982, 0.2119 -0.7922 4.4066, 0.1928 -0.795 4.3982, 0.1935 -0.7922 4.4066, 0.1849 -0.7887 4.4066, 0.1776 -0.783 4.4066, 0.1809 -0.7797 4.4141, 0.1942 -0.7602 4.4281, 0.1861 -0.7623 4.4252, 0.2176 -0.7665 4.4252, 0.209 -0.7641 4.4281, 0.1789 -0.7643 4.4204, 0.2241 -0.7702 4.4204, 0.2294 -0.7824 4.4052, 0.2246 -0.7797 4.4141, 0.2202 -0.7753 4.4204, 0.2149 -0.77 4.4252, 0.1965 -0.7641 4.4281, 0.1951 -0.7623 4.4281, 0.1906 -0.77 4.4252, 0.1878 -0.7665 4.4252, 0.1853 -0.7753 4.4204, 0.1814 -0.7702 4.4204, 0.176 -0.7733 4.4141, 0.1729 -0.7659 4.4141, 0.2182 -0.7846 4.4141, 0.2151 -0.7792 4.4204, 0.2113 -0.7727 4.4252, 0.2071 -0.7655 4.4281, 0.205 -0.7664 4.4281, 0.2072 -0.7745 4.4252, 0.2091 -0.7817 4.4204, 0.2107 -0.7877 4.4141, 0.2004 -0.7664 4.4281, 0.1983 -0.7655 4.4281, 0.1983 -0.7745 4.4252, 0.1941 -0.7727 4.4252, 0.1963 -0.7817 4.4204, 0.1904 -0.7792 4.4204, 0.1947 -0.7877 4.4141, 0.1873 -0.7846 4.4141, 0.2027 -0.7935 4.4066, 0.2027 -0.7888 4.4141, 0.2027 -0.7825 4.4204, 0.2027 -0.7751 4.4252, 0.2027 -0.7667 4.4281, 0.2823 0.792 4.2913, 0.2823 0.7959 4.2723, 0.2823 0.7972 4.252, 0.2823 0.7857 4.3076, 0.2823 0.7776 4.3202, 0.2823 0.7579 4.3307, 0.2823 0.763 4.33, 0.2823 0.7681 4.328, 0.2823 0.7729 4.3247, -0.8917 0.7972 4.3898, -0.8841 0.7963 4.3941, -0.8817 0.7953 4.3955, -0.8771 0.7934 4.3982, -0.8769 0.7933 4.3983, -0.8729 0.7905 4.4006, -0.8704 0.7887 4.402, -0.866 0.7836 4.4046, -0.865 0.7824 4.4052, -0.8625 0.7778 4.4066, -0.8613 0.7755 4.4073, -0.861 0.775 4.4075, -0.8585 0.7666 4.409, -0.8576 0.7579 4.4094, -0.8585 0.7668 4.4089, -0.9258 0.7579 4.4094, -0.9258 -0.7579 4.4094, -0.9224 0.7579 4.414, -0.9224 -0.7579 4.414, -0.9203 0.7579 4.4168, -0.9203 -0.7579 4.4168, -0.9162 0.7579 4.4202, -0.9162 -0.7579 4.4202, -0.9133 0.7579 4.4227, -0.9133 -0.7579 4.4227, -0.9088 0.7579 4.425, -0.9088 -0.7579 4.425, -0.9052 0.7579 4.4268, -0.9052 -0.7579 4.4268, -0.9004 0.7579 4.4279, -0.9004 -0.7579 4.4279, -0.8963 0.7579 4.4289, -0.8963 -0.7579 4.4289, -0.8917 0.7579 4.4291, -0.8917 -0.7579 4.4291, -0.8871 0.7579 4.4289, -0.8871 -0.7579 4.4289, -0.8829 0.7579 4.4279, -0.8829 -0.7579 4.4279, -0.8782 0.7579 4.4268, -0.8782 -0.7579 4.4268, -0.8746 0.7579 4.425, -0.8746 -0.7579 4.425, -0.8701 0.7579 4.4227, -0.8701 -0.7579 4.4227, -0.8672 0.7579 4.4202, -0.8672 -0.7579 4.4202, -0.8631 0.7579 4.4168, -0.8631 -0.7579 4.4168, -0.861 0.7579 4.414, -0.861 -0.7579 4.414, -0.8576 -0.7579 4.4094, -0.8588 -0.7681 4.4088, -0.8586 -0.7668 4.4089, -0.8622 -0.7776 4.4068, -0.8614 -0.7754 4.4073, -0.8817 -0.7953 4.3955, -0.8829 -0.7959 4.3949, -0.8625 -0.7781 4.4066, -0.8661 -0.7835 4.4045, -0.8676 -0.7857 4.4037, -0.8729 -0.7905 4.4006, -0.8747 -0.792 4.3996, -0.8771 -0.7931 4.3982, -0.8917 -0.7972 4.3898, 0.2823 -0.7579 4.3307, 0.2823 -0.7623 4.3302, 0.2823 -0.7666 4.3287, 0.2823 -0.775 4.3229, 0.2823 -0.7709 4.3263, 0.2823 -0.7824 4.3135, 0.2823 -0.7887 4.3011, 0.2823 -0.7933 4.2861, 0.2823 -0.7953 4.2691, 0.2823 -0.7972 4.252, 0.3277 0.7579 4.4094, 0.3288 0.7668 4.4089, 0.3289 0.7681 4.4088, 0.3315 0.7754 4.4073, 0.3323 0.7776 4.4068, 0.3327 0.7781 4.4066, 0.3363 0.7835 4.4045, 0.3377 0.7857 4.4037, 0.3431 0.7905 4.4006, 0.3518 0.7953 4.3955, 0.3472 0.7931 4.3982, 0.3448 0.792 4.3996, 0.353 0.7959 4.3949, 0.3618 0.7972 4.3898, -0.9155 0.7643 4.4204, -0.9083 0.7623 4.4252, -0.9002 0.7602 4.4281, -0.8993 0.7623 4.4281, -0.8618 0.7659 4.4141, -0.8649 0.7733 4.4141, -0.8917 0.7963 4.3982, -0.9065 0.7933 4.3983, -0.9105 0.7905 4.4006, -0.9095 0.7887 4.4066, -0.913 0.7887 4.402, -0.9174 0.7836 4.4046, -0.9169 0.783 4.4066, -0.9209 0.7778 4.4066, -0.9221 0.7755 4.4073, -0.9185 0.7733 4.4141, -0.9249 0.7666 4.409, -0.9216 0.7659 4.4141, -0.9249 0.7668 4.4089, -0.9224 0.775 4.4075, -0.8993 0.7963 4.3941, -0.9017 0.7953 4.3955, -0.9017 0.795 4.3982, -0.9063 0.7934 4.3982, -0.9009 0.7922 4.4066, -0.8817 0.795 4.3982, -0.8825 0.7922 4.4066, -0.8698 0.7797 4.4141, -0.8665 0.783 4.4066, -0.8832 0.7602 4.4281, -0.8751 0.7623 4.4252, -0.9066 0.7665 4.4252, -0.8979 0.7641 4.4281, -0.8679 0.7643 4.4204, -0.9131 0.7702 4.4204, -0.9184 0.7824 4.4052, -0.9136 0.7797 4.4141, -0.9091 0.7753 4.4204, -0.9038 0.77 4.4252, -0.8855 0.7641 4.4281, -0.8841 0.7623 4.4281, -0.8796 0.77 4.4252, -0.8768 0.7665 4.4252, -0.8743 0.7753 4.4204, -0.8703 0.7702 4.4204, -0.9072 0.7846 4.4141, -0.904 0.7792 4.4204, -0.9003 0.7727 4.4252, -0.8961 0.7655 4.4281, -0.894 0.7664 4.4281, -0.8961 0.7745 4.4252, -0.8981 0.7817 4.4204, -0.8997 0.7877 4.4141, -0.8894 0.7664 4.4281, -0.8873 0.7655 4.4281, -0.8873 0.7745 4.4252, -0.8831 0.7727 4.4252, -0.8853 0.7817 4.4204, -0.8794 0.7792 4.4204, -0.8837 0.7877 4.4141, -0.8762 0.7846 4.4141, -0.8739 0.7887 4.4066, -0.8917 0.7935 4.4066, -0.8917 0.7888 4.4141, -0.8917 0.7825 4.4204, -0.8917 0.7751 4.4252, -0.8917 0.7667 4.4281, -0.8679 -0.7643 4.4204, -0.8751 -0.7623 4.4252, -0.8832 -0.7602 4.4281, -0.8841 -0.7623 4.4281, -0.8739 -0.7887 4.4066, -0.8649 -0.7733 4.4141, -0.9249 -0.7666 4.409, -0.9249 -0.7668 4.4089, -0.9216 -0.7659 4.4141, -0.9224 -0.775 4.4075, -0.9221 -0.7755 4.4073, -0.9185 -0.7733 4.4141, -0.8993 -0.7963 4.3941, -0.8917 -0.7963 4.3982, -0.9017 -0.7953 4.3955, -0.9063 -0.7934 4.3982, -0.9017 -0.795 4.3982, -0.9065 -0.7933 4.3983, -0.9009 -0.7922 4.4066, -0.9105 -0.7905 4.4006, -0.9136 -0.7797 4.4141, -0.9209 -0.7778 4.4066, -0.9169 -0.783 4.4066, -0.9184 -0.7824 4.4052, -0.9174 -0.7836 4.4046, -0.8618 -0.7659 4.4141, -0.8665 -0.783 4.4066, -0.8698 -0.7797 4.4141, -0.8817 -0.795 4.3982, -0.8825 -0.7922 4.4066, -0.9002 -0.7602 4.4281, -0.9083 -0.7623 4.4252, -0.8768 -0.7665 4.4252, -0.8855 -0.7641 4.4281, -0.9155 -0.7643 4.4204, -0.8703 -0.7702 4.4204, -0.8743 -0.7753 4.4204, -0.8796 -0.77 4.4252, -0.8979 -0.7641 4.4281, -0.8993 -0.7623 4.4281, -0.9038 -0.77 4.4252, -0.9066 -0.7665 4.4252, -0.9091 -0.7753 4.4204, -0.9131 -0.7702 4.4204, -0.8762 -0.7846 4.4141, -0.8794 -0.7792 4.4204, -0.8831 -0.7727 4.4252, -0.8873 -0.7655 4.4281, -0.8894 -0.7664 4.4281, -0.8873 -0.7745 4.4252, -0.8853 -0.7817 4.4204, -0.8837 -0.7877 4.4141, -0.894 -0.7664 4.4281, -0.8961 -0.7655 4.4281, -0.8961 -0.7745 4.4252, -0.9003 -0.7727 4.4252, -0.8981 -0.7817 4.4204, -0.904 -0.7792 4.4204, -0.8997 -0.7877 4.4141, -0.9072 -0.7846 4.4141, -0.9095 -0.7887 4.4066, -0.913 -0.7887 4.402, -0.8917 -0.7935 4.4066, -0.8917 -0.7888 4.4141, -0.8917 -0.7825 4.4204, -0.8917 -0.7751 4.4252, -0.8917 -0.7667 4.4281, 0.3618 -0.7972 4.3898, 0.3542 -0.7963 4.3941, 0.3518 -0.7953 4.3955, 0.3472 -0.7934 4.3982, 0.347 -0.7933 4.3983, 0.3431 -0.7905 4.4006, 0.3406 -0.7887 4.402, 0.3362 -0.7836 4.4046, 0.3352 -0.7824 4.4052, 0.3327 -0.7778 4.4066, 0.3286 -0.7666 4.409, 0.3277 -0.7579 4.4094, 0.3314 -0.7755 4.4073, 0.3311 -0.775 4.4075, 0.3286 -0.7668 4.4089, 0.3959 -0.7579 4.4094, 0.3959 0.7579 4.4094, 0.3925 -0.7579 4.414, 0.3925 0.7579 4.414, 0.3905 -0.7579 4.4168, 0.3905 0.7579 4.4168, 0.3863 -0.7579 4.4202, 0.3863 0.7579 4.4202, 0.3835 -0.7579 4.4227, 0.3835 0.7579 4.4227, 0.3789 -0.7579 4.425, 0.3789 0.7579 4.425, 0.3753 -0.7579 4.4268, 0.3753 0.7579 4.4268, 0.3706 -0.7579 4.4279, 0.3706 0.7579 4.4279, 0.3664 -0.7579 4.4289, 0.3664 0.7579 4.4289, 0.3618 -0.7579 4.4291, 0.3618 0.7579 4.4291, 0.3573 -0.7579 4.4289, 0.3573 0.7579 4.4289, 0.3531 -0.7579 4.4279, 0.3531 0.7579 4.4279, 0.3484 -0.7579 4.4268, 0.3484 0.7579 4.4268, 0.3448 -0.7579 4.425, 0.3448 0.7579 4.425, 0.3402 -0.7579 4.4227, 0.3402 0.7579 4.4227, 0.3373 -0.7579 4.4202, 0.3373 0.7579 4.4202, 0.3332 -0.7579 4.4168, 0.3332 0.7579 4.4168, 0.3311 -0.7579 4.414, 0.3311 0.7579 4.414, 0.338 0.7643 4.4204, 0.3452 0.7623 4.4252, 0.3533 0.7602 4.4281, 0.3542 0.7623 4.4281, 0.344 0.7887 4.4066, 0.3351 0.7733 4.4141, 0.3707 0.7959 4.3949, 0.3618 0.7963 4.3982, 0.3718 0.7953 4.3955, 0.3765 0.7931 4.3982, 0.3718 0.795 4.3982, 0.3789 0.792 4.3996, 0.371 0.7922 4.4066, 0.3806 0.7905 4.4006, 0.3874 0.7835 4.4045, 0.3859 0.7857 4.4037, 0.3796 0.7887 4.4066, 0.391 0.7781 4.4066, 0.387 0.783 4.4066, 0.3914 0.7776 4.4068, 0.3837 0.7797 4.4141, 0.3921 0.7754 4.4073, 0.332 0.7659 4.4141, 0.3367 0.783 4.4066, 0.34 0.7797 4.4141, 0.3519 0.795 4.3982, 0.3526 0.7922 4.4066, 0.3703 0.7602 4.4281, 0.3784 0.7623 4.4252, 0.347 0.7665 4.4252, 0.3556 0.7641 4.4281, 0.3857 0.7643 4.4204, 0.3405 0.7702 4.4204, 0.3444 0.7753 4.4204, 0.3497 0.77 4.4252, 0.3681 0.7641 4.4281, 0.3695 0.7623 4.4281, 0.374 0.77 4.4252, 0.3767 0.7665 4.4252, 0.3793 0.7753 4.4204, 0.3832 0.7702 4.4204, 0.3886 0.7733 4.4141, 0.3948 0.7681 4.4088, 0.3949 0.7668 4.4089, 0.3917 0.7659 4.4141, 0.3464 0.7846 4.4141, 0.3495 0.7792 4.4204, 0.3532 0.7727 4.4252, 0.3574 0.7655 4.4281, 0.3596 0.7664 4.4281, 0.3574 0.7745 4.4252, 0.3554 0.7817 4.4204, 0.3538 0.7877 4.4141, 0.3641 0.7664 4.4281, 0.3662 0.7655 4.4281, 0.3663 0.7745 4.4252, 0.3704 0.7727 4.4252, 0.3682 0.7817 4.4204, 0.3742 0.7792 4.4204, 0.3698 0.7877 4.4141, 0.3773 0.7846 4.4141, 0.3618 0.7935 4.4066, 0.3618 0.7888 4.4141, 0.3618 0.7825 4.4204, 0.3618 0.7751 4.4252, 0.3618 0.7667 4.4281, -0.9713 0.7579 4.3307, -0.9713 0.7623 4.3302, -0.9713 0.7666 4.3287, -0.9713 0.775 4.3229, -0.9713 0.7709 4.3263, -0.9713 0.7824 4.3135, -0.9713 0.7887 4.3011, -0.9713 0.7933 4.2861, -0.9713 0.7953 4.2691, -0.9713 0.7972 4.252, -0.9713 -0.7972 4.252, -0.9713 -0.7953 4.2691, -0.9713 -0.7933 4.2861, -0.9713 -0.7887 4.3011, -0.9713 -0.7824 4.3135, -0.9713 -0.775 4.3229, -0.9713 -0.7579 4.3307, -0.9713 -0.7709 4.3263, -0.9713 -0.7666 4.3287, -0.9713 -0.7623 4.3302, 0.3857 -0.7643 4.4204, 0.3784 -0.7623 4.4252, 0.3703 -0.7602 4.4281, 0.3695 -0.7623 4.4281, 0.332 -0.7659 4.4141, 0.3351 -0.7733 4.4141, 0.3618 -0.7963 4.3982, 0.3789 -0.792 4.3996, 0.3806 -0.7905 4.4006, 0.3796 -0.7887 4.4066, 0.3914 -0.7776 4.4068, 0.3921 -0.7754 4.4073, 0.3886 -0.7733 4.4141, 0.3948 -0.7681 4.4088, 0.3949 -0.7668 4.4089, 0.3917 -0.7659 4.4141, 0.3859 -0.7857 4.4037, 0.3874 -0.7835 4.4045, 0.387 -0.783 4.4066, 0.391 -0.7781 4.4066, 0.3837 -0.7797 4.4141, 0.3707 -0.7959 4.3949, 0.3718 -0.7953 4.3955, 0.3718 -0.795 4.3982, 0.3765 -0.7931 4.3982, 0.371 -0.7922 4.4066, 0.3519 -0.795 4.3982, 0.3526 -0.7922 4.4066, 0.34 -0.7797 4.4141, 0.3367 -0.783 4.4066, 0.3533 -0.7602 4.4281, 0.3452 -0.7623 4.4252, 0.3767 -0.7665 4.4252, 0.3681 -0.7641 4.4281, 0.338 -0.7643 4.4204, 0.3832 -0.7702 4.4204, 0.3793 -0.7753 4.4204, 0.374 -0.77 4.4252, 0.3556 -0.7641 4.4281, 0.3542 -0.7623 4.4281, 0.3497 -0.77 4.4252, 0.347 -0.7665 4.4252, 0.3444 -0.7753 4.4204, 0.3405 -0.7702 4.4204, 0.3773 -0.7846 4.4141, 0.3742 -0.7792 4.4204, 0.3704 -0.7727 4.4252, 0.3662 -0.7655 4.4281, 0.3641 -0.7664 4.4281, 0.3663 -0.7745 4.4252, 0.3682 -0.7817 4.4204, 0.3698 -0.7877 4.4141, 0.3596 -0.7664 4.4281, 0.3574 -0.7655 4.4281, 0.3574 -0.7745 4.4252, 0.3532 -0.7727 4.4252, 0.3554 -0.7817 4.4204, 0.3495 -0.7792 4.4204, 0.3538 -0.7877 4.4141, 0.3464 -0.7846 4.4141, 0.344 -0.7887 4.4066, 0.3618 -0.7935 4.4066, 0.3618 -0.7888 4.4141, 0.3618 -0.7825 4.4204, 0.3618 -0.7751 4.4252, 0.3618 -0.7667 4.4281, 0.4475 0.7579 4.3202, 0.4466 0.7655 4.3197, 0.4463 0.7681 4.3195, 0.4445 0.773 4.3185, 0.4429 0.7776 4.3175, 0.4411 0.7802 4.3165, 0.4375 0.7857 4.3144, 0.4134 0.7972 4.3005, 0.4218 0.796 4.3053, 0.4222 0.7959 4.3056, 0.4253 0.7944 4.3073, 0.4297 0.7923 4.3099, 0.4304 0.792 4.3103, 0.4362 0.7868 4.3137, 0.4368 0.7863 4.314, -1.0508 0.7972 4.3898, -1.0432 0.7963 4.3941, -1.0408 0.7953 4.3955, -1.0362 0.7934 4.3982, -1.036 0.7933 4.3983, -1.032 0.7905 4.4006, -1.0296 0.7887 4.402, -1.0251 0.7836 4.4046, -1.0242 0.7824 4.4052, -1.0216 0.7778 4.4066, -1.0176 0.7666 4.409, -1.0167 0.7579 4.4094, -1.0204 0.7755 4.4073, -1.0201 0.775 4.4075, -1.0176 0.7668 4.4089, -1.0849 0.7579 4.4094, -1.0849 -0.7579 4.4094, -1.0815 0.7579 4.414, -1.0815 -0.7579 4.414, -1.0794 0.7579 4.4168, -1.0794 -0.7579 4.4168, -1.0753 0.7579 4.4202, -1.0753 -0.7579 4.4202, -1.0724 0.7579 4.4227, -1.0724 -0.7579 4.4227, -1.0679 0.7579 4.425, -1.0679 -0.7579 4.425, -1.0643 0.7579 4.4268, -1.0643 -0.7579 4.4268, -1.0596 0.7579 4.4279, -1.0596 -0.7579 4.4279, -1.0554 0.7579 4.4289, -1.0554 -0.7579 4.4289, -1.0508 0.7579 4.4291, -1.0508 -0.7579 4.4291, -1.0462 0.7579 4.4289, -1.0462 -0.7579 4.4289, -1.0421 0.7579 4.4279, -1.0421 -0.7579 4.4279, -1.0373 0.7579 4.4268, -1.0373 -0.7579 4.4268, -1.0338 0.7579 4.425, -1.0338 -0.7579 4.425, -1.0292 0.7579 4.4227, -1.0292 -0.7579 4.4227, -1.0263 0.7579 4.4202, -1.0263 -0.7579 4.4202, -1.0222 0.7579 4.4168, -1.0222 -0.7579 4.4168, -1.0201 0.7579 4.414, -1.0201 -0.7579 4.414, -1.0167 -0.7579 4.4094, -1.0176 -0.7666 4.409, -1.0201 -0.775 4.4075, -1.0176 -0.7668 4.4089, -1.0204 -0.7755 4.4073, -1.0216 -0.7778 4.4066, -1.0242 -0.7824 4.4052, -1.0251 -0.7836 4.4046, -1.0296 -0.7887 4.402, -1.032 -0.7905 4.4006, -1.036 -0.7933 4.3983, -1.0362 -0.7934 4.3982, -1.0408 -0.7953 4.3955, -1.0432 -0.7963 4.3941, -1.0508 -0.7972 4.3898, 0.4134 -0.7972 4.3005, 0.4218 -0.796 4.3053, 0.4222 -0.7959 4.3056, 0.4253 -0.7944 4.3073, 0.4297 -0.7923 4.3099, 0.4304 -0.792 4.3103, 0.4362 -0.7868 4.3137, 0.4429 -0.7776 4.3175, 0.4411 -0.7802 4.3165, 0.4375 -0.7857 4.3144, 0.4368 -0.7863 4.314, 0.4475 -0.7579 4.3202, 0.4466 -0.7655 4.3197, 0.4463 -0.7681 4.3195, 0.4445 -0.773 4.3185, 0.4528 -0.7579 4.3005, 0.4528 0.7579 4.3005, 0.4522 -0.7579 4.3074, 0.4522 0.7579 4.3074, 0.4513 -0.7579 4.3106, 0.4513 0.7579 4.3106, 0.4504 -0.7579 4.314, 0.4504 0.7579 4.314, 0.4513 0.768 4.3005, 0.4488 0.7751 4.3005, 0.4483 0.7748 4.3074, 0.4218 0.7963 4.3005, 0.4235 0.7958 4.3005, 0.4466 0.774 4.314, 0.4494 0.7661 4.314, 0.4422 0.781 4.314, 0.4436 0.7822 4.3074, 0.4374 0.7883 4.3074, 0.43 0.7929 4.3074, 0.4302 0.7935 4.3005, 0.4329 0.7918 4.3005, 0.4473 0.7774 4.3005, 0.4441 0.7825 4.3005, 0.441 0.7855 4.3005, 0.4378 0.7888 4.3005, 0.4518 0.7667 4.3005, 0.4512 0.7666 4.3074, -1.0746 0.7643 4.4204, -1.0674 0.7623 4.4252, -1.0593 0.7602 4.4281, -1.0584 0.7623 4.4281, -1.021 0.7659 4.4141, -1.024 0.7733 4.4141, -1.0508 0.7963 4.3982, -1.0679 0.792 4.3996, -1.0696 0.7905 4.4006, -1.0686 0.7887 4.4066, -1.0803 0.7776 4.4068, -1.0811 0.7754 4.4073, -1.0776 0.7733 4.4141, -1.0837 0.7681 4.4088, -1.0839 0.7668 4.4089, -1.0807 0.7659 4.4141, -1.0749 0.7857 4.4037, -1.0764 0.7835 4.4045, -1.076 0.783 4.4066, -1.08 0.7781 4.4066, -1.0727 0.7797 4.4141, -1.0596 0.7959 4.3949, -1.0608 0.7953 4.3955, -1.0608 0.795 4.3982, -1.0654 0.7931 4.3982, -1.06 0.7922 4.4066, -1.0409 0.795 4.3982, -1.0416 0.7922 4.4066, -1.029 0.7797 4.4141, -1.0256 0.783 4.4066, -1.0423 0.7602 4.4281, -1.0342 0.7623 4.4252, -1.0657 0.7665 4.4252, -1.057 0.7641 4.4281, -1.027 0.7643 4.4204, -1.0722 0.7702 4.4204, -1.0683 0.7753 4.4204, -1.063 0.77 4.4252, -1.0446 0.7641 4.4281, -1.0432 0.7623 4.4281, -1.0387 0.77 4.4252, -1.0359 0.7665 4.4252, -1.0334 0.7753 4.4204, -1.0294 0.7702 4.4204, -1.0663 0.7846 4.4141, -1.0631 0.7792 4.4204, -1.0594 0.7727 4.4252, -1.0552 0.7655 4.4281, -1.0531 0.7664 4.4281, -1.0553 0.7745 4.4252, -1.0572 0.7817 4.4204, -1.0588 0.7877 4.4141, -1.0485 0.7664 4.4281, -1.0464 0.7655 4.4281, -1.0464 0.7745 4.4252, -1.0422 0.7727 4.4252, -1.0444 0.7817 4.4204, -1.0385 0.7792 4.4204, -1.0428 0.7877 4.4141, -1.0354 0.7846 4.4141, -1.033 0.7887 4.4066, -1.0508 0.7935 4.4066, -1.0508 0.7888 4.4141, -1.0508 0.7825 4.4204, -1.0508 0.7751 4.4252, -1.0508 0.7667 4.4281, -1.027 -0.7643 4.4204, -1.0342 -0.7623 4.4252, -1.0423 -0.7602 4.4281, -1.0432 -0.7623 4.4281, -1.033 -0.7887 4.4066, -1.0256 -0.783 4.4066, -1.024 -0.7733 4.4141, -1.0596 -0.7959 4.3949, -1.0508 -0.7963 4.3982, -1.0608 -0.7953 4.3955, -1.0654 -0.7931 4.3982, -1.0608 -0.795 4.3982, -1.0679 -0.792 4.3996, -1.06 -0.7922 4.4066, -1.0696 -0.7905 4.4006, -1.0764 -0.7835 4.4045, -1.0749 -0.7857 4.4037, -1.0686 -0.7887 4.4066, -1.08 -0.7781 4.4066, -1.076 -0.783 4.4066, -1.0803 -0.7776 4.4068, -1.0727 -0.7797 4.4141, -1.0811 -0.7754 4.4073, -1.021 -0.7659 4.4141, -1.0409 -0.795 4.3982, -1.0416 -0.7922 4.4066, -1.0593 -0.7602 4.4281, -1.0674 -0.7623 4.4252, -1.0359 -0.7665 4.4252, -1.0446 -0.7641 4.4281, -1.0746 -0.7643 4.4204, -1.0294 -0.7702 4.4204, -1.029 -0.7797 4.4141, -1.0334 -0.7753 4.4204, -1.0387 -0.77 4.4252, -1.057 -0.7641 4.4281, -1.0584 -0.7623 4.4281, -1.063 -0.77 4.4252, -1.0657 -0.7665 4.4252, -1.0683 -0.7753 4.4204, -1.0722 -0.7702 4.4204, -1.0776 -0.7733 4.4141, -1.0837 -0.7681 4.4088, -1.0839 -0.7668 4.4089, -1.0807 -0.7659 4.4141, -1.0354 -0.7846 4.4141, -1.0385 -0.7792 4.4204, -1.0422 -0.7727 4.4252, -1.0464 -0.7655 4.4281, -1.0485 -0.7664 4.4281, -1.0464 -0.7745 4.4252, -1.0444 -0.7817 4.4204, -1.0428 -0.7877 4.4141, -1.0531 -0.7664 4.4281, -1.0552 -0.7655 4.4281, -1.0553 -0.7745 4.4252, -1.0594 -0.7727 4.4252, -1.0572 -0.7817 4.4204, -1.0631 -0.7792 4.4204, -1.0588 -0.7877 4.4141, -1.0663 -0.7846 4.4141, -1.0508 -0.7935 4.4066, -1.0508 -0.7888 4.4141, -1.0508 -0.7825 4.4204, -1.0508 -0.7751 4.4252, -1.0508 -0.7667 4.4281, 0.441 -0.7855 4.3005, 0.4441 -0.7825 4.3005, 0.4436 -0.7822 4.3074, 0.4473 -0.7774 4.3005, 0.4488 -0.7751 4.3005, 0.4483 -0.7748 4.3074, 0.4513 -0.768 4.3005, 0.4518 -0.7667 4.3005, 0.4512 -0.7666 4.3074, 0.4466 -0.774 4.314, 0.4422 -0.781 4.314, 0.4374 -0.7883 4.3074, 0.43 -0.7929 4.3074, 0.4494 -0.7661 4.314, 0.4378 -0.7888 4.3005, 0.4329 -0.7918 4.3005, 0.4302 -0.7935 4.3005, 0.4235 -0.7958 4.3005, 0.4218 -0.7963 4.3005, 0.4528 0.7579 2.4213, 0.4514 0.7681 2.4213, 0.4475 0.7776 2.4213, 0.4412 0.7857 2.4213, 0.4331 0.792 2.4213, 0.4236 0.7959 2.4213, 0.4134 0.7972 2.4213, -1.1365 0.7579 4.3202, -1.1356 0.7655 4.3197, -1.1353 0.7681 4.3195, -1.1335 0.773 4.3185, -1.1319 0.7776 4.3175, -1.1301 0.7802 4.3165, -1.1265 0.7857 4.3144, -1.1258 0.7863 4.314, -1.1252 0.7868 4.3137, -1.1194 0.792 4.3103, -1.1187 0.7923 4.3099, -1.1143 0.7944 4.3073, -1.1112 0.7959 4.3056, -1.1107 0.796 4.3053, -1.1024 0.7972 4.3005, -1.1417 0.7579 4.3005, -1.1417 -0.7579 4.3005, -1.1411 0.7579 4.3074, -1.1411 -0.7579 4.3074, -1.1402 0.7579 4.3106, -1.1402 -0.7579 4.3106, -1.1393 0.7579 4.314, -1.1393 -0.7579 4.314, -1.1365 -0.7579 4.3202, -1.1252 -0.7868 4.3137, -1.1194 -0.792 4.3103, -1.1187 -0.7923 4.3099, -1.1143 -0.7944 4.3073, -1.1112 -0.7959 4.3056, -1.1107 -0.796 4.3053, -1.1024 -0.7972 4.3005, -1.1319 -0.7776 4.3175, -1.1301 -0.7802 4.3165, -1.1265 -0.7857 4.3144, -1.1258 -0.7863 4.314, -1.1335 -0.773 4.3185, -1.1356 -0.7655 4.3197, -1.1353 -0.7681 4.3195, 0.4134 -0.7972 2.4213, 0.4236 -0.7959 2.4213, 0.4331 -0.792 2.4213, 0.4412 -0.7857 2.4213, 0.4475 -0.7776 2.4213, 0.4514 -0.7681 2.4213, 0.4528 -0.7579 2.4213, 0.4921 -0.7579 2.3819, 0.4921 0.7579 2.3819, 0.4819 -0.7579 2.3832, 0.4819 0.7579 2.3832, 0.4724 -0.7579 2.3872, 0.4724 0.7579 2.3872, 0.4643 -0.7579 2.3934, 0.4643 0.7579 2.3934, 0.458 -0.7579 2.4016, 0.458 0.7579 2.4016, 0.4541 -0.7579 2.4111, 0.4541 0.7579 2.4111, 0.4527 0.7684 2.4111, 0.4486 0.7782 2.4111, 0.4422 0.7867 2.4111, 0.4337 0.7931 2.4111, 0.4239 0.7972 2.4111, 0.4134 0.7986 2.4111, 0.4565 0.7694 2.4016, 0.452 0.7802 2.4016, 0.445 0.7894 2.4016, 0.4357 0.7965 2.4016, 0.4249 0.801 2.4016, 0.4134 0.8025 2.4016, 0.4626 0.771 2.3934, 0.4575 0.7833 2.3934, 0.4494 0.7939 2.3934, 0.4388 0.802 2.3934, 0.4266 0.807 2.3934, 0.4134 0.8088 2.3934, 0.4704 0.7732 2.3872, 0.4645 0.7874 2.3872, 0.4551 0.7996 2.3872, 0.4429 0.809 2.3872, 0.4287 0.8149 2.3872, 0.4134 0.8169 2.3872, 0.4796 0.7756 2.3832, 0.4728 0.7921 2.3832, 0.4619 0.8063 2.3832, 0.4477 0.8172 2.3832, 0.4311 0.8241 2.3832, 0.4134 0.8264 2.3832, 0.4894 0.7783 2.3819, 0.4816 0.7972 2.3819, 0.4691 0.8136 2.3819, 0.4528 0.8261 2.3819, 0.4338 0.8339 2.3819, 0.4134 0.8366 2.3819, -1.13 0.7855 4.3005, -1.133 0.7825 4.3005, -1.1326 0.7822 4.3074, -1.1363 0.7774 4.3005, -1.1378 0.7751 4.3005, -1.1372 0.7748 4.3074, -1.1403 0.768 4.3005, -1.1407 0.7667 4.3005, -1.1401 0.7666 4.3074, -1.1356 0.774 4.314, -1.1312 0.781 4.314, -1.1264 0.7883 4.3074, -1.1189 0.7929 4.3074, -1.1384 0.7661 4.314, -1.1267 0.7888 4.3005, -1.1219 0.7918 4.3005, -1.1192 0.7935 4.3005, -1.1125 0.7958 4.3005, -1.1108 0.7963 4.3005, -1.1403 -0.768 4.3005, -1.1378 -0.7751 4.3005, -1.1372 -0.7748 4.3074, -1.1108 -0.7963 4.3005, -1.1125 -0.7958 4.3005, -1.1356 -0.774 4.314, -1.1384 -0.7661 4.314, -1.1312 -0.781 4.314, -1.1326 -0.7822 4.3074, -1.1264 -0.7883 4.3074, -1.1189 -0.7929 4.3074, -1.1192 -0.7935 4.3005, -1.1219 -0.7918 4.3005, -1.1363 -0.7774 4.3005, -1.133 -0.7825 4.3005, -1.13 -0.7855 4.3005, -1.1267 -0.7888 4.3005, -1.1407 -0.7667 4.3005, -1.1401 -0.7666 4.3074, 0.4134 -0.7986 2.4111, 0.4239 -0.7972 2.4111, 0.4337 -0.7931 2.4111, 0.4422 -0.7867 2.4111, 0.4486 -0.7782 2.4111, 0.4527 -0.7684 2.4111, 0.4134 -0.8025 2.4016, 0.4249 -0.801 2.4016, 0.4357 -0.7965 2.4016, 0.445 -0.7894 2.4016, 0.452 -0.7802 2.4016, 0.4565 -0.7694 2.4016, 0.4134 -0.8088 2.3934, 0.4266 -0.807 2.3934, 0.4388 -0.802 2.3934, 0.4494 -0.7939 2.3934, 0.4575 -0.7833 2.3934, 0.4626 -0.771 2.3934, 0.4134 -0.8169 2.3872, 0.4287 -0.8149 2.3872, 0.4429 -0.809 2.3872, 0.4551 -0.7996 2.3872, 0.4645 -0.7874 2.3872, 0.4704 -0.7732 2.3872, 0.4134 -0.8264 2.3832, 0.4311 -0.8241 2.3832, 0.4477 -0.8172 2.3832, 0.4619 -0.8063 2.3832, 0.4728 -0.7921 2.3832, 0.4796 -0.7756 2.3832, 0.4134 -0.8366 2.3819, 0.4338 -0.8339 2.3819, 0.4528 -0.8261 2.3819, 0.4691 -0.8136 2.3819, 0.4816 -0.7972 2.3819, 0.4894 -0.7783 2.3819, -1.1024 0.8366 2.3819, -1.1024 0.8264 2.3832, -1.1024 0.8169 2.3872, -1.1024 0.8088 2.3934, -1.1024 0.8025 2.4016, -1.1024 0.7986 2.4111, -1.1024 0.7972 2.4213, -1.1126 0.7959 2.4213, -1.122 0.792 2.4213, -1.1302 0.7857 2.4213, -1.1365 0.7776 2.4213, -1.1404 0.7681 2.4213, -1.1417 0.7579 2.4213, -1.1417 -0.7579 2.4213, -1.1404 -0.7681 2.4213, -1.1365 -0.7776 2.4213, -1.1302 -0.7857 2.4213, -1.122 -0.792 2.4213, -1.1126 -0.7959 2.4213, -1.1024 -0.7972 2.4213, -1.1024 -0.8366 2.3819, -1.1024 -0.8264 2.3832, -1.1024 -0.8169 2.3872, -1.1024 -0.8088 2.3934, -1.1024 -0.8025 2.4016, -1.1024 -0.7986 2.4111, -1.1129 0.7972 2.4111, -1.1227 0.7931 2.4111, -1.1311 0.7867 2.4111, -1.1376 0.7782 2.4111, -1.1417 0.7684 2.4111, -1.1431 0.7579 2.4111, -1.1139 0.801 2.4016, -1.1247 0.7965 2.4016, -1.1339 0.7894 2.4016, -1.141 0.7802 2.4016, -1.1455 0.7694 2.4016, -1.147 0.7579 2.4016, -1.1155 0.807 2.3934, -1.1278 0.802 2.3934, -1.1384 0.7939 2.3934, -1.1464 0.7833 2.3934, -1.1515 0.771 2.3934, -1.1533 0.7579 2.3934, -1.1176 0.8149 2.3872, -1.1319 0.809 2.3872, -1.1441 0.7996 2.3872, -1.1535 0.7874 2.3872, -1.1594 0.7732 2.3872, -1.1614 0.7579 2.3872, -1.1201 0.8241 2.3832, -1.1366 0.8172 2.3832, -1.1508 0.8063 2.3832, -1.1617 0.7921 2.3832, -1.1686 0.7756 2.3832, -1.1709 0.7579 2.3832, -1.1227 0.8339 2.3819, -1.1417 0.8261 2.3819, -1.158 0.8136 2.3819, -1.1706 0.7972 2.3819, -1.1784 0.7783 2.3819, -1.1811 0.7579 2.3819, -1.1431 -0.7579 2.4111, -1.1417 -0.7684 2.4111, -1.1376 -0.7782 2.4111, -1.1311 -0.7867 2.4111, -1.1227 -0.7931 2.4111, -1.1129 -0.7972 2.4111, -1.147 -0.7579 2.4016, -1.1455 -0.7694 2.4016, -1.141 -0.7802 2.4016, -1.1339 -0.7894 2.4016, -1.1247 -0.7965 2.4016, -1.1139 -0.801 2.4016, -1.1533 -0.7579 2.3934, -1.1515 -0.771 2.3934, -1.1464 -0.7833 2.3934, -1.1384 -0.7939 2.3934, -1.1278 -0.802 2.3934, -1.1155 -0.807 2.3934, -1.1614 -0.7579 2.3872, -1.1594 -0.7732 2.3872, -1.1535 -0.7874 2.3872, -1.1441 -0.7996 2.3872, -1.1319 -0.809 2.3872, -1.1176 -0.8149 2.3872, -1.1709 -0.7579 2.3832, -1.1686 -0.7756 2.3832, -1.1617 -0.7921 2.3832, -1.1508 -0.8063 2.3832, -1.1366 -0.8172 2.3832, -1.1201 -0.8241 2.3832, -1.1811 -0.7579 2.3819, -1.1784 -0.7783 2.3819, -1.1706 -0.7972 2.3819, -1.158 -0.8136 2.3819, -1.1417 -0.8261 2.3819, -1.1227 -0.8339 2.3819
            ]
        }
        coordIndex [
            0,1,2,-1,2,1,3,-1,2,3,4,-1,5,6,7,-1,7,6,4,-1,7,4,8,-1,8,4,3,-1,9,10,11,-1,11,10,12,-1,11,12,13,-1,13,12,14,-1,13,14,15,-1,15,14,16,-1,15,16,17,-1,17,16,18,-1,17,18,19,-1,19,18,20,-1,19,20,21,-1,21,20,22,-1,21,22,23,-1,23,22,24,-1,23,24,25,-1,25,24,26,-1,25,26,27,-1,27,26,28,-1,27,28,29,-1,29,28,30,-1,29,30,31,-1,31,30,32,-1,31,32,5,-1,5,32,33,-1,5,33,6,-1,34,35,36,-1,36,35,28,-1,37,28,35,-1,38,39,40,-1,0,2,41,-1,41,2,42,-1,41,42,43,-1,44,45,46,-1,46,45,47,-1,46,47,48,-1,49,50,51,-1,52,53,50,-1,50,53,54,-1,50,54,51,-1,55,56,57,-1,58,59,60,-1,60,59,61,-1,60,61,62,-1,63,64,65,-1,66,67,68,-1,68,67,69,-1,68,69,70,-1,37,35,71,-1,71,35,34,-1,71,34,72,-1,28,26,73,-1,73,26,24,-1,73,24,74,-1,4,6,72,-1,72,6,33,-1,72,33,71,-1,71,33,32,-1,71,32,37,-1,37,32,30,-1,37,30,28,-1,24,22,74,-1,74,22,20,-1,74,20,75,-1,75,20,18,-1,2,4,42,-1,42,4,72,-1,42,72,76,-1,76,72,34,-1,76,34,77,-1,77,34,36,-1,77,36,78,-1,78,36,28,-1,79,80,81,-1,82,83,84,-1,84,83,85,-1,84,85,86,-1,86,85,87,-1,86,87,69,-1,69,87,88,-1,69,88,70,-1,70,88,89,-1,90,89,91,-1,91,89,88,-1,91,88,75,-1,75,88,87,-1,75,87,74,-1,74,87,85,-1,74,85,73,-1,73,85,83,-1,73,83,28,-1,82,28,83,-1,10,90,12,-1,12,90,91,-1,12,91,14,-1,14,91,75,-1,14,75,16,-1,16,75,18,-1,81,80,46,-1,46,80,92,-1,46,92,44,-1,39,44,40,-1,40,44,92,-1,40,92,93,-1,93,92,80,-1,93,80,94,-1,94,80,79,-1,94,79,95,-1,51,38,49,-1,49,38,40,-1,49,40,96,-1,96,40,93,-1,96,93,97,-1,97,93,94,-1,97,94,98,-1,98,94,95,-1,98,95,99,-1,100,101,102,-1,102,101,103,-1,102,103,104,-1,104,103,105,-1,104,105,106,-1,106,105,107,-1,106,107,61,-1,61,107,65,-1,61,65,62,-1,62,65,64,-1,66,63,67,-1,67,63,65,-1,67,65,69,-1,69,65,107,-1,69,107,86,-1,86,107,105,-1,86,105,84,-1,84,105,103,-1,84,103,82,-1,82,103,101,-1,82,101,28,-1,100,28,101,-1,99,108,98,-1,98,108,109,-1,98,109,97,-1,97,109,110,-1,97,110,96,-1,96,110,111,-1,96,111,49,-1,49,111,112,-1,49,112,50,-1,50,112,57,-1,50,57,52,-1,52,57,56,-1,58,55,59,-1,59,55,57,-1,59,57,61,-1,61,57,112,-1,61,112,106,-1,106,112,111,-1,106,111,104,-1,104,111,110,-1,104,110,102,-1,102,110,109,-1,102,109,100,-1,100,109,108,-1,100,108,28,-1,99,28,108,-1,48,43,46,-1,46,43,42,-1,46,42,81,-1,81,42,76,-1,81,76,79,-1,79,76,77,-1,79,77,95,-1,95,77,78,-1,95,78,99,-1,99,78,28,-1,113,0,114,-1,114,0,41,-1,115,116,48,-1,48,116,114,-1,48,114,43,-1,43,114,41,-1,117,45,118,-1,118,45,119,-1,115,48,117,-1,117,48,47,-1,117,47,45,-1,119,45,120,-1,120,45,44,-1,120,44,121,-1,54,53,122,-1,122,53,123,-1,121,44,124,-1,124,44,39,-1,124,39,125,-1,125,39,38,-1,125,38,122,-1,122,38,51,-1,122,51,54,-1,123,53,126,-1,126,53,52,-1,126,52,127,-1,128,129,130,-1,131,132,133,-1,130,129,134,-1,134,129,135,-1,134,135,133,-1,133,135,136,-1,133,136,131,-1,137,138,139,-1,139,138,128,-1,139,128,140,-1,140,128,130,-1,141,142,143,-1,143,142,144,-1,143,144,145,-1,143,146,141,-1,141,146,147,-1,141,147,137,-1,137,147,148,-1,137,148,138,-1,145,144,149,-1,149,144,150,-1,149,150,151,-1,152,1,153,-1,150,154,151,-1,151,154,152,-1,151,152,155,-1,155,152,153,-1,13,15,156,-1,157,158,159,-1,159,158,27,-1,25,27,158,-1,133,132,160,-1,161,162,163,-1,164,165,166,-1,167,168,169,-1,170,171,172,-1,172,171,9,-1,172,9,11,-1,173,174,175,-1,175,174,176,-1,175,176,177,-1,133,160,134,-1,178,140,179,-1,179,140,130,-1,150,144,180,-1,180,144,142,-1,180,142,141,-1,181,27,29,-1,17,19,157,-1,157,19,21,-1,157,21,158,-1,158,21,23,-1,158,23,25,-1,15,17,156,-1,156,17,157,-1,156,157,182,-1,182,157,159,-1,182,159,183,-1,183,159,27,-1,168,170,169,-1,169,170,172,-1,169,172,184,-1,165,185,166,-1,166,185,167,-1,166,167,186,-1,186,167,169,-1,186,169,187,-1,187,169,184,-1,187,184,188,-1,189,190,191,-1,191,190,192,-1,191,192,193,-1,193,192,194,-1,193,194,195,-1,195,194,196,-1,195,196,197,-1,198,196,199,-1,199,196,194,-1,199,194,200,-1,200,194,192,-1,200,192,181,-1,181,192,190,-1,181,190,27,-1,189,27,190,-1,1,152,3,-1,3,152,198,-1,3,198,8,-1,8,198,199,-1,8,199,7,-1,7,199,200,-1,7,200,5,-1,5,200,181,-1,5,181,31,-1,31,181,29,-1,162,164,163,-1,163,164,166,-1,163,166,201,-1,201,166,186,-1,201,186,202,-1,202,186,187,-1,202,187,203,-1,203,187,188,-1,203,188,204,-1,204,205,203,-1,203,205,206,-1,203,206,202,-1,202,206,207,-1,202,207,201,-1,201,207,208,-1,201,208,163,-1,163,208,177,-1,163,177,161,-1,161,177,176,-1,209,210,211,-1,211,210,212,-1,211,212,213,-1,213,212,214,-1,213,214,215,-1,215,214,216,-1,215,216,178,-1,178,216,217,-1,178,217,140,-1,140,217,139,-1,197,217,195,-1,195,217,216,-1,195,216,193,-1,193,216,214,-1,193,214,191,-1,191,214,212,-1,191,212,189,-1,189,212,210,-1,189,210,27,-1,209,27,210,-1,152,154,198,-1,198,154,150,-1,198,150,196,-1,196,150,180,-1,196,180,197,-1,197,180,141,-1,197,141,217,-1,217,141,137,-1,217,137,139,-1,132,173,160,-1,160,173,175,-1,160,175,218,-1,218,175,177,-1,218,177,219,-1,219,177,208,-1,219,208,220,-1,220,208,207,-1,220,207,221,-1,221,207,206,-1,221,206,222,-1,222,206,205,-1,222,205,27,-1,204,27,205,-1,11,13,172,-1,172,13,156,-1,172,156,184,-1,184,156,182,-1,184,182,188,-1,188,182,183,-1,188,183,204,-1,204,183,27,-1,130,134,179,-1,179,134,160,-1,179,160,178,-1,178,160,218,-1,178,218,215,-1,215,218,219,-1,215,219,213,-1,213,219,220,-1,213,220,211,-1,211,220,221,-1,211,221,209,-1,209,221,222,-1,209,222,27,-1,58,223,55,-1,55,223,224,-1,55,224,56,-1,56,224,225,-1,56,225,52,-1,58,60,223,-1,223,60,62,-1,223,62,226,-1,62,64,226,-1,226,64,63,-1,226,63,227,-1,10,228,90,-1,90,228,229,-1,90,229,89,-1,89,229,230,-1,89,230,70,-1,70,230,231,-1,70,231,68,-1,68,231,227,-1,68,227,66,-1,66,227,63,-1,117,118,232,-1,119,120,233,-1,234,235,127,-1,127,235,126,-1,126,235,123,-1,123,235,236,-1,123,236,122,-1,122,236,237,-1,122,237,125,-1,233,120,238,-1,237,239,125,-1,125,239,240,-1,125,240,124,-1,124,240,238,-1,124,238,121,-1,121,238,120,-1,119,233,118,-1,118,233,241,-1,118,241,232,-1,242,116,232,-1,232,116,115,-1,232,115,117,-1,243,244,113,-1,242,245,116,-1,116,245,243,-1,116,243,114,-1,114,243,113,-1,246,244,247,-1,247,244,248,-1,247,248,249,-1,250,251,252,-1,252,251,249,-1,252,249,253,-1,253,249,248,-1,254,255,256,-1,256,255,257,-1,256,257,258,-1,258,257,259,-1,258,259,260,-1,260,259,261,-1,260,261,262,-1,262,261,263,-1,262,263,264,-1,264,263,265,-1,264,265,266,-1,266,265,267,-1,266,267,268,-1,268,267,269,-1,268,269,270,-1,270,269,271,-1,270,271,272,-1,272,271,273,-1,272,273,274,-1,274,273,275,-1,274,275,276,-1,276,275,277,-1,276,277,250,-1,250,277,278,-1,250,278,251,-1,149,151,279,-1,279,151,155,-1,279,155,280,-1,280,155,281,-1,281,155,153,-1,281,153,246,-1,146,143,282,-1,282,143,145,-1,149,279,145,-1,145,279,283,-1,145,283,282,-1,146,282,147,-1,147,282,284,-1,147,284,148,-1,148,284,138,-1,138,284,285,-1,138,285,128,-1,128,285,286,-1,128,286,129,-1,129,286,287,-1,129,287,135,-1,287,288,135,-1,135,288,289,-1,135,289,136,-1,136,289,290,-1,136,290,131,-1,291,9,292,-1,292,9,171,-1,292,171,293,-1,293,171,294,-1,294,171,170,-1,294,170,295,-1,295,170,296,-1,296,170,168,-1,296,168,167,-1,167,185,296,-1,296,185,165,-1,296,165,297,-1,165,164,297,-1,297,164,162,-1,297,162,298,-1,162,161,298,-1,298,161,176,-1,298,176,299,-1,299,176,174,-1,174,173,299,-1,299,173,132,-1,299,132,300,-1,301,227,302,-1,302,227,231,-1,302,231,303,-1,303,231,304,-1,304,231,230,-1,304,230,305,-1,305,230,229,-1,305,229,306,-1,306,229,228,-1,306,228,307,-1,308,223,301,-1,301,223,226,-1,301,226,227,-1,308,309,223,-1,223,309,310,-1,223,310,224,-1,224,310,311,-1,311,312,224,-1,224,312,313,-1,224,313,225,-1,258,260,314,-1,315,316,317,-1,317,316,272,-1,270,272,316,-1,235,234,318,-1,319,320,321,-1,322,323,324,-1,325,326,327,-1,328,329,330,-1,330,329,254,-1,330,254,256,-1,331,332,333,-1,333,332,334,-1,333,334,335,-1,235,318,236,-1,336,239,337,-1,337,239,237,-1,242,232,338,-1,338,232,241,-1,338,241,233,-1,339,272,274,-1,262,264,315,-1,315,264,266,-1,315,266,316,-1,316,266,268,-1,316,268,270,-1,260,262,314,-1,314,262,315,-1,314,315,340,-1,340,315,317,-1,340,317,341,-1,341,317,272,-1,326,328,327,-1,327,328,330,-1,327,330,342,-1,323,343,324,-1,324,343,325,-1,324,325,344,-1,344,325,327,-1,344,327,345,-1,345,327,342,-1,345,342,346,-1,347,348,349,-1,349,348,350,-1,349,350,351,-1,351,350,352,-1,351,352,353,-1,353,352,354,-1,353,354,355,-1,356,354,357,-1,357,354,352,-1,357,352,358,-1,358,352,350,-1,358,350,339,-1,339,350,348,-1,339,348,272,-1,347,272,348,-1,244,243,248,-1,248,243,356,-1,248,356,253,-1,253,356,357,-1,253,357,252,-1,252,357,358,-1,252,358,250,-1,250,358,339,-1,250,339,276,-1,276,339,274,-1,320,322,321,-1,321,322,324,-1,321,324,359,-1,359,324,344,-1,359,344,360,-1,360,344,345,-1,360,345,361,-1,361,345,346,-1,361,346,362,-1,362,363,361,-1,361,363,364,-1,361,364,360,-1,360,364,365,-1,360,365,359,-1,359,365,366,-1,359,366,321,-1,321,366,335,-1,321,335,319,-1,319,335,334,-1,367,368,369,-1,369,368,370,-1,369,370,371,-1,371,370,372,-1,371,372,373,-1,373,372,374,-1,373,374,336,-1,336,374,375,-1,336,375,239,-1,239,375,240,-1,355,375,353,-1,353,375,374,-1,353,374,351,-1,351,374,372,-1,351,372,349,-1,349,372,370,-1,349,370,347,-1,347,370,368,-1,347,368,272,-1,367,272,368,-1,243,245,356,-1,356,245,242,-1,356,242,354,-1,354,242,338,-1,354,338,355,-1,355,338,233,-1,355,233,375,-1,375,233,238,-1,375,238,240,-1,234,331,318,-1,318,331,333,-1,318,333,376,-1,376,333,335,-1,376,335,377,-1,377,335,366,-1,377,366,378,-1,378,366,365,-1,378,365,379,-1,379,365,364,-1,379,364,380,-1,380,364,363,-1,380,363,272,-1,362,272,363,-1,256,258,330,-1,330,258,314,-1,330,314,342,-1,342,314,340,-1,342,340,346,-1,346,340,341,-1,346,341,362,-1,362,341,272,-1,237,236,337,-1,337,236,318,-1,337,318,336,-1,336,318,376,-1,336,376,373,-1,373,376,377,-1,373,377,371,-1,371,377,378,-1,371,378,369,-1,369,378,379,-1,369,379,367,-1,367,379,380,-1,367,380,272,-1,381,382,383,-1,383,382,273,-1,384,273,382,-1,286,285,385,-1,386,387,388,-1,389,390,391,-1,392,393,394,-1,394,393,395,-1,394,395,396,-1,397,398,399,-1,399,398,400,-1,399,400,401,-1,246,247,281,-1,281,247,402,-1,281,402,280,-1,284,282,403,-1,403,282,283,-1,403,283,279,-1,404,405,287,-1,290,289,405,-1,405,289,288,-1,405,288,287,-1,384,382,406,-1,406,382,381,-1,406,381,407,-1,273,271,408,-1,408,271,269,-1,408,269,409,-1,249,251,407,-1,407,251,278,-1,407,278,406,-1,406,278,277,-1,406,277,384,-1,384,277,275,-1,384,275,273,-1,269,267,409,-1,409,267,265,-1,409,265,410,-1,410,265,263,-1,247,249,402,-1,402,249,407,-1,402,407,411,-1,411,407,381,-1,411,381,412,-1,412,381,383,-1,412,383,413,-1,413,383,273,-1,414,415,416,-1,417,418,419,-1,419,418,420,-1,419,420,421,-1,421,420,422,-1,421,422,397,-1,397,422,388,-1,397,388,398,-1,398,388,387,-1,423,386,424,-1,424,386,388,-1,424,388,410,-1,410,388,422,-1,410,422,409,-1,409,422,420,-1,409,420,408,-1,408,420,418,-1,408,418,273,-1,417,273,418,-1,255,423,257,-1,257,423,424,-1,257,424,259,-1,259,424,410,-1,259,410,261,-1,261,410,263,-1,416,415,403,-1,403,415,425,-1,403,425,284,-1,285,284,385,-1,385,284,425,-1,385,425,426,-1,426,425,415,-1,426,415,427,-1,427,415,414,-1,427,414,428,-1,287,286,404,-1,404,286,385,-1,404,385,429,-1,429,385,426,-1,429,426,430,-1,430,426,427,-1,430,427,431,-1,431,427,428,-1,431,428,432,-1,433,434,435,-1,435,434,436,-1,435,436,437,-1,437,436,438,-1,437,438,439,-1,439,438,440,-1,439,440,395,-1,395,440,441,-1,395,441,396,-1,396,441,442,-1,401,442,399,-1,399,442,441,-1,399,441,397,-1,397,441,440,-1,397,440,421,-1,421,440,438,-1,421,438,419,-1,419,438,436,-1,419,436,417,-1,417,436,434,-1,417,434,273,-1,433,273,434,-1,432,443,431,-1,431,443,444,-1,431,444,430,-1,430,444,445,-1,430,445,429,-1,429,445,446,-1,429,446,404,-1,404,446,447,-1,404,447,405,-1,405,447,391,-1,405,391,290,-1,290,391,390,-1,392,389,393,-1,393,389,391,-1,393,391,395,-1,395,391,447,-1,395,447,439,-1,439,447,446,-1,439,446,437,-1,437,446,445,-1,437,445,435,-1,435,445,444,-1,435,444,433,-1,433,444,443,-1,433,443,273,-1,432,273,443,-1,279,280,403,-1,403,280,402,-1,403,402,416,-1,416,402,411,-1,416,411,414,-1,414,411,412,-1,414,412,428,-1,428,412,413,-1,428,413,432,-1,432,413,273,-1,297,448,449,-1,300,450,451,-1,300,451,299,-1,299,451,452,-1,299,452,298,-1,452,453,298,-1,298,453,454,-1,298,454,297,-1,297,454,455,-1,297,455,448,-1,456,295,449,-1,449,295,296,-1,449,296,297,-1,457,458,291,-1,456,459,295,-1,295,459,460,-1,295,460,294,-1,294,460,461,-1,294,461,293,-1,293,461,457,-1,293,457,292,-1,292,457,291,-1,307,458,462,-1,462,458,463,-1,462,463,464,-1,464,463,465,-1,464,465,466,-1,466,465,467,-1,466,467,468,-1,468,467,469,-1,468,469,470,-1,470,469,471,-1,470,471,472,-1,472,471,473,-1,472,473,474,-1,474,473,475,-1,474,475,476,-1,476,475,477,-1,476,477,478,-1,478,477,479,-1,478,479,480,-1,480,479,481,-1,480,481,482,-1,482,481,483,-1,482,483,484,-1,484,483,485,-1,484,485,486,-1,486,485,487,-1,486,487,488,-1,488,487,489,-1,488,489,490,-1,490,489,491,-1,490,491,492,-1,492,491,493,-1,492,493,494,-1,494,493,495,-1,494,495,496,-1,496,495,497,-1,464,466,498,-1,499,500,501,-1,501,500,478,-1,476,478,500,-1,309,308,502,-1,307,462,503,-1,504,313,505,-1,504,505,506,-1,507,508,509,-1,509,508,510,-1,509,510,511,-1,512,513,514,-1,515,516,517,-1,517,516,518,-1,517,518,519,-1,304,305,503,-1,503,305,306,-1,503,306,307,-1,312,311,520,-1,520,311,310,-1,520,310,521,-1,468,470,499,-1,499,470,472,-1,499,472,500,-1,500,472,474,-1,500,474,476,-1,478,480,522,-1,522,480,482,-1,522,482,523,-1,466,468,498,-1,498,468,499,-1,498,499,524,-1,524,499,501,-1,524,501,525,-1,525,501,478,-1,482,484,523,-1,523,484,486,-1,523,486,526,-1,526,486,488,-1,302,303,527,-1,527,303,304,-1,527,304,528,-1,528,304,503,-1,528,503,529,-1,530,531,532,-1,532,531,533,-1,532,533,534,-1,534,533,535,-1,534,535,518,-1,518,535,536,-1,518,536,519,-1,519,536,537,-1,538,537,539,-1,539,537,536,-1,539,536,526,-1,526,536,535,-1,526,535,523,-1,523,535,533,-1,523,533,522,-1,522,533,531,-1,522,531,478,-1,530,478,531,-1,496,538,494,-1,494,538,539,-1,494,539,492,-1,492,539,526,-1,492,526,490,-1,490,526,488,-1,301,302,540,-1,540,302,527,-1,540,527,541,-1,541,527,528,-1,541,528,542,-1,542,528,529,-1,542,529,543,-1,308,301,502,-1,502,301,540,-1,502,540,544,-1,544,540,541,-1,544,541,545,-1,545,541,542,-1,545,542,546,-1,546,542,543,-1,546,543,547,-1,547,548,546,-1,546,548,549,-1,546,549,545,-1,545,549,550,-1,545,550,544,-1,544,550,551,-1,544,551,502,-1,502,551,521,-1,502,521,309,-1,309,521,310,-1,552,553,554,-1,554,553,555,-1,554,555,556,-1,556,555,557,-1,556,557,558,-1,558,557,559,-1,558,559,510,-1,510,559,514,-1,510,514,511,-1,511,514,513,-1,515,512,516,-1,516,512,514,-1,516,514,518,-1,518,514,559,-1,518,559,534,-1,534,559,557,-1,534,557,532,-1,532,557,555,-1,532,555,530,-1,530,555,553,-1,530,553,478,-1,552,478,553,-1,313,312,505,-1,505,312,520,-1,505,520,560,-1,560,520,521,-1,560,521,561,-1,561,521,551,-1,561,551,562,-1,562,551,550,-1,562,550,563,-1,563,550,549,-1,563,549,564,-1,564,549,548,-1,564,548,478,-1,547,478,548,-1,462,464,503,-1,503,464,498,-1,503,498,529,-1,529,498,524,-1,529,524,543,-1,543,524,525,-1,543,525,547,-1,547,525,478,-1,507,506,508,-1,508,506,505,-1,508,505,510,-1,510,505,560,-1,510,560,558,-1,558,560,561,-1,558,561,556,-1,556,561,562,-1,556,562,554,-1,554,562,563,-1,554,563,552,-1,552,563,564,-1,552,564,478,-1,565,254,566,-1,566,254,329,-1,566,329,567,-1,567,329,568,-1,568,329,328,-1,568,328,569,-1,326,570,328,-1,328,570,571,-1,328,571,569,-1,326,325,570,-1,570,325,343,-1,570,343,572,-1,572,343,323,-1,572,323,573,-1,573,323,322,-1,573,322,574,-1,574,322,575,-1,322,320,575,-1,575,320,319,-1,575,319,576,-1,576,319,334,-1,576,334,577,-1,334,332,577,-1,577,332,331,-1,577,331,578,-1,578,331,234,-1,578,234,579,-1,580,581,386,-1,290,390,582,-1,582,390,583,-1,583,390,584,-1,584,390,389,-1,584,389,585,-1,389,392,585,-1,585,392,394,-1,585,394,586,-1,586,394,396,-1,586,396,587,-1,587,396,442,-1,587,442,588,-1,588,442,589,-1,442,401,589,-1,589,401,400,-1,589,400,590,-1,590,400,398,-1,590,398,581,-1,581,398,387,-1,581,387,386,-1,580,386,591,-1,591,386,423,-1,591,423,592,-1,255,593,423,-1,423,593,594,-1,423,594,592,-1,493,491,595,-1,596,597,598,-1,598,597,479,-1,481,479,597,-1,448,455,599,-1,451,450,600,-1,601,602,603,-1,604,605,606,-1,607,608,609,-1,610,611,612,-1,612,611,497,-1,612,497,495,-1,613,614,615,-1,615,614,616,-1,615,616,617,-1,451,600,452,-1,618,454,619,-1,619,454,453,-1,448,599,449,-1,461,460,620,-1,620,460,459,-1,620,459,621,-1,621,459,456,-1,622,479,477,-1,489,487,596,-1,596,487,485,-1,596,485,597,-1,597,485,483,-1,597,483,481,-1,477,475,622,-1,622,475,473,-1,622,473,623,-1,491,489,595,-1,595,489,596,-1,595,596,624,-1,624,596,598,-1,624,598,625,-1,625,598,479,-1,473,471,623,-1,623,471,469,-1,623,469,626,-1,608,610,609,-1,609,610,612,-1,609,612,627,-1,605,628,606,-1,606,628,607,-1,606,607,629,-1,629,607,609,-1,629,609,630,-1,630,609,627,-1,630,627,631,-1,457,461,632,-1,632,461,620,-1,632,620,626,-1,626,620,633,-1,626,633,623,-1,623,633,634,-1,623,634,622,-1,622,634,635,-1,622,635,479,-1,458,457,463,-1,463,457,632,-1,463,632,465,-1,465,632,626,-1,465,626,467,-1,467,626,469,-1,602,604,603,-1,603,604,606,-1,603,606,636,-1,636,606,629,-1,636,629,637,-1,637,629,630,-1,637,630,638,-1,638,630,631,-1,638,631,639,-1,639,640,638,-1,638,640,641,-1,638,641,637,-1,637,641,642,-1,637,642,636,-1,636,642,643,-1,636,643,603,-1,603,643,617,-1,603,617,601,-1,601,617,616,-1,455,454,599,-1,599,454,618,-1,599,618,644,-1,644,618,645,-1,644,645,646,-1,646,645,647,-1,646,647,648,-1,648,647,649,-1,648,649,650,-1,650,651,648,-1,648,651,652,-1,648,652,646,-1,646,652,653,-1,646,653,644,-1,644,653,654,-1,644,654,599,-1,599,654,655,-1,599,655,449,-1,456,449,621,-1,621,449,655,-1,621,655,620,-1,620,655,654,-1,620,654,633,-1,633,654,653,-1,633,653,634,-1,634,653,652,-1,634,652,635,-1,635,652,651,-1,635,651,479,-1,650,479,651,-1,649,656,650,-1,650,656,479,-1,450,613,600,-1,600,613,615,-1,600,615,657,-1,657,615,617,-1,657,617,658,-1,658,617,643,-1,658,643,659,-1,659,643,642,-1,659,642,660,-1,660,642,641,-1,660,641,661,-1,661,641,640,-1,661,640,479,-1,639,479,640,-1,495,493,612,-1,612,493,595,-1,612,595,627,-1,627,595,624,-1,627,624,631,-1,631,624,625,-1,631,625,639,-1,639,625,479,-1,453,452,619,-1,619,452,600,-1,619,600,618,-1,618,600,657,-1,618,657,645,-1,645,657,658,-1,645,658,647,-1,647,658,659,-1,647,659,649,-1,649,659,660,-1,649,660,656,-1,656,660,661,-1,656,661,479,-1,662,663,511,-1,664,665,504,-1,504,665,313,-1,313,665,666,-1,313,666,667,-1,504,506,664,-1,664,506,507,-1,664,507,663,-1,663,507,509,-1,663,509,511,-1,662,511,668,-1,668,511,513,-1,668,513,669,-1,517,670,515,-1,515,670,669,-1,515,669,512,-1,512,669,513,-1,496,671,538,-1,538,671,672,-1,538,672,537,-1,672,673,537,-1,537,673,674,-1,537,674,519,-1,519,674,675,-1,519,675,517,-1,517,675,676,-1,517,676,670,-1,576,577,677,-1,677,577,678,-1,678,577,578,-1,678,578,579,-1,679,573,680,-1,680,573,574,-1,680,574,681,-1,681,574,575,-1,681,575,682,-1,682,575,576,-1,682,576,683,-1,683,576,677,-1,569,571,684,-1,684,571,570,-1,684,570,679,-1,679,570,572,-1,679,572,573,-1,685,565,686,-1,686,565,566,-1,686,566,687,-1,684,688,569,-1,569,688,689,-1,569,689,568,-1,568,689,687,-1,568,687,567,-1,567,687,566,-1,690,691,692,-1,692,691,693,-1,692,693,694,-1,694,693,695,-1,694,695,696,-1,696,695,697,-1,696,697,698,-1,698,697,699,-1,698,699,700,-1,700,699,701,-1,700,701,702,-1,702,701,703,-1,702,703,704,-1,704,703,705,-1,704,705,706,-1,706,705,707,-1,706,707,708,-1,708,707,709,-1,708,709,710,-1,710,709,711,-1,710,711,712,-1,712,711,713,-1,712,713,714,-1,714,713,715,-1,714,715,716,-1,716,715,717,-1,716,717,718,-1,718,717,719,-1,718,719,720,-1,720,719,721,-1,720,721,722,-1,722,721,723,-1,722,723,724,-1,724,723,725,-1,724,725,685,-1,685,725,726,-1,592,594,727,-1,727,594,728,-1,728,594,593,-1,728,593,726,-1,729,580,727,-1,727,580,591,-1,727,591,592,-1,590,581,730,-1,730,581,580,-1,730,580,731,-1,731,580,729,-1,590,730,589,-1,589,730,732,-1,589,732,588,-1,733,586,587,-1,588,732,587,-1,587,732,734,-1,587,734,733,-1,735,736,585,-1,585,736,584,-1,586,733,585,-1,585,733,737,-1,585,737,735,-1,584,736,583,-1,583,736,738,-1,583,738,582,-1,739,497,740,-1,740,497,611,-1,740,611,741,-1,741,611,742,-1,742,611,610,-1,742,610,743,-1,743,610,744,-1,744,610,608,-1,744,608,607,-1,607,628,744,-1,744,628,605,-1,744,605,745,-1,605,604,745,-1,745,604,602,-1,745,602,746,-1,602,601,746,-1,746,601,616,-1,746,616,747,-1,747,616,614,-1,614,613,747,-1,747,613,450,-1,747,450,748,-1,671,749,672,-1,672,749,750,-1,672,750,673,-1,676,675,751,-1,751,675,674,-1,673,750,674,-1,674,750,752,-1,674,752,751,-1,753,669,670,-1,753,670,754,-1,676,751,670,-1,670,751,755,-1,670,755,754,-1,669,753,668,-1,668,753,756,-1,668,756,662,-1,662,756,663,-1,663,756,757,-1,663,757,664,-1,757,758,664,-1,664,758,759,-1,664,759,665,-1,665,759,760,-1,665,760,666,-1,760,761,666,-1,666,761,762,-1,666,762,667,-1,722,724,763,-1,694,696,764,-1,718,720,765,-1,714,716,766,-1,767,768,769,-1,770,771,772,-1,772,771,708,-1,706,708,771,-1,677,678,773,-1,774,775,776,-1,777,778,779,-1,780,781,782,-1,783,784,785,-1,785,784,690,-1,785,690,692,-1,786,787,788,-1,788,787,789,-1,788,789,790,-1,677,773,683,-1,682,791,681,-1,681,791,792,-1,681,792,680,-1,684,679,793,-1,763,687,689,-1,687,763,686,-1,686,763,724,-1,686,724,685,-1,712,769,710,-1,710,769,708,-1,768,708,769,-1,698,700,770,-1,770,700,702,-1,770,702,771,-1,771,702,704,-1,771,704,706,-1,794,795,796,-1,712,714,769,-1,769,714,766,-1,769,766,767,-1,767,766,797,-1,696,698,764,-1,764,698,770,-1,764,770,798,-1,798,770,772,-1,798,772,799,-1,799,772,708,-1,716,718,766,-1,766,718,765,-1,766,765,797,-1,797,765,800,-1,781,783,782,-1,782,783,785,-1,782,785,801,-1,778,802,779,-1,779,802,780,-1,779,780,803,-1,803,780,782,-1,803,782,804,-1,804,782,801,-1,804,801,805,-1,720,722,765,-1,765,722,763,-1,765,763,800,-1,800,763,689,-1,800,689,806,-1,806,689,688,-1,775,777,776,-1,776,777,779,-1,776,779,807,-1,807,779,803,-1,807,803,808,-1,808,803,804,-1,808,804,809,-1,809,804,805,-1,809,805,810,-1,810,811,809,-1,809,811,812,-1,809,812,808,-1,808,812,813,-1,808,813,807,-1,807,813,814,-1,807,814,776,-1,776,814,790,-1,776,790,774,-1,774,790,789,-1,796,795,815,-1,815,795,816,-1,815,816,817,-1,817,816,818,-1,817,818,792,-1,792,818,819,-1,792,819,680,-1,794,820,795,-1,795,820,821,-1,795,821,816,-1,816,821,822,-1,816,822,818,-1,818,822,823,-1,818,823,819,-1,819,823,793,-1,819,793,680,-1,680,793,679,-1,688,684,806,-1,806,684,793,-1,806,793,800,-1,800,793,823,-1,800,823,797,-1,797,823,822,-1,797,822,767,-1,767,822,821,-1,767,821,768,-1,768,821,820,-1,768,820,708,-1,794,708,820,-1,796,824,794,-1,794,824,708,-1,678,786,773,-1,773,786,788,-1,773,788,825,-1,825,788,790,-1,825,790,826,-1,826,790,814,-1,826,814,827,-1,827,814,813,-1,827,813,828,-1,828,813,812,-1,828,812,829,-1,829,812,811,-1,829,811,708,-1,810,708,811,-1,692,694,785,-1,785,694,764,-1,785,764,801,-1,801,764,798,-1,801,798,805,-1,805,798,799,-1,805,799,810,-1,810,799,708,-1,682,683,791,-1,791,683,773,-1,791,773,792,-1,792,773,825,-1,792,825,817,-1,817,825,826,-1,817,826,815,-1,815,826,827,-1,815,827,796,-1,796,827,828,-1,796,828,824,-1,824,828,829,-1,824,829,708,-1,723,721,830,-1,831,832,833,-1,833,832,709,-1,711,709,832,-1,733,734,834,-1,726,725,835,-1,836,837,838,-1,839,738,840,-1,839,840,841,-1,842,843,844,-1,844,843,845,-1,844,845,846,-1,847,848,849,-1,849,848,850,-1,849,850,851,-1,729,727,835,-1,835,727,728,-1,835,728,726,-1,736,735,852,-1,852,735,737,-1,852,737,853,-1,719,717,831,-1,831,717,715,-1,831,715,832,-1,832,715,713,-1,832,713,711,-1,709,707,854,-1,854,707,705,-1,854,705,855,-1,721,719,830,-1,830,719,831,-1,830,831,856,-1,856,831,833,-1,856,833,857,-1,857,833,709,-1,705,703,855,-1,855,703,701,-1,855,701,858,-1,858,701,699,-1,730,731,859,-1,859,731,729,-1,859,729,860,-1,860,729,835,-1,860,835,861,-1,862,863,864,-1,864,863,865,-1,864,865,866,-1,866,865,867,-1,866,867,847,-1,847,867,838,-1,847,838,848,-1,848,838,837,-1,868,836,869,-1,869,836,838,-1,869,838,858,-1,858,838,867,-1,858,867,855,-1,855,867,865,-1,855,865,854,-1,854,865,863,-1,854,863,709,-1,862,709,863,-1,691,868,693,-1,693,868,869,-1,693,869,695,-1,695,869,858,-1,695,858,697,-1,697,858,699,-1,732,730,870,-1,870,730,859,-1,870,859,871,-1,871,859,860,-1,871,860,872,-1,872,860,861,-1,872,861,873,-1,734,732,834,-1,834,732,870,-1,834,870,874,-1,874,870,871,-1,874,871,875,-1,875,871,872,-1,875,872,876,-1,876,872,873,-1,876,873,877,-1,877,878,876,-1,876,878,879,-1,876,879,875,-1,875,879,880,-1,875,880,874,-1,874,880,881,-1,874,881,834,-1,834,881,853,-1,834,853,733,-1,733,853,737,-1,882,883,884,-1,884,883,885,-1,884,885,886,-1,886,885,887,-1,886,887,888,-1,888,887,889,-1,888,889,845,-1,845,889,890,-1,845,890,846,-1,846,890,891,-1,851,891,849,-1,849,891,890,-1,849,890,847,-1,847,890,889,-1,847,889,866,-1,866,889,887,-1,866,887,864,-1,864,887,885,-1,864,885,862,-1,862,885,883,-1,862,883,709,-1,882,709,883,-1,738,736,840,-1,840,736,852,-1,840,852,892,-1,892,852,853,-1,892,853,893,-1,893,853,881,-1,893,881,894,-1,894,881,880,-1,894,880,895,-1,895,880,879,-1,895,879,896,-1,896,879,878,-1,896,878,709,-1,877,709,878,-1,725,723,835,-1,835,723,830,-1,835,830,861,-1,861,830,856,-1,861,856,873,-1,873,856,857,-1,873,857,877,-1,877,857,709,-1,842,841,843,-1,843,841,840,-1,843,840,845,-1,845,840,892,-1,845,892,888,-1,888,892,893,-1,888,893,886,-1,886,893,894,-1,886,894,884,-1,884,894,895,-1,884,895,882,-1,882,895,896,-1,882,896,709,-1,745,897,898,-1,748,899,900,-1,748,900,747,-1,747,900,901,-1,747,901,746,-1,901,902,746,-1,746,902,903,-1,746,903,745,-1,745,903,904,-1,745,904,897,-1,905,743,898,-1,898,743,744,-1,898,744,745,-1,906,907,739,-1,905,908,743,-1,743,908,909,-1,743,909,742,-1,742,909,910,-1,742,910,741,-1,741,910,906,-1,741,906,740,-1,740,906,739,-1,911,912,913,-1,913,912,914,-1,913,914,915,-1,915,914,916,-1,915,916,917,-1,917,916,918,-1,917,918,919,-1,919,918,920,-1,919,920,921,-1,749,907,922,-1,922,907,923,-1,922,923,924,-1,924,923,925,-1,924,925,926,-1,926,925,927,-1,926,927,928,-1,928,927,929,-1,928,929,930,-1,930,929,931,-1,930,931,932,-1,932,931,933,-1,932,933,934,-1,934,933,935,-1,934,935,936,-1,936,935,937,-1,936,937,938,-1,938,937,939,-1,938,939,940,-1,940,939,941,-1,940,941,921,-1,921,941,942,-1,921,942,919,-1,943,944,945,-1,945,944,938,-1,946,938,944,-1,761,760,947,-1,758,757,948,-1,756,753,949,-1,755,950,754,-1,951,762,952,-1,951,952,953,-1,954,955,956,-1,956,955,957,-1,956,957,958,-1,959,960,961,-1,962,963,964,-1,964,963,965,-1,964,965,966,-1,749,922,750,-1,750,922,967,-1,750,967,752,-1,752,967,751,-1,950,755,968,-1,946,934,936,-1,946,944,969,-1,969,944,943,-1,969,943,970,-1,936,938,946,-1,938,940,971,-1,971,940,921,-1,971,921,972,-1,924,926,970,-1,970,926,928,-1,970,928,969,-1,969,928,930,-1,969,930,946,-1,946,930,932,-1,946,932,934,-1,755,751,968,-1,968,751,967,-1,968,967,973,-1,974,975,976,-1,976,975,977,-1,976,977,978,-1,978,977,979,-1,978,979,965,-1,965,979,980,-1,965,980,966,-1,966,980,981,-1,982,981,983,-1,983,981,980,-1,983,980,984,-1,984,980,979,-1,984,979,972,-1,972,979,977,-1,972,977,971,-1,971,977,975,-1,971,975,938,-1,974,938,975,-1,912,982,914,-1,914,982,983,-1,914,983,916,-1,916,983,984,-1,916,984,918,-1,918,984,972,-1,918,972,920,-1,920,972,921,-1,753,754,949,-1,949,754,950,-1,949,950,985,-1,985,950,968,-1,985,968,986,-1,986,968,973,-1,986,973,987,-1,757,756,948,-1,948,756,949,-1,948,949,988,-1,988,949,985,-1,988,985,989,-1,989,985,986,-1,989,986,990,-1,990,986,987,-1,990,987,991,-1,991,992,990,-1,990,992,993,-1,990,993,989,-1,989,993,994,-1,989,994,988,-1,988,994,995,-1,988,995,948,-1,948,995,996,-1,948,996,758,-1,758,996,947,-1,758,947,759,-1,759,947,760,-1,997,998,999,-1,999,998,1000,-1,999,1000,1001,-1,1001,1000,1002,-1,1001,1002,1003,-1,1003,1002,1004,-1,1003,1004,957,-1,957,1004,961,-1,957,961,958,-1,958,961,960,-1,962,959,963,-1,963,959,961,-1,963,961,965,-1,965,961,1004,-1,965,1004,978,-1,978,1004,1002,-1,978,1002,976,-1,976,1002,1000,-1,976,1000,974,-1,974,1000,998,-1,974,998,938,-1,997,938,998,-1,762,761,952,-1,952,761,947,-1,952,947,1005,-1,1005,947,996,-1,1005,996,1006,-1,1006,996,995,-1,1006,995,1007,-1,1007,995,994,-1,1007,994,1008,-1,1008,994,993,-1,1008,993,1009,-1,1009,993,992,-1,1009,992,938,-1,991,938,992,-1,922,924,967,-1,967,924,970,-1,967,970,973,-1,973,970,943,-1,973,943,987,-1,987,943,945,-1,987,945,991,-1,991,945,938,-1,954,953,955,-1,955,953,952,-1,955,952,957,-1,957,952,1005,-1,957,1005,1003,-1,1003,1005,1006,-1,1003,1006,1001,-1,1001,1006,1007,-1,1001,1007,999,-1,999,1007,1008,-1,999,1008,997,-1,997,1008,1009,-1,997,1009,938,-1,1010,690,1011,-1,1011,690,784,-1,1011,784,1012,-1,1012,784,1013,-1,1013,784,783,-1,1013,783,1014,-1,1014,783,1015,-1,1015,783,781,-1,1015,781,780,-1,780,802,1015,-1,1015,802,778,-1,1015,778,1016,-1,778,777,1016,-1,1016,777,775,-1,1016,775,1017,-1,775,774,1017,-1,1017,774,789,-1,1017,789,1018,-1,1018,789,787,-1,787,786,1018,-1,1018,786,678,-1,1018,678,1019,-1,1020,1021,836,-1,738,839,1022,-1,1022,839,1023,-1,1023,839,1024,-1,1024,839,841,-1,1024,841,1025,-1,841,842,1025,-1,1025,842,844,-1,1025,844,1026,-1,1026,844,846,-1,1026,846,1027,-1,1027,846,891,-1,1027,891,1028,-1,1028,891,1029,-1,891,851,1029,-1,1029,851,850,-1,1029,850,1030,-1,1030,850,848,-1,1030,848,1021,-1,1021,848,837,-1,1021,837,836,-1,1020,836,1031,-1,1031,836,868,-1,1031,868,1032,-1,691,1033,868,-1,868,1033,1034,-1,868,1034,1032,-1,1035,1036,1037,-1,1037,1036,939,-1,1038,939,1036,-1,897,904,1039,-1,900,899,1040,-1,1041,1042,1043,-1,1044,1045,1046,-1,1047,1048,1049,-1,1050,1051,1052,-1,1052,1051,911,-1,1052,911,913,-1,1053,1054,1055,-1,1055,1054,1056,-1,1055,1056,1057,-1,900,1040,901,-1,1058,903,1059,-1,1059,903,902,-1,897,1039,898,-1,910,909,1060,-1,1060,909,908,-1,1060,908,1061,-1,1061,908,905,-1,1062,939,937,-1,1038,1036,1063,-1,1063,1036,1035,-1,1063,1035,1064,-1,915,917,1064,-1,1064,917,919,-1,1064,919,1063,-1,1063,919,942,-1,1063,942,1038,-1,1038,942,941,-1,1038,941,939,-1,937,935,1062,-1,1062,935,933,-1,1062,933,1065,-1,1065,933,931,-1,1065,931,1066,-1,1066,931,929,-1,1048,1050,1049,-1,1049,1050,1052,-1,1049,1052,1067,-1,1045,1068,1046,-1,1046,1068,1047,-1,1046,1047,1069,-1,1069,1047,1049,-1,1069,1049,1070,-1,1070,1049,1067,-1,1070,1067,1071,-1,906,910,1072,-1,1072,910,1060,-1,1072,1060,1066,-1,1066,1060,1073,-1,1066,1073,1065,-1,1065,1073,1074,-1,1065,1074,1062,-1,1062,1074,1075,-1,1062,1075,939,-1,907,906,923,-1,923,906,1072,-1,923,1072,925,-1,925,1072,1066,-1,925,1066,927,-1,927,1066,929,-1,1042,1044,1043,-1,1043,1044,1046,-1,1043,1046,1076,-1,1076,1046,1069,-1,1076,1069,1077,-1,1077,1069,1070,-1,1077,1070,1078,-1,1078,1070,1071,-1,1078,1071,1079,-1,1079,1080,1078,-1,1078,1080,1081,-1,1078,1081,1077,-1,1077,1081,1082,-1,1077,1082,1076,-1,1076,1082,1083,-1,1076,1083,1043,-1,1043,1083,1057,-1,1043,1057,1041,-1,1041,1057,1056,-1,904,903,1039,-1,1039,903,1058,-1,1039,1058,1084,-1,1084,1058,1085,-1,1084,1085,1086,-1,1086,1085,1087,-1,1086,1087,1088,-1,1088,1087,1089,-1,1088,1089,1090,-1,1090,1091,1088,-1,1088,1091,1092,-1,1088,1092,1086,-1,1086,1092,1093,-1,1086,1093,1084,-1,1084,1093,1094,-1,1084,1094,1039,-1,1039,1094,1095,-1,1039,1095,898,-1,905,898,1061,-1,1061,898,1095,-1,1061,1095,1060,-1,1060,1095,1094,-1,1060,1094,1073,-1,1073,1094,1093,-1,1073,1093,1074,-1,1074,1093,1092,-1,1074,1092,1075,-1,1075,1092,1091,-1,1075,1091,939,-1,1090,939,1091,-1,1089,1096,1090,-1,1090,1096,939,-1,899,1053,1040,-1,1040,1053,1055,-1,1040,1055,1097,-1,1097,1055,1057,-1,1097,1057,1098,-1,1098,1057,1083,-1,1098,1083,1099,-1,1099,1083,1082,-1,1099,1082,1100,-1,1100,1082,1081,-1,1100,1081,1101,-1,1101,1081,1080,-1,1101,1080,939,-1,1079,939,1080,-1,913,915,1052,-1,1052,915,1064,-1,1052,1064,1067,-1,1067,1064,1035,-1,1067,1035,1071,-1,1071,1035,1037,-1,1071,1037,1079,-1,1079,1037,939,-1,902,901,1059,-1,1059,901,1040,-1,1059,1040,1058,-1,1058,1040,1097,-1,1058,1097,1085,-1,1085,1097,1098,-1,1085,1098,1087,-1,1087,1098,1099,-1,1087,1099,1089,-1,1089,1099,1100,-1,1089,1100,1096,-1,1096,1100,1101,-1,1096,1101,939,-1,1102,1103,958,-1,1104,1105,951,-1,951,1105,762,-1,762,1105,1106,-1,762,1106,1107,-1,951,953,1104,-1,1104,953,954,-1,1104,954,1103,-1,1103,954,956,-1,1103,956,958,-1,1102,958,1108,-1,1108,958,960,-1,1108,960,1109,-1,964,1110,962,-1,962,1110,1109,-1,962,1109,959,-1,959,1109,960,-1,912,1111,982,-1,982,1111,1112,-1,982,1112,981,-1,1112,1113,981,-1,981,1113,1114,-1,981,1114,966,-1,966,1114,1115,-1,966,1115,964,-1,964,1115,1116,-1,964,1116,1110,-1,1016,1117,1118,-1,1019,1119,1120,-1,1019,1120,1018,-1,1018,1120,1121,-1,1018,1121,1017,-1,1121,1122,1017,-1,1017,1122,1123,-1,1017,1123,1016,-1,1016,1123,1124,-1,1016,1124,1117,-1,1125,1014,1118,-1,1118,1014,1015,-1,1118,1015,1016,-1,1126,1127,1010,-1,1125,1128,1014,-1,1014,1128,1129,-1,1014,1129,1013,-1,1013,1129,1130,-1,1013,1130,1012,-1,1012,1130,1126,-1,1012,1126,1011,-1,1011,1126,1010,-1,1131,1127,1132,-1,1132,1127,1133,-1,1132,1133,1134,-1,1134,1133,1135,-1,1134,1135,1136,-1,1136,1135,1137,-1,1136,1137,1138,-1,1138,1137,1139,-1,1138,1139,1140,-1,1140,1139,1141,-1,1140,1141,1142,-1,1142,1141,1143,-1,1142,1143,1144,-1,1144,1143,1145,-1,1144,1145,1146,-1,1146,1145,1147,-1,1146,1147,1148,-1,1148,1147,1149,-1,1148,1149,1150,-1,1150,1149,1151,-1,1150,1151,1152,-1,1152,1151,1153,-1,1152,1153,1154,-1,1155,1156,1157,-1,1157,1156,1158,-1,1157,1158,1159,-1,1159,1158,1160,-1,1159,1160,1161,-1,1161,1160,1162,-1,1161,1162,1154,-1,1154,1162,1163,-1,1154,1163,1152,-1,1164,1034,1165,-1,1165,1034,1033,-1,1165,1033,1131,-1,1030,1021,1166,-1,1166,1021,1020,-1,1166,1020,1167,-1,1167,1020,1168,-1,1168,1020,1031,-1,1168,1031,1164,-1,1164,1031,1032,-1,1164,1032,1034,-1,1030,1166,1029,-1,1029,1166,1169,-1,1029,1169,1028,-1,1170,1171,1025,-1,1025,1171,1024,-1,1028,1169,1027,-1,1027,1169,1172,-1,1027,1172,1026,-1,1026,1172,1173,-1,1026,1173,1025,-1,1025,1173,1174,-1,1025,1174,1170,-1,1024,1171,1023,-1,1023,1171,1175,-1,1023,1175,1022,-1,1176,911,1177,-1,1177,911,1051,-1,1177,1051,1178,-1,1178,1051,1179,-1,1179,1051,1050,-1,1179,1050,1180,-1,1048,1181,1050,-1,1050,1181,1182,-1,1050,1182,1180,-1,1048,1047,1181,-1,1181,1047,1068,-1,1181,1068,1183,-1,1183,1068,1045,-1,1183,1045,1184,-1,1184,1045,1044,-1,1184,1044,1185,-1,1185,1044,1186,-1,1186,1044,1042,-1,1186,1042,1187,-1,1042,1041,1187,-1,1187,1041,1056,-1,1187,1056,1188,-1,1056,1054,1188,-1,1188,1054,1053,-1,1188,1053,1189,-1,1189,1053,899,-1,1189,899,1190,-1,1111,1191,1112,-1,1112,1191,1192,-1,1112,1192,1113,-1,1113,1192,1114,-1,1114,1192,1193,-1,1114,1193,1115,-1,1115,1193,1194,-1,1115,1194,1116,-1,1116,1194,1195,-1,1116,1195,1110,-1,1196,1108,1197,-1,1197,1108,1109,-1,1197,1109,1198,-1,1198,1109,1110,-1,1198,1110,1199,-1,1199,1110,1195,-1,1200,1106,1201,-1,1201,1106,1105,-1,1201,1105,1202,-1,1202,1105,1104,-1,1202,1104,1203,-1,1203,1104,1103,-1,1203,1103,1196,-1,1196,1103,1102,-1,1196,1102,1108,-1,1200,1204,1106,-1,1106,1204,1205,-1,1106,1205,1107,-1,1206,1207,1208,-1,1208,1207,1149,-1,1209,1149,1207,-1,1117,1124,1210,-1,1120,1119,1211,-1,1212,1213,1214,-1,1215,1216,1217,-1,1218,1219,1220,-1,1220,1219,1155,-1,1220,1155,1157,-1,1221,1222,1223,-1,1223,1222,1224,-1,1223,1224,1225,-1,1226,1227,1228,-1,1228,1227,1229,-1,1228,1229,1230,-1,1120,1211,1121,-1,1231,1123,1232,-1,1232,1123,1122,-1,1117,1210,1118,-1,1130,1129,1233,-1,1233,1129,1128,-1,1233,1128,1234,-1,1234,1128,1125,-1,1235,1149,1147,-1,1209,1207,1236,-1,1236,1207,1206,-1,1236,1206,1237,-1,1159,1161,1237,-1,1237,1161,1154,-1,1237,1154,1236,-1,1236,1154,1153,-1,1236,1153,1209,-1,1209,1153,1151,-1,1209,1151,1149,-1,1147,1145,1235,-1,1235,1145,1143,-1,1235,1143,1238,-1,1238,1143,1141,-1,1238,1141,1239,-1,1239,1141,1139,-1,1216,1218,1217,-1,1217,1218,1220,-1,1217,1220,1240,-1,1224,1215,1225,-1,1225,1215,1217,-1,1225,1217,1241,-1,1241,1217,1240,-1,1241,1240,1242,-1,1126,1130,1243,-1,1243,1130,1233,-1,1243,1233,1239,-1,1239,1233,1244,-1,1239,1244,1238,-1,1238,1244,1245,-1,1238,1245,1235,-1,1235,1245,1246,-1,1235,1246,1149,-1,1127,1126,1133,-1,1133,1126,1243,-1,1133,1243,1135,-1,1135,1243,1239,-1,1135,1239,1137,-1,1137,1239,1139,-1,1213,1221,1214,-1,1214,1221,1223,-1,1214,1223,1247,-1,1247,1223,1225,-1,1247,1225,1248,-1,1248,1225,1241,-1,1248,1241,1249,-1,1249,1241,1242,-1,1249,1242,1250,-1,1250,1251,1249,-1,1249,1251,1252,-1,1249,1252,1248,-1,1248,1252,1253,-1,1248,1253,1247,-1,1247,1253,1254,-1,1247,1254,1214,-1,1214,1254,1230,-1,1214,1230,1212,-1,1212,1230,1229,-1,1124,1123,1210,-1,1210,1123,1231,-1,1210,1231,1255,-1,1255,1231,1256,-1,1255,1256,1257,-1,1257,1256,1258,-1,1257,1258,1259,-1,1259,1258,1260,-1,1259,1260,1261,-1,1261,1262,1259,-1,1259,1262,1263,-1,1259,1263,1257,-1,1257,1263,1264,-1,1257,1264,1255,-1,1255,1264,1265,-1,1255,1265,1210,-1,1210,1265,1266,-1,1210,1266,1118,-1,1125,1118,1234,-1,1234,1118,1266,-1,1234,1266,1233,-1,1233,1266,1265,-1,1233,1265,1244,-1,1244,1265,1264,-1,1244,1264,1245,-1,1245,1264,1263,-1,1245,1263,1246,-1,1246,1263,1262,-1,1246,1262,1149,-1,1261,1149,1262,-1,1260,1267,1261,-1,1261,1267,1149,-1,1119,1226,1211,-1,1211,1226,1228,-1,1211,1228,1268,-1,1268,1228,1230,-1,1268,1230,1269,-1,1269,1230,1254,-1,1269,1254,1270,-1,1270,1254,1253,-1,1270,1253,1271,-1,1271,1253,1252,-1,1271,1252,1272,-1,1272,1252,1251,-1,1272,1251,1149,-1,1250,1149,1251,-1,1157,1159,1220,-1,1220,1159,1237,-1,1220,1237,1240,-1,1240,1237,1206,-1,1240,1206,1242,-1,1242,1206,1208,-1,1242,1208,1250,-1,1250,1208,1149,-1,1122,1121,1232,-1,1232,1121,1211,-1,1232,1211,1231,-1,1231,1211,1268,-1,1231,1268,1256,-1,1256,1268,1269,-1,1256,1269,1258,-1,1258,1269,1270,-1,1258,1270,1260,-1,1260,1270,1271,-1,1260,1271,1267,-1,1267,1271,1272,-1,1267,1272,1149,-1,1273,1274,1275,-1,1275,1274,1148,-1,1276,1148,1274,-1,1173,1172,1277,-1,1131,1132,1278,-1,1279,1280,1281,-1,1282,1175,1283,-1,1282,1283,1284,-1,1285,1286,1287,-1,1287,1286,1288,-1,1287,1288,1289,-1,1290,1291,1292,-1,1292,1291,1293,-1,1292,1293,1294,-1,1168,1164,1278,-1,1278,1164,1165,-1,1278,1165,1131,-1,1171,1170,1295,-1,1295,1170,1174,-1,1295,1174,1296,-1,1276,1144,1146,-1,1276,1274,1297,-1,1297,1274,1273,-1,1297,1273,1298,-1,1146,1148,1276,-1,1148,1150,1299,-1,1299,1150,1152,-1,1299,1152,1300,-1,1134,1136,1298,-1,1298,1136,1138,-1,1298,1138,1297,-1,1297,1138,1140,-1,1297,1140,1276,-1,1276,1140,1142,-1,1276,1142,1144,-1,1166,1167,1301,-1,1301,1167,1168,-1,1301,1168,1302,-1,1302,1168,1278,-1,1302,1278,1303,-1,1304,1305,1306,-1,1306,1305,1307,-1,1306,1307,1308,-1,1308,1307,1309,-1,1308,1309,1290,-1,1290,1309,1281,-1,1290,1281,1291,-1,1291,1281,1280,-1,1310,1279,1311,-1,1311,1279,1281,-1,1311,1281,1312,-1,1312,1281,1309,-1,1312,1309,1300,-1,1300,1309,1307,-1,1300,1307,1299,-1,1299,1307,1305,-1,1299,1305,1148,-1,1304,1148,1305,-1,1156,1310,1158,-1,1158,1310,1311,-1,1158,1311,1160,-1,1160,1311,1312,-1,1160,1312,1162,-1,1162,1312,1300,-1,1162,1300,1163,-1,1163,1300,1152,-1,1169,1166,1313,-1,1313,1166,1301,-1,1313,1301,1314,-1,1314,1301,1302,-1,1314,1302,1315,-1,1315,1302,1303,-1,1315,1303,1316,-1,1172,1169,1277,-1,1277,1169,1313,-1,1277,1313,1317,-1,1317,1313,1314,-1,1317,1314,1318,-1,1318,1314,1315,-1,1318,1315,1319,-1,1319,1315,1316,-1,1319,1316,1320,-1,1320,1321,1319,-1,1319,1321,1322,-1,1319,1322,1318,-1,1318,1322,1323,-1,1318,1323,1317,-1,1317,1323,1324,-1,1317,1324,1277,-1,1277,1324,1296,-1,1277,1296,1173,-1,1173,1296,1174,-1,1325,1326,1327,-1,1327,1326,1328,-1,1327,1328,1329,-1,1329,1328,1330,-1,1329,1330,1331,-1,1331,1330,1332,-1,1331,1332,1288,-1,1288,1332,1333,-1,1288,1333,1289,-1,1289,1333,1334,-1,1294,1334,1292,-1,1292,1334,1333,-1,1292,1333,1290,-1,1290,1333,1332,-1,1290,1332,1308,-1,1308,1332,1330,-1,1308,1330,1306,-1,1306,1330,1328,-1,1306,1328,1304,-1,1304,1328,1326,-1,1304,1326,1148,-1,1325,1148,1326,-1,1175,1171,1283,-1,1283,1171,1295,-1,1283,1295,1335,-1,1335,1295,1296,-1,1335,1296,1336,-1,1336,1296,1324,-1,1336,1324,1337,-1,1337,1324,1323,-1,1337,1323,1338,-1,1338,1323,1322,-1,1338,1322,1339,-1,1339,1322,1321,-1,1339,1321,1148,-1,1320,1148,1321,-1,1132,1134,1278,-1,1278,1134,1298,-1,1278,1298,1303,-1,1303,1298,1273,-1,1303,1273,1316,-1,1316,1273,1275,-1,1316,1275,1320,-1,1320,1275,1148,-1,1285,1284,1286,-1,1286,1284,1283,-1,1286,1283,1288,-1,1288,1283,1335,-1,1288,1335,1331,-1,1331,1335,1336,-1,1331,1336,1329,-1,1329,1336,1337,-1,1329,1337,1327,-1,1327,1337,1338,-1,1327,1338,1325,-1,1325,1338,1339,-1,1325,1339,1148,-1,1187,1188,1340,-1,1340,1188,1341,-1,1341,1188,1189,-1,1341,1189,1190,-1,1340,1342,1187,-1,1187,1342,1343,-1,1187,1343,1186,-1,1186,1343,1344,-1,1186,1344,1185,-1,1185,1344,1345,-1,1185,1345,1184,-1,1184,1345,1346,-1,1184,1346,1183,-1,1183,1346,1347,-1,1183,1347,1181,-1,1181,1347,1348,-1,1181,1348,1349,-1,1350,1176,1351,-1,1351,1176,1177,-1,1351,1177,1352,-1,1177,1178,1352,-1,1352,1178,1179,-1,1352,1179,1353,-1,1353,1179,1180,-1,1353,1180,1349,-1,1349,1180,1182,-1,1349,1182,1181,-1,1191,1350,1354,-1,1354,1350,1355,-1,1354,1355,1356,-1,1356,1355,1357,-1,1356,1357,1358,-1,1358,1357,1359,-1,1358,1359,1360,-1,1360,1359,1361,-1,1360,1361,1362,-1,1362,1361,1363,-1,1362,1363,1364,-1,1364,1363,1365,-1,1364,1365,1366,-1,1366,1365,1367,-1,1366,1367,1368,-1,1368,1367,1369,-1,1368,1369,1370,-1,1370,1369,1371,-1,1370,1371,1372,-1,1372,1371,1373,-1,1372,1373,1374,-1,1374,1373,1375,-1,1374,1375,1376,-1,1376,1375,1377,-1,1376,1377,1378,-1,1378,1377,1379,-1,1378,1379,1380,-1,1380,1379,1381,-1,1380,1381,1382,-1,1382,1381,1383,-1,1382,1383,1384,-1,1384,1383,1385,-1,1384,1385,1386,-1,1386,1385,1387,-1,1386,1387,1388,-1,1388,1387,1389,-1,1356,1358,1390,-1,1391,1392,1393,-1,1393,1392,1370,-1,1368,1370,1392,-1,1202,1203,1394,-1,1196,1197,1395,-1,1199,1195,1396,-1,1397,1205,1398,-1,1397,1398,1399,-1,1400,1401,1402,-1,1402,1401,1403,-1,1402,1403,1404,-1,1405,1406,1407,-1,1408,1409,1410,-1,1410,1409,1411,-1,1410,1411,1412,-1,1191,1354,1192,-1,1192,1354,1413,-1,1192,1413,1193,-1,1193,1413,1194,-1,1204,1200,1414,-1,1414,1200,1201,-1,1414,1201,1415,-1,1360,1362,1391,-1,1391,1362,1364,-1,1391,1364,1392,-1,1392,1364,1366,-1,1392,1366,1368,-1,1370,1372,1416,-1,1416,1372,1374,-1,1416,1374,1417,-1,1417,1374,1376,-1,1358,1360,1390,-1,1390,1360,1391,-1,1390,1391,1418,-1,1418,1391,1393,-1,1418,1393,1419,-1,1419,1393,1370,-1,1376,1378,1417,-1,1417,1378,1380,-1,1417,1380,1420,-1,1195,1194,1396,-1,1396,1194,1413,-1,1396,1413,1421,-1,1197,1198,1395,-1,1395,1198,1199,-1,1395,1199,1422,-1,1422,1199,1396,-1,1422,1396,1423,-1,1423,1396,1421,-1,1423,1421,1424,-1,1425,1426,1427,-1,1427,1426,1428,-1,1427,1428,1429,-1,1429,1428,1430,-1,1429,1430,1411,-1,1411,1430,1431,-1,1411,1431,1412,-1,1412,1431,1432,-1,1433,1432,1434,-1,1434,1432,1431,-1,1434,1431,1420,-1,1420,1431,1430,-1,1420,1430,1417,-1,1417,1430,1428,-1,1417,1428,1416,-1,1416,1428,1426,-1,1416,1426,1370,-1,1425,1370,1426,-1,1388,1433,1386,-1,1386,1433,1434,-1,1386,1434,1384,-1,1384,1434,1420,-1,1384,1420,1382,-1,1382,1420,1380,-1,1203,1196,1394,-1,1394,1196,1395,-1,1394,1395,1435,-1,1435,1395,1422,-1,1435,1422,1436,-1,1436,1422,1423,-1,1436,1423,1437,-1,1437,1423,1424,-1,1437,1424,1438,-1,1438,1439,1437,-1,1437,1439,1440,-1,1437,1440,1436,-1,1436,1440,1441,-1,1436,1441,1435,-1,1435,1441,1442,-1,1435,1442,1394,-1,1394,1442,1415,-1,1394,1415,1202,-1,1202,1415,1201,-1,1443,1444,1445,-1,1445,1444,1446,-1,1445,1446,1447,-1,1447,1446,1448,-1,1447,1448,1449,-1,1449,1448,1450,-1,1449,1450,1403,-1,1403,1450,1407,-1,1403,1407,1404,-1,1404,1407,1406,-1,1408,1405,1409,-1,1409,1405,1407,-1,1409,1407,1411,-1,1411,1407,1450,-1,1411,1450,1429,-1,1429,1450,1448,-1,1429,1448,1427,-1,1427,1448,1446,-1,1427,1446,1425,-1,1425,1446,1444,-1,1425,1444,1370,-1,1443,1370,1444,-1,1205,1204,1398,-1,1398,1204,1414,-1,1398,1414,1451,-1,1451,1414,1415,-1,1451,1415,1452,-1,1452,1415,1442,-1,1452,1442,1453,-1,1453,1442,1441,-1,1453,1441,1454,-1,1454,1441,1440,-1,1454,1440,1455,-1,1455,1440,1439,-1,1455,1439,1370,-1,1438,1370,1439,-1,1354,1356,1413,-1,1413,1356,1390,-1,1413,1390,1421,-1,1421,1390,1418,-1,1421,1418,1424,-1,1424,1418,1419,-1,1424,1419,1438,-1,1438,1419,1370,-1,1400,1399,1401,-1,1401,1399,1398,-1,1401,1398,1403,-1,1403,1398,1451,-1,1403,1451,1449,-1,1449,1451,1452,-1,1449,1452,1447,-1,1447,1452,1453,-1,1447,1453,1445,-1,1445,1453,1454,-1,1445,1454,1443,-1,1443,1454,1455,-1,1443,1455,1370,-1,1218,1456,1219,-1,1219,1456,1457,-1,1219,1457,1155,-1,1215,1458,1216,-1,1216,1458,1459,-1,1216,1459,1218,-1,1218,1459,1460,-1,1218,1460,1456,-1,1461,1462,1215,-1,1215,1462,1463,-1,1215,1463,1458,-1,1212,1464,1465,-1,1215,1224,1461,-1,1461,1224,1222,-1,1461,1222,1466,-1,1466,1222,1221,-1,1466,1221,1465,-1,1465,1221,1213,-1,1465,1213,1212,-1,1227,1226,1467,-1,1467,1226,1468,-1,1464,1212,1467,-1,1467,1212,1229,-1,1467,1229,1227,-1,1468,1226,1469,-1,1469,1226,1119,-1,1469,1119,1470,-1,1471,1472,1279,-1,1175,1282,1473,-1,1473,1282,1474,-1,1474,1282,1475,-1,1475,1282,1284,-1,1475,1284,1476,-1,1284,1285,1476,-1,1476,1285,1287,-1,1476,1287,1477,-1,1477,1287,1289,-1,1477,1289,1478,-1,1478,1289,1334,-1,1478,1334,1479,-1,1479,1334,1480,-1,1334,1294,1480,-1,1480,1294,1293,-1,1480,1293,1481,-1,1481,1293,1291,-1,1481,1291,1472,-1,1472,1291,1280,-1,1472,1280,1279,-1,1471,1279,1482,-1,1482,1279,1310,-1,1482,1310,1483,-1,1156,1484,1310,-1,1310,1484,1485,-1,1310,1485,1483,-1,1385,1383,1486,-1,1487,1488,1489,-1,1489,1488,1371,-1,1373,1371,1488,-1,1340,1341,1490,-1,1491,1492,1493,-1,1494,1495,1496,-1,1497,1498,1499,-1,1389,1387,1500,-1,1500,1387,1501,-1,1500,1501,1502,-1,1502,1501,1503,-1,1504,1505,1506,-1,1506,1505,1507,-1,1506,1507,1508,-1,1340,1490,1342,-1,1343,1509,1344,-1,1344,1509,1510,-1,1344,1510,1345,-1,1347,1346,1511,-1,1348,1512,1349,-1,1349,1512,1513,-1,1349,1513,1353,-1,1381,1379,1487,-1,1487,1379,1377,-1,1487,1377,1488,-1,1488,1377,1375,-1,1488,1375,1373,-1,1371,1369,1514,-1,1514,1369,1367,-1,1514,1367,1515,-1,1515,1367,1365,-1,1383,1381,1486,-1,1486,1381,1487,-1,1486,1487,1516,-1,1516,1487,1489,-1,1516,1489,1517,-1,1517,1489,1371,-1,1365,1363,1515,-1,1515,1363,1361,-1,1515,1361,1518,-1,1498,1503,1499,-1,1499,1503,1501,-1,1499,1501,1519,-1,1495,1520,1496,-1,1496,1520,1497,-1,1496,1497,1521,-1,1521,1497,1499,-1,1521,1499,1522,-1,1522,1499,1519,-1,1522,1519,1523,-1,1524,1525,1526,-1,1526,1525,1527,-1,1526,1527,1528,-1,1528,1527,1529,-1,1528,1529,1513,-1,1513,1529,1530,-1,1513,1530,1353,-1,1353,1530,1352,-1,1351,1352,1531,-1,1531,1352,1530,-1,1531,1530,1518,-1,1518,1530,1529,-1,1518,1529,1515,-1,1515,1529,1527,-1,1515,1527,1514,-1,1514,1527,1525,-1,1514,1525,1371,-1,1524,1371,1525,-1,1350,1351,1355,-1,1355,1351,1531,-1,1355,1531,1357,-1,1357,1531,1518,-1,1357,1518,1359,-1,1359,1518,1361,-1,1492,1494,1493,-1,1493,1494,1496,-1,1493,1496,1532,-1,1532,1496,1521,-1,1532,1521,1533,-1,1533,1521,1522,-1,1533,1522,1534,-1,1534,1522,1523,-1,1534,1523,1535,-1,1535,1536,1534,-1,1534,1536,1537,-1,1534,1537,1533,-1,1533,1537,1538,-1,1533,1538,1532,-1,1532,1538,1539,-1,1532,1539,1493,-1,1493,1539,1508,-1,1493,1508,1491,-1,1491,1508,1507,-1,1540,1541,1542,-1,1542,1541,1543,-1,1542,1543,1544,-1,1544,1543,1545,-1,1544,1545,1546,-1,1546,1545,1547,-1,1546,1547,1510,-1,1510,1547,1511,-1,1510,1511,1345,-1,1345,1511,1346,-1,1348,1347,1512,-1,1512,1347,1511,-1,1512,1511,1513,-1,1513,1511,1547,-1,1513,1547,1528,-1,1528,1547,1545,-1,1528,1545,1526,-1,1526,1545,1543,-1,1526,1543,1524,-1,1524,1543,1541,-1,1524,1541,1371,-1,1540,1371,1541,-1,1341,1504,1490,-1,1490,1504,1506,-1,1490,1506,1548,-1,1548,1506,1508,-1,1548,1508,1549,-1,1549,1508,1539,-1,1549,1539,1550,-1,1550,1539,1538,-1,1550,1538,1551,-1,1551,1538,1537,-1,1551,1537,1552,-1,1552,1537,1536,-1,1552,1536,1371,-1,1535,1371,1536,-1,1387,1385,1501,-1,1501,1385,1486,-1,1501,1486,1519,-1,1519,1486,1516,-1,1519,1516,1523,-1,1523,1516,1517,-1,1523,1517,1535,-1,1535,1517,1371,-1,1343,1342,1509,-1,1509,1342,1490,-1,1509,1490,1510,-1,1510,1490,1548,-1,1510,1548,1546,-1,1546,1548,1549,-1,1546,1549,1544,-1,1544,1549,1550,-1,1544,1550,1542,-1,1542,1550,1551,-1,1542,1551,1540,-1,1540,1551,1552,-1,1540,1552,1371,-1,1400,1553,1399,-1,1399,1553,1554,-1,1399,1554,1397,-1,1397,1554,1555,-1,1397,1555,1205,-1,1400,1402,1553,-1,1553,1402,1404,-1,1553,1404,1556,-1,1404,1406,1556,-1,1556,1406,1405,-1,1556,1405,1557,-1,1388,1558,1433,-1,1433,1558,1559,-1,1433,1559,1432,-1,1432,1559,1560,-1,1432,1560,1412,-1,1412,1560,1561,-1,1412,1561,1410,-1,1410,1561,1557,-1,1410,1557,1408,-1,1408,1557,1405,-1,1562,1563,1470,-1,1470,1563,1469,-1,1469,1563,1468,-1,1468,1563,1564,-1,1468,1564,1467,-1,1564,1565,1467,-1,1467,1565,1566,-1,1467,1566,1464,-1,1464,1566,1567,-1,1464,1567,1465,-1,1465,1567,1568,-1,1465,1568,1466,-1,1466,1568,1461,-1,1568,1569,1461,-1,1461,1569,1570,-1,1461,1570,1462,-1,1462,1570,1571,-1,1462,1571,1463,-1,1463,1571,1572,-1,1463,1572,1573,-1,1574,1575,1457,-1,1457,1456,1574,-1,1574,1456,1460,-1,1574,1460,1576,-1,1576,1460,1459,-1,1576,1459,1573,-1,1573,1459,1458,-1,1573,1458,1463,-1,1577,1578,1579,-1,1579,1578,1580,-1,1579,1580,1581,-1,1581,1580,1582,-1,1581,1582,1583,-1,1583,1582,1584,-1,1583,1584,1585,-1,1585,1584,1586,-1,1585,1586,1587,-1,1587,1586,1588,-1,1587,1588,1589,-1,1589,1588,1590,-1,1589,1590,1591,-1,1591,1590,1592,-1,1591,1592,1593,-1,1593,1592,1594,-1,1593,1594,1595,-1,1595,1594,1596,-1,1595,1596,1597,-1,1597,1596,1598,-1,1597,1598,1599,-1,1599,1598,1600,-1,1599,1600,1601,-1,1601,1600,1602,-1,1601,1602,1603,-1,1603,1602,1604,-1,1603,1604,1605,-1,1605,1604,1606,-1,1605,1606,1607,-1,1607,1606,1608,-1,1607,1608,1609,-1,1609,1608,1610,-1,1609,1610,1611,-1,1611,1610,1612,-1,1611,1612,1575,-1,1575,1612,1613,-1,1614,1485,1615,-1,1615,1485,1484,-1,1615,1484,1613,-1,1472,1471,1616,-1,1616,1471,1617,-1,1617,1471,1482,-1,1617,1482,1614,-1,1614,1482,1483,-1,1614,1483,1485,-1,1618,1619,1476,-1,1476,1619,1475,-1,1472,1616,1481,-1,1481,1616,1620,-1,1481,1620,1480,-1,1480,1620,1621,-1,1480,1621,1479,-1,1479,1621,1622,-1,1479,1622,1478,-1,1478,1622,1623,-1,1478,1623,1477,-1,1477,1623,1624,-1,1477,1624,1476,-1,1476,1624,1625,-1,1476,1625,1618,-1,1475,1619,1474,-1,1474,1619,1626,-1,1474,1626,1473,-1,1627,1389,1628,-1,1628,1389,1500,-1,1628,1500,1629,-1,1503,1630,1631,-1,1629,1500,1631,-1,1631,1500,1502,-1,1631,1502,1503,-1,1503,1498,1630,-1,1630,1498,1497,-1,1630,1497,1632,-1,1497,1520,1632,-1,1632,1520,1495,-1,1632,1495,1633,-1,1495,1494,1633,-1,1633,1494,1492,-1,1633,1492,1634,-1,1634,1492,1491,-1,1634,1491,1635,-1,1635,1491,1507,-1,1635,1507,1505,-1,1505,1504,1635,-1,1635,1504,1341,-1,1635,1341,1636,-1,1558,1637,1638,-1,1558,1638,1559,-1,1559,1638,1639,-1,1559,1639,1560,-1,1560,1639,1640,-1,1560,1640,1561,-1,1561,1640,1641,-1,1561,1641,1557,-1,1557,1641,1642,-1,1557,1642,1556,-1,1642,1643,1556,-1,1556,1643,1644,-1,1556,1644,1553,-1,1553,1644,1645,-1,1646,1554,1647,-1,1647,1554,1553,-1,1647,1553,1648,-1,1648,1553,1645,-1,1646,1649,1554,-1,1554,1649,1650,-1,1554,1650,1555,-1,1581,1583,1651,-1,1652,1653,1654,-1,1654,1653,1595,-1,1593,1595,1653,-1,1574,1576,1655,-1,1573,1572,1656,-1,1563,1562,1657,-1,1658,1659,1660,-1,1661,1662,1663,-1,1664,1665,1666,-1,1577,1579,1667,-1,1667,1579,1668,-1,1667,1668,1669,-1,1669,1668,1670,-1,1671,1672,1673,-1,1673,1672,1674,-1,1673,1674,1675,-1,1563,1657,1564,-1,1565,1676,1566,-1,1566,1676,1677,-1,1566,1677,1567,-1,1678,1571,1679,-1,1679,1571,1570,-1,1679,1570,1569,-1,1585,1587,1652,-1,1652,1587,1589,-1,1652,1589,1653,-1,1653,1589,1591,-1,1653,1591,1593,-1,1595,1597,1680,-1,1680,1597,1599,-1,1680,1599,1681,-1,1681,1599,1601,-1,1583,1585,1651,-1,1651,1585,1652,-1,1651,1652,1682,-1,1682,1652,1654,-1,1682,1654,1683,-1,1683,1654,1595,-1,1601,1603,1681,-1,1681,1603,1605,-1,1681,1605,1684,-1,1665,1670,1666,-1,1666,1670,1668,-1,1666,1668,1685,-1,1662,1686,1663,-1,1663,1686,1664,-1,1663,1664,1687,-1,1687,1664,1666,-1,1687,1666,1688,-1,1688,1666,1685,-1,1688,1685,1689,-1,1690,1691,1692,-1,1692,1691,1693,-1,1692,1693,1694,-1,1694,1693,1695,-1,1694,1695,1678,-1,1678,1695,1656,-1,1678,1656,1571,-1,1571,1656,1572,-1,1576,1573,1655,-1,1655,1573,1656,-1,1655,1656,1684,-1,1684,1656,1695,-1,1684,1695,1681,-1,1681,1695,1693,-1,1681,1693,1680,-1,1680,1693,1691,-1,1680,1691,1595,-1,1690,1595,1691,-1,1575,1574,1611,-1,1611,1574,1655,-1,1611,1655,1609,-1,1609,1655,1684,-1,1609,1684,1607,-1,1607,1684,1605,-1,1659,1661,1660,-1,1660,1661,1663,-1,1660,1663,1696,-1,1696,1663,1687,-1,1696,1687,1697,-1,1697,1687,1688,-1,1697,1688,1698,-1,1698,1688,1689,-1,1698,1689,1699,-1,1699,1700,1698,-1,1698,1700,1701,-1,1698,1701,1697,-1,1697,1701,1702,-1,1697,1702,1696,-1,1696,1702,1703,-1,1696,1703,1660,-1,1660,1703,1675,-1,1660,1675,1658,-1,1658,1675,1674,-1,1704,1705,1706,-1,1706,1705,1707,-1,1706,1707,1708,-1,1708,1707,1709,-1,1708,1709,1710,-1,1710,1709,1711,-1,1710,1711,1677,-1,1677,1711,1712,-1,1677,1712,1567,-1,1567,1712,1568,-1,1569,1568,1679,-1,1679,1568,1712,-1,1679,1712,1678,-1,1678,1712,1711,-1,1678,1711,1694,-1,1694,1711,1709,-1,1694,1709,1692,-1,1692,1709,1707,-1,1692,1707,1690,-1,1690,1707,1705,-1,1690,1705,1595,-1,1704,1595,1705,-1,1562,1671,1657,-1,1657,1671,1673,-1,1657,1673,1713,-1,1713,1673,1675,-1,1713,1675,1714,-1,1714,1675,1703,-1,1714,1703,1715,-1,1715,1703,1702,-1,1715,1702,1716,-1,1716,1702,1701,-1,1716,1701,1717,-1,1717,1701,1700,-1,1717,1700,1595,-1,1699,1595,1700,-1,1579,1581,1668,-1,1668,1581,1651,-1,1668,1651,1685,-1,1685,1651,1682,-1,1685,1682,1689,-1,1689,1682,1683,-1,1689,1683,1699,-1,1699,1683,1595,-1,1565,1564,1676,-1,1676,1564,1657,-1,1676,1657,1677,-1,1677,1657,1713,-1,1677,1713,1710,-1,1710,1713,1714,-1,1710,1714,1708,-1,1708,1714,1715,-1,1708,1715,1706,-1,1706,1715,1716,-1,1706,1716,1704,-1,1704,1716,1717,-1,1704,1717,1595,-1,1610,1608,1718,-1,1719,1720,1721,-1,1721,1720,1596,-1,1598,1596,1720,-1,1624,1623,1722,-1,1616,1617,1723,-1,1724,1725,1726,-1,1727,1728,1729,-1,1730,1626,1731,-1,1730,1731,1732,-1,1733,1734,1735,-1,1735,1734,1736,-1,1735,1736,1737,-1,1738,1739,1740,-1,1740,1739,1741,-1,1740,1741,1742,-1,1614,1615,1743,-1,1743,1615,1613,-1,1743,1613,1612,-1,1622,1621,1744,-1,1744,1621,1620,-1,1744,1620,1745,-1,1619,1618,1746,-1,1746,1618,1625,-1,1746,1625,1747,-1,1606,1604,1719,-1,1719,1604,1602,-1,1719,1602,1720,-1,1720,1602,1600,-1,1720,1600,1598,-1,1596,1594,1748,-1,1748,1594,1592,-1,1748,1592,1749,-1,1749,1592,1590,-1,1608,1606,1718,-1,1718,1606,1719,-1,1718,1719,1750,-1,1750,1719,1721,-1,1750,1721,1751,-1,1751,1721,1596,-1,1590,1588,1749,-1,1749,1588,1586,-1,1749,1586,1752,-1,1617,1614,1723,-1,1723,1614,1743,-1,1723,1743,1753,-1,1620,1616,1745,-1,1745,1616,1723,-1,1745,1723,1754,-1,1754,1723,1753,-1,1754,1753,1755,-1,1756,1757,1758,-1,1758,1757,1759,-1,1758,1759,1760,-1,1760,1759,1761,-1,1760,1761,1738,-1,1738,1761,1729,-1,1738,1729,1739,-1,1739,1729,1728,-1,1725,1727,1726,-1,1726,1727,1729,-1,1726,1729,1752,-1,1752,1729,1761,-1,1752,1761,1749,-1,1749,1761,1759,-1,1749,1759,1748,-1,1748,1759,1757,-1,1748,1757,1596,-1,1756,1596,1757,-1,1578,1724,1580,-1,1580,1724,1726,-1,1580,1726,1582,-1,1582,1726,1752,-1,1582,1752,1584,-1,1584,1752,1586,-1,1623,1622,1722,-1,1722,1622,1744,-1,1722,1744,1762,-1,1762,1744,1745,-1,1762,1745,1763,-1,1763,1745,1754,-1,1763,1754,1764,-1,1764,1754,1755,-1,1764,1755,1765,-1,1765,1766,1764,-1,1764,1766,1767,-1,1764,1767,1763,-1,1763,1767,1768,-1,1763,1768,1762,-1,1762,1768,1769,-1,1762,1769,1722,-1,1722,1769,1747,-1,1722,1747,1624,-1,1624,1747,1625,-1,1770,1771,1772,-1,1772,1771,1773,-1,1772,1773,1774,-1,1774,1773,1775,-1,1774,1775,1776,-1,1776,1775,1777,-1,1776,1777,1736,-1,1736,1777,1778,-1,1736,1778,1737,-1,1737,1778,1779,-1,1742,1779,1740,-1,1740,1779,1778,-1,1740,1778,1738,-1,1738,1778,1777,-1,1738,1777,1760,-1,1760,1777,1775,-1,1760,1775,1758,-1,1758,1775,1773,-1,1758,1773,1756,-1,1756,1773,1771,-1,1756,1771,1596,-1,1770,1596,1771,-1,1626,1619,1731,-1,1731,1619,1746,-1,1731,1746,1780,-1,1780,1746,1747,-1,1780,1747,1781,-1,1781,1747,1769,-1,1781,1769,1782,-1,1782,1769,1768,-1,1782,1768,1783,-1,1783,1768,1767,-1,1783,1767,1784,-1,1784,1767,1766,-1,1784,1766,1596,-1,1765,1596,1766,-1,1612,1610,1743,-1,1743,1610,1718,-1,1743,1718,1753,-1,1753,1718,1750,-1,1753,1750,1755,-1,1755,1750,1751,-1,1755,1751,1765,-1,1765,1751,1596,-1,1733,1732,1734,-1,1734,1732,1731,-1,1734,1731,1736,-1,1736,1731,1780,-1,1736,1780,1776,-1,1776,1780,1781,-1,1776,1781,1774,-1,1774,1781,1782,-1,1774,1782,1772,-1,1772,1782,1783,-1,1772,1783,1770,-1,1770,1783,1784,-1,1770,1784,1596,-1,1636,1785,1786,-1,1636,1786,1635,-1,1635,1786,1787,-1,1635,1787,1634,-1,1787,1788,1634,-1,1634,1788,1789,-1,1634,1789,1633,-1,1789,1790,1633,-1,1633,1790,1791,-1,1633,1791,1632,-1,1791,1792,1632,-1,1632,1792,1793,-1,1632,1793,1630,-1,1630,1793,1794,-1,1795,1796,1627,-1,1794,1797,1630,-1,1630,1797,1798,-1,1630,1798,1631,-1,1631,1798,1799,-1,1631,1799,1629,-1,1629,1799,1795,-1,1629,1795,1628,-1,1628,1795,1627,-1,1800,1801,1802,-1,1802,1801,1803,-1,1802,1803,1804,-1,1804,1803,1805,-1,1804,1805,1806,-1,1806,1805,1807,-1,1806,1807,1808,-1,1808,1807,1809,-1,1808,1809,1810,-1,1810,1809,1811,-1,1810,1811,1812,-1,1812,1811,1813,-1,1812,1813,1814,-1,1814,1813,1815,-1,1814,1815,1816,-1,1816,1815,1817,-1,1816,1817,1818,-1,1818,1817,1819,-1,1818,1819,1820,-1,1820,1819,1821,-1,1820,1821,1822,-1,1822,1821,1823,-1,1822,1823,1824,-1,1824,1823,1825,-1,1824,1825,1826,-1,1826,1825,1827,-1,1826,1827,1828,-1,1828,1827,1829,-1,1828,1829,1830,-1,1830,1829,1831,-1,1830,1831,1832,-1,1832,1831,1833,-1,1832,1833,1834,-1,1834,1833,1835,-1,1834,1835,1796,-1,1796,1835,1637,-1,1833,1831,1836,-1,1837,1838,1839,-1,1839,1838,1819,-1,1821,1819,1838,-1,1648,1645,1840,-1,1641,1640,1841,-1,1842,1650,1843,-1,1842,1843,1844,-1,1845,1846,1847,-1,1847,1846,1848,-1,1847,1848,1849,-1,1850,1851,1852,-1,1853,1854,1855,-1,1855,1854,1856,-1,1855,1856,1857,-1,1639,1638,1858,-1,1858,1638,1637,-1,1858,1637,1835,-1,1644,1643,1859,-1,1859,1643,1642,-1,1859,1642,1860,-1,1649,1646,1861,-1,1861,1646,1647,-1,1861,1647,1862,-1,1829,1827,1837,-1,1837,1827,1825,-1,1837,1825,1838,-1,1838,1825,1823,-1,1838,1823,1821,-1,1819,1817,1863,-1,1863,1817,1815,-1,1863,1815,1864,-1,1864,1815,1813,-1,1831,1829,1836,-1,1836,1829,1837,-1,1836,1837,1865,-1,1865,1837,1839,-1,1865,1839,1866,-1,1866,1839,1819,-1,1813,1811,1864,-1,1864,1811,1809,-1,1864,1809,1867,-1,1640,1639,1841,-1,1841,1639,1858,-1,1841,1858,1868,-1,1642,1641,1860,-1,1860,1641,1841,-1,1860,1841,1869,-1,1869,1841,1868,-1,1869,1868,1870,-1,1871,1872,1873,-1,1873,1872,1874,-1,1873,1874,1875,-1,1875,1874,1876,-1,1875,1876,1856,-1,1856,1876,1877,-1,1856,1877,1857,-1,1857,1877,1878,-1,1879,1878,1880,-1,1880,1878,1877,-1,1880,1877,1867,-1,1867,1877,1876,-1,1867,1876,1864,-1,1864,1876,1874,-1,1864,1874,1863,-1,1863,1874,1872,-1,1863,1872,1819,-1,1871,1819,1872,-1,1801,1879,1803,-1,1803,1879,1880,-1,1803,1880,1805,-1,1805,1880,1867,-1,1805,1867,1807,-1,1807,1867,1809,-1,1645,1644,1840,-1,1840,1644,1859,-1,1840,1859,1881,-1,1881,1859,1860,-1,1881,1860,1882,-1,1882,1860,1869,-1,1882,1869,1883,-1,1883,1869,1870,-1,1883,1870,1884,-1,1884,1885,1883,-1,1883,1885,1886,-1,1883,1886,1882,-1,1882,1886,1887,-1,1882,1887,1881,-1,1881,1887,1888,-1,1881,1888,1840,-1,1840,1888,1862,-1,1840,1862,1648,-1,1648,1862,1647,-1,1889,1890,1891,-1,1891,1890,1892,-1,1891,1892,1893,-1,1893,1892,1894,-1,1893,1894,1895,-1,1895,1894,1896,-1,1895,1896,1848,-1,1848,1896,1852,-1,1848,1852,1849,-1,1849,1852,1851,-1,1853,1850,1854,-1,1854,1850,1852,-1,1854,1852,1856,-1,1856,1852,1896,-1,1856,1896,1875,-1,1875,1896,1894,-1,1875,1894,1873,-1,1873,1894,1892,-1,1873,1892,1871,-1,1871,1892,1890,-1,1871,1890,1819,-1,1889,1819,1890,-1,1650,1649,1843,-1,1843,1649,1861,-1,1843,1861,1897,-1,1897,1861,1862,-1,1897,1862,1898,-1,1898,1862,1888,-1,1898,1888,1899,-1,1899,1888,1887,-1,1899,1887,1900,-1,1900,1887,1886,-1,1900,1886,1901,-1,1901,1886,1885,-1,1901,1885,1819,-1,1884,1819,1885,-1,1835,1833,1858,-1,1858,1833,1836,-1,1858,1836,1868,-1,1868,1836,1865,-1,1868,1865,1870,-1,1870,1865,1866,-1,1870,1866,1884,-1,1884,1866,1819,-1,1845,1844,1846,-1,1846,1844,1843,-1,1846,1843,1848,-1,1848,1843,1897,-1,1848,1897,1895,-1,1895,1897,1898,-1,1895,1898,1893,-1,1893,1898,1899,-1,1893,1899,1891,-1,1891,1899,1900,-1,1891,1900,1889,-1,1889,1900,1901,-1,1889,1901,1819,-1,1902,1577,1903,-1,1903,1577,1667,-1,1903,1667,1904,-1,1670,1905,1906,-1,1904,1667,1906,-1,1906,1667,1669,-1,1906,1669,1670,-1,1670,1665,1905,-1,1905,1665,1664,-1,1905,1664,1907,-1,1664,1686,1907,-1,1907,1686,1662,-1,1907,1662,1908,-1,1662,1661,1908,-1,1908,1661,1659,-1,1908,1659,1909,-1,1909,1659,1658,-1,1909,1658,1910,-1,1910,1658,1674,-1,1910,1674,1672,-1,1672,1671,1910,-1,1910,1671,1562,-1,1910,1562,1911,-1,1912,1626,1730,-1,1912,1730,1913,-1,1913,1730,1732,-1,1913,1732,1914,-1,1732,1733,1914,-1,1914,1733,1735,-1,1914,1735,1915,-1,1735,1737,1915,-1,1915,1737,1779,-1,1915,1779,1916,-1,1779,1742,1916,-1,1916,1742,1741,-1,1916,1741,1917,-1,1917,1741,1739,-1,1724,1578,1918,-1,1739,1728,1917,-1,1917,1728,1727,-1,1917,1727,1919,-1,1919,1727,1725,-1,1919,1725,1920,-1,1920,1725,1724,-1,1920,1724,1921,-1,1921,1724,1918,-1,1804,1806,1922,-1,1923,1924,1925,-1,1925,1924,1818,-1,1816,1818,1924,-1,1795,1799,1926,-1,1798,1797,1927,-1,1786,1785,1928,-1,1929,1930,1931,-1,1932,1933,1934,-1,1935,1936,1937,-1,1937,1936,1800,-1,1937,1800,1802,-1,1938,1939,1940,-1,1940,1939,1941,-1,1940,1941,1942,-1,1943,1944,1945,-1,1945,1944,1946,-1,1945,1946,1947,-1,1786,1928,1787,-1,1788,1948,1789,-1,1789,1948,1949,-1,1789,1949,1790,-1,1950,1794,1951,-1,1951,1794,1793,-1,1951,1793,1792,-1,1808,1810,1923,-1,1923,1810,1812,-1,1923,1812,1924,-1,1924,1812,1814,-1,1924,1814,1816,-1,1818,1820,1952,-1,1952,1820,1822,-1,1952,1822,1953,-1,1953,1822,1824,-1,1806,1808,1922,-1,1922,1808,1923,-1,1922,1923,1954,-1,1954,1923,1925,-1,1954,1925,1955,-1,1955,1925,1818,-1,1824,1826,1953,-1,1953,1826,1828,-1,1953,1828,1956,-1,1933,1935,1934,-1,1934,1935,1937,-1,1934,1937,1957,-1,1941,1932,1942,-1,1942,1932,1934,-1,1942,1934,1958,-1,1958,1934,1957,-1,1958,1957,1959,-1,1960,1961,1962,-1,1962,1961,1963,-1,1962,1963,1964,-1,1964,1963,1965,-1,1964,1965,1950,-1,1950,1965,1927,-1,1950,1927,1794,-1,1794,1927,1797,-1,1799,1798,1926,-1,1926,1798,1927,-1,1926,1927,1956,-1,1956,1927,1965,-1,1956,1965,1953,-1,1953,1965,1963,-1,1953,1963,1952,-1,1952,1963,1961,-1,1952,1961,1818,-1,1960,1818,1961,-1,1796,1795,1834,-1,1834,1795,1926,-1,1834,1926,1832,-1,1832,1926,1956,-1,1832,1956,1830,-1,1830,1956,1828,-1,1930,1938,1931,-1,1931,1938,1940,-1,1931,1940,1966,-1,1966,1940,1942,-1,1966,1942,1967,-1,1967,1942,1958,-1,1967,1958,1968,-1,1968,1958,1959,-1,1968,1959,1969,-1,1969,1970,1968,-1,1968,1970,1971,-1,1968,1971,1967,-1,1967,1971,1972,-1,1967,1972,1966,-1,1966,1972,1973,-1,1966,1973,1931,-1,1931,1973,1947,-1,1931,1947,1929,-1,1929,1947,1946,-1,1974,1975,1976,-1,1976,1975,1977,-1,1976,1977,1978,-1,1978,1977,1979,-1,1978,1979,1980,-1,1980,1979,1981,-1,1980,1981,1949,-1,1949,1981,1982,-1,1949,1982,1790,-1,1790,1982,1791,-1,1792,1791,1951,-1,1951,1791,1982,-1,1951,1982,1950,-1,1950,1982,1981,-1,1950,1981,1964,-1,1964,1981,1979,-1,1964,1979,1962,-1,1962,1979,1977,-1,1962,1977,1960,-1,1960,1977,1975,-1,1960,1975,1818,-1,1974,1818,1975,-1,1785,1943,1928,-1,1928,1943,1945,-1,1928,1945,1983,-1,1983,1945,1947,-1,1983,1947,1984,-1,1984,1947,1973,-1,1984,1973,1985,-1,1985,1973,1972,-1,1985,1972,1986,-1,1986,1972,1971,-1,1986,1971,1987,-1,1987,1971,1970,-1,1987,1970,1818,-1,1969,1818,1970,-1,1802,1804,1937,-1,1937,1804,1922,-1,1937,1922,1957,-1,1957,1922,1954,-1,1957,1954,1959,-1,1959,1954,1955,-1,1959,1955,1969,-1,1969,1955,1818,-1,1788,1787,1948,-1,1948,1787,1928,-1,1948,1928,1949,-1,1949,1928,1983,-1,1949,1983,1980,-1,1980,1983,1984,-1,1980,1984,1978,-1,1978,1984,1985,-1,1978,1985,1976,-1,1976,1985,1986,-1,1976,1986,1974,-1,1974,1986,1987,-1,1974,1987,1818,-1,1801,1988,1879,-1,1879,1988,1989,-1,1879,1989,1878,-1,1989,1990,1878,-1,1878,1990,1991,-1,1878,1991,1857,-1,1857,1991,1992,-1,1857,1992,1855,-1,1855,1992,1853,-1,1853,1992,1993,-1,1853,1993,1850,-1,1850,1993,1994,-1,1850,1994,1851,-1,1995,1650,1996,-1,1996,1650,1842,-1,1996,1842,1997,-1,1997,1842,1844,-1,1997,1844,1998,-1,1998,1844,1845,-1,1998,1845,1999,-1,1999,1845,1847,-1,1999,1847,2000,-1,2000,1847,1849,-1,2000,1849,2001,-1,2001,1849,1851,-1,2001,1851,2002,-1,2002,1851,1994,-1,1911,2003,2004,-1,1911,2004,1910,-1,1910,2004,2005,-1,1910,2005,1909,-1,2005,2006,1909,-1,1909,2006,2007,-1,1909,2007,1908,-1,2007,2008,1908,-1,1908,2008,2009,-1,1908,2009,1907,-1,2009,2010,1907,-1,1907,2010,2011,-1,1907,2011,1905,-1,1905,2011,2012,-1,2013,2014,1902,-1,2012,2015,1905,-1,1905,2015,2016,-1,1905,2016,1906,-1,1906,2016,2017,-1,1906,2017,1904,-1,1904,2017,2013,-1,1904,2013,1903,-1,1903,2013,1902,-1,2018,2019,2020,-1,2020,2019,2021,-1,2020,2021,2022,-1,2022,2021,2023,-1,2022,2023,2024,-1,2024,2023,2025,-1,2024,2025,2026,-1,2026,2025,2027,-1,2026,2027,2028,-1,2028,2027,2029,-1,2028,2029,2030,-1,2030,2029,2031,-1,2030,2031,2032,-1,2032,2031,2033,-1,2032,2033,2034,-1,2034,2033,2035,-1,2034,2035,2036,-1,2036,2035,2037,-1,2036,2037,2038,-1,2038,2037,2039,-1,2038,2039,2040,-1,2040,2039,2041,-1,2040,2041,2042,-1,2042,2041,2043,-1,2042,2043,2044,-1,2044,2043,2045,-1,2044,2045,2046,-1,2046,2045,2047,-1,2046,2047,2048,-1,2048,2047,2049,-1,2048,2049,2050,-1,2050,2049,2051,-1,2050,2051,2052,-1,2052,2051,2053,-1,2052,2053,2014,-1,2014,2053,2054,-1,1918,2054,1921,-1,1921,2054,2055,-1,1921,2055,1920,-1,2056,1917,1919,-1,1920,2055,1919,-1,1919,2055,2057,-1,1919,2057,2056,-1,2056,2058,1917,-1,1917,2058,2059,-1,1917,2059,1916,-1,2059,2060,1916,-1,1916,2060,2061,-1,1916,2061,1915,-1,2061,2062,1915,-1,1915,2062,2063,-1,1915,2063,1914,-1,1914,2063,2064,-1,1914,2064,1913,-1,1913,2064,2065,-1,1913,2065,2066,-1,2066,2067,1913,-1,1913,2067,2068,-1,1913,2068,1912,-1,1785,2069,2070,-1,1785,2070,1943,-1,1943,2070,2071,-1,1943,2071,1944,-1,1944,2071,2072,-1,1944,2072,1946,-1,1946,2072,2073,-1,1946,2073,1929,-1,1929,2073,2074,-1,1929,2074,1930,-1,1930,2074,2075,-1,1930,2075,1938,-1,2076,1941,2077,-1,2077,1941,1939,-1,2077,1939,2078,-1,2078,1939,1938,-1,2078,1938,2079,-1,2079,1938,2075,-1,2080,1800,2081,-1,2081,1800,1936,-1,2081,1936,2082,-1,2082,1936,1935,-1,2082,1935,2083,-1,2083,1935,1933,-1,2083,1933,2076,-1,2076,1933,1932,-1,2076,1932,1941,-1,2084,2085,2086,-1,2086,2085,2087,-1,2086,2087,2088,-1,2088,2087,2089,-1,2088,2089,2090,-1,2090,2089,2091,-1,2090,2091,2080,-1,2080,2091,1988,-1,2092,2093,2094,-1,1996,2095,1995,-1,2095,1996,2096,-1,1992,1991,2097,-1,1990,1989,2098,-1,2098,1989,1988,-1,1992,2097,1993,-1,1994,2099,2002,-1,2002,2099,2100,-1,2002,2100,2101,-1,1998,1999,2102,-1,2102,1999,2000,-1,2102,2000,2101,-1,2101,2000,2001,-1,2101,2001,2002,-1,1996,1997,2096,-1,2096,1997,1998,-1,2096,1998,2103,-1,2103,1998,2102,-1,2103,2102,2104,-1,2104,2102,2101,-1,2105,2106,2100,-1,2100,2106,2107,-1,2100,2107,2101,-1,2101,2107,2108,-1,2101,2108,2104,-1,2093,2105,2094,-1,2094,2105,2100,-1,2094,2100,2097,-1,2097,2100,2099,-1,2097,2099,1993,-1,1993,2099,1994,-1,2109,2092,2110,-1,2110,2092,2094,-1,2110,2094,2098,-1,2098,2094,2097,-1,2098,2097,1990,-1,1990,2097,1991,-1,1988,2091,2098,-1,2098,2091,2089,-1,2098,2089,2110,-1,2110,2089,2087,-1,2110,2087,2109,-1,2109,2087,2085,-1,2022,2024,2111,-1,2112,2113,2114,-1,2114,2113,2036,-1,2034,2036,2113,-1,2013,2017,2115,-1,2016,2015,2116,-1,2004,2003,2117,-1,2118,2119,2120,-1,2121,2122,2123,-1,2124,2125,2126,-1,2126,2125,2018,-1,2126,2018,2020,-1,2127,2128,2129,-1,2129,2128,2130,-1,2129,2130,2131,-1,2132,2133,2134,-1,2134,2133,2135,-1,2134,2135,2136,-1,2004,2117,2005,-1,2006,2137,2007,-1,2007,2137,2138,-1,2007,2138,2008,-1,2139,2012,2140,-1,2140,2012,2011,-1,2140,2011,2010,-1,2026,2028,2112,-1,2112,2028,2030,-1,2112,2030,2113,-1,2113,2030,2032,-1,2113,2032,2034,-1,2036,2038,2141,-1,2141,2038,2040,-1,2141,2040,2142,-1,2142,2040,2042,-1,2024,2026,2111,-1,2111,2026,2112,-1,2111,2112,2143,-1,2143,2112,2114,-1,2143,2114,2144,-1,2144,2114,2036,-1,2042,2044,2142,-1,2142,2044,2046,-1,2142,2046,2145,-1,2122,2124,2123,-1,2123,2124,2126,-1,2123,2126,2146,-1,2130,2121,2131,-1,2131,2121,2123,-1,2131,2123,2147,-1,2147,2123,2146,-1,2147,2146,2148,-1,2149,2150,2151,-1,2151,2150,2152,-1,2151,2152,2153,-1,2153,2152,2154,-1,2153,2154,2139,-1,2139,2154,2116,-1,2139,2116,2012,-1,2012,2116,2015,-1,2017,2016,2115,-1,2115,2016,2116,-1,2115,2116,2145,-1,2145,2116,2154,-1,2145,2154,2142,-1,2142,2154,2152,-1,2142,2152,2141,-1,2141,2152,2150,-1,2141,2150,2036,-1,2149,2036,2150,-1,2014,2013,2052,-1,2052,2013,2115,-1,2052,2115,2050,-1,2050,2115,2145,-1,2050,2145,2048,-1,2048,2145,2046,-1,2119,2127,2120,-1,2120,2127,2129,-1,2120,2129,2155,-1,2155,2129,2131,-1,2155,2131,2156,-1,2156,2131,2147,-1,2156,2147,2157,-1,2157,2147,2148,-1,2157,2148,2158,-1,2158,2159,2157,-1,2157,2159,2160,-1,2157,2160,2156,-1,2156,2160,2161,-1,2156,2161,2155,-1,2155,2161,2162,-1,2155,2162,2120,-1,2120,2162,2136,-1,2120,2136,2118,-1,2118,2136,2135,-1,2163,2164,2165,-1,2165,2164,2166,-1,2165,2166,2167,-1,2167,2166,2168,-1,2167,2168,2169,-1,2169,2168,2170,-1,2169,2170,2138,-1,2138,2170,2171,-1,2138,2171,2008,-1,2008,2171,2009,-1,2010,2009,2140,-1,2140,2009,2171,-1,2140,2171,2139,-1,2139,2171,2170,-1,2139,2170,2153,-1,2153,2170,2168,-1,2153,2168,2151,-1,2151,2168,2166,-1,2151,2166,2149,-1,2149,2166,2164,-1,2149,2164,2036,-1,2163,2036,2164,-1,2003,2132,2117,-1,2117,2132,2134,-1,2117,2134,2172,-1,2172,2134,2136,-1,2172,2136,2173,-1,2173,2136,2162,-1,2173,2162,2174,-1,2174,2162,2161,-1,2174,2161,2175,-1,2175,2161,2160,-1,2175,2160,2176,-1,2176,2160,2159,-1,2176,2159,2036,-1,2158,2036,2159,-1,2020,2022,2126,-1,2126,2022,2111,-1,2126,2111,2146,-1,2146,2111,2143,-1,2146,2143,2148,-1,2148,2143,2144,-1,2148,2144,2158,-1,2158,2144,2036,-1,2006,2005,2137,-1,2137,2005,2117,-1,2137,2117,2138,-1,2138,2117,2172,-1,2138,2172,2169,-1,2169,2172,2173,-1,2169,2173,2167,-1,2167,2173,2174,-1,2167,2174,2165,-1,2165,2174,2175,-1,2165,2175,2163,-1,2163,2175,2176,-1,2163,2176,2036,-1,2051,2049,2177,-1,2178,2179,2180,-1,2180,2179,2037,-1,2039,2037,2179,-1,2064,2063,2181,-1,2062,2061,2182,-1,2059,2058,2183,-1,2184,2068,2185,-1,2184,2185,2186,-1,2187,2188,2189,-1,2189,2188,2190,-1,2189,2190,2191,-1,2192,2193,2194,-1,2195,2196,2197,-1,2197,2196,2198,-1,2197,2198,2199,-1,2054,2053,2055,-1,2055,2053,2200,-1,2055,2200,2057,-1,2057,2200,2056,-1,2067,2066,2201,-1,2201,2066,2065,-1,2201,2065,2202,-1,2047,2045,2178,-1,2178,2045,2043,-1,2178,2043,2179,-1,2179,2043,2041,-1,2179,2041,2039,-1,2037,2035,2203,-1,2203,2035,2033,-1,2203,2033,2204,-1,2204,2033,2031,-1,2049,2047,2177,-1,2177,2047,2178,-1,2177,2178,2205,-1,2205,2178,2180,-1,2205,2180,2206,-1,2206,2180,2037,-1,2031,2029,2204,-1,2204,2029,2027,-1,2204,2027,2207,-1,2058,2056,2183,-1,2183,2056,2200,-1,2183,2200,2208,-1,2061,2060,2182,-1,2182,2060,2059,-1,2182,2059,2209,-1,2209,2059,2183,-1,2209,2183,2210,-1,2210,2183,2208,-1,2210,2208,2211,-1,2212,2213,2214,-1,2214,2213,2215,-1,2214,2215,2216,-1,2216,2215,2217,-1,2216,2217,2198,-1,2198,2217,2218,-1,2198,2218,2199,-1,2199,2218,2219,-1,2220,2219,2221,-1,2221,2219,2218,-1,2221,2218,2207,-1,2207,2218,2217,-1,2207,2217,2204,-1,2204,2217,2215,-1,2204,2215,2203,-1,2203,2215,2213,-1,2203,2213,2037,-1,2212,2037,2213,-1,2019,2220,2021,-1,2021,2220,2221,-1,2021,2221,2023,-1,2023,2221,2207,-1,2023,2207,2025,-1,2025,2207,2027,-1,2063,2062,2181,-1,2181,2062,2182,-1,2181,2182,2222,-1,2222,2182,2209,-1,2222,2209,2223,-1,2223,2209,2210,-1,2223,2210,2224,-1,2224,2210,2211,-1,2224,2211,2225,-1,2225,2226,2224,-1,2224,2226,2227,-1,2224,2227,2223,-1,2223,2227,2228,-1,2223,2228,2222,-1,2222,2228,2229,-1,2222,2229,2181,-1,2181,2229,2202,-1,2181,2202,2064,-1,2064,2202,2065,-1,2230,2231,2232,-1,2232,2231,2233,-1,2232,2233,2234,-1,2234,2233,2235,-1,2234,2235,2236,-1,2236,2235,2237,-1,2236,2237,2190,-1,2190,2237,2194,-1,2190,2194,2191,-1,2191,2194,2193,-1,2195,2192,2196,-1,2196,2192,2194,-1,2196,2194,2198,-1,2198,2194,2237,-1,2198,2237,2216,-1,2216,2237,2235,-1,2216,2235,2214,-1,2214,2235,2233,-1,2214,2233,2212,-1,2212,2233,2231,-1,2212,2231,2037,-1,2230,2037,2231,-1,2068,2067,2185,-1,2185,2067,2201,-1,2185,2201,2238,-1,2238,2201,2202,-1,2238,2202,2239,-1,2239,2202,2229,-1,2239,2229,2240,-1,2240,2229,2228,-1,2240,2228,2241,-1,2241,2228,2227,-1,2241,2227,2242,-1,2242,2227,2226,-1,2242,2226,2037,-1,2225,2037,2226,-1,2053,2051,2200,-1,2200,2051,2177,-1,2200,2177,2208,-1,2208,2177,2205,-1,2208,2205,2211,-1,2211,2205,2206,-1,2211,2206,2225,-1,2225,2206,2037,-1,2187,2186,2188,-1,2188,2186,2185,-1,2188,2185,2190,-1,2190,2185,2238,-1,2190,2238,2236,-1,2236,2238,2239,-1,2236,2239,2234,-1,2234,2239,2240,-1,2234,2240,2232,-1,2232,2240,2241,-1,2232,2241,2230,-1,2230,2241,2242,-1,2230,2242,2037,-1,2243,2244,2245,-1,2246,2247,2248,-1,2249,2250,2251,-1,2082,2083,2252,-1,2076,2077,2253,-1,2079,2075,2254,-1,2072,2255,2073,-1,2254,2075,2255,-1,2255,2075,2074,-1,2255,2074,2073,-1,2254,2245,2079,-1,2079,2245,2253,-1,2079,2253,2078,-1,2078,2253,2077,-1,2080,2081,2090,-1,2090,2081,2256,-1,2090,2256,2088,-1,2088,2256,2251,-1,2250,2084,2251,-1,2251,2084,2086,-1,2251,2086,2088,-1,2247,2249,2248,-1,2248,2249,2251,-1,2248,2251,2252,-1,2252,2251,2256,-1,2252,2256,2082,-1,2082,2256,2081,-1,2244,2246,2245,-1,2245,2246,2248,-1,2245,2248,2253,-1,2253,2248,2252,-1,2253,2252,2076,-1,2076,2252,2083,-1,2243,2245,2257,-1,2257,2245,2254,-1,2257,2254,2258,-1,2258,2254,2255,-1,2258,2255,2259,-1,2259,2255,2072,-1,2259,2072,2260,-1,2260,2072,2071,-1,2260,2071,2261,-1,2261,2071,2070,-1,2261,2070,2069,-1,2109,2085,2262,-1,2109,2262,2092,-1,2092,2262,2263,-1,2092,2263,2093,-1,2093,2263,2105,-1,2105,2263,2264,-1,2105,2264,2106,-1,2106,2264,2107,-1,2107,2264,2265,-1,2107,2265,2108,-1,2108,2265,2266,-1,2108,2266,2104,-1,2104,2266,2103,-1,2103,2266,2267,-1,2103,2267,2096,-1,2096,2267,2095,-1,2095,2267,2268,-1,2095,2268,1995,-1,2269,2018,2270,-1,2270,2018,2125,-1,2270,2125,2271,-1,2271,2125,2124,-1,2271,2124,2272,-1,2272,2124,2122,-1,2272,2122,2273,-1,2122,2121,2273,-1,2273,2121,2130,-1,2273,2130,2274,-1,2274,2130,2128,-1,2274,2128,2275,-1,2275,2128,2127,-1,2275,2127,2276,-1,2276,2127,2277,-1,2277,2127,2119,-1,2277,2119,2278,-1,2278,2119,2118,-1,2278,2118,2279,-1,2279,2118,2135,-1,2279,2135,2280,-1,2280,2135,2133,-1,2280,2133,2281,-1,2281,2133,2132,-1,2281,2132,2282,-1,2282,2132,2003,-1,2282,2003,2283,-1,2284,2285,2286,-1,2286,2285,2287,-1,2286,2287,2288,-1,2288,2287,2289,-1,2288,2289,2290,-1,2290,2289,2291,-1,2290,2291,2269,-1,2269,2291,2292,-1,2193,2293,2191,-1,2191,2293,2294,-1,2191,2294,2189,-1,2189,2294,2295,-1,2189,2295,2187,-1,2187,2295,2296,-1,2187,2296,2186,-1,2186,2296,2297,-1,2186,2297,2184,-1,2184,2297,2298,-1,2184,2298,2068,-1,2068,2298,2299,-1,2195,2300,2301,-1,2195,2301,2192,-1,2192,2301,2302,-1,2192,2302,2193,-1,2193,2302,2303,-1,2193,2303,2293,-1,2195,2197,2300,-1,2300,2197,2199,-1,2300,2199,2304,-1,2304,2199,2219,-1,2019,2292,2220,-1,2220,2292,2305,-1,2220,2305,2219,-1,2219,2305,2306,-1,2219,2306,2304,-1,2261,2069,2307,-1,2261,2307,2260,-1,2260,2307,2308,-1,2260,2308,2259,-1,2259,2308,2258,-1,2258,2308,2309,-1,2258,2309,2257,-1,2257,2309,2243,-1,2243,2309,2310,-1,2243,2310,2244,-1,2244,2310,2311,-1,2244,2311,2246,-1,2246,2311,2247,-1,2247,2311,2312,-1,2247,2312,2249,-1,2249,2312,2250,-1,2250,2312,2313,-1,2250,2313,2084,-1,2314,2315,2316,-1,2316,2315,2317,-1,2316,2317,2318,-1,2318,2317,2319,-1,2318,2319,2320,-1,2320,2319,2321,-1,2320,2321,2322,-1,2322,2321,2323,-1,2322,2323,2324,-1,2324,2323,2325,-1,2324,2325,2313,-1,2313,2325,2262,-1,2262,2325,2263,-1,2263,2325,2326,-1,2263,2326,2264,-1,2264,2326,2327,-1,2264,2327,2265,-1,2265,2327,2328,-1,2265,2328,2266,-1,2266,2328,2329,-1,2266,2329,2267,-1,2267,2329,2330,-1,2267,2330,2268,-1,2268,2330,2331,-1,2325,2323,2326,-1,2326,2323,2332,-1,2326,2332,2327,-1,2327,2332,2333,-1,2327,2333,2328,-1,2328,2333,2334,-1,2328,2334,2329,-1,2329,2334,2335,-1,2329,2335,2330,-1,2330,2335,2336,-1,2330,2336,2331,-1,2331,2336,2337,-1,2323,2321,2332,-1,2332,2321,2338,-1,2332,2338,2333,-1,2333,2338,2339,-1,2333,2339,2334,-1,2334,2339,2340,-1,2334,2340,2335,-1,2335,2340,2341,-1,2335,2341,2336,-1,2336,2341,2342,-1,2336,2342,2337,-1,2337,2342,2343,-1,2321,2319,2338,-1,2338,2319,2344,-1,2338,2344,2339,-1,2339,2344,2345,-1,2339,2345,2340,-1,2340,2345,2346,-1,2340,2346,2341,-1,2341,2346,2347,-1,2341,2347,2342,-1,2342,2347,2348,-1,2342,2348,2343,-1,2343,2348,2349,-1,2319,2317,2344,-1,2344,2317,2350,-1,2344,2350,2345,-1,2345,2350,2351,-1,2345,2351,2346,-1,2346,2351,2352,-1,2346,2352,2347,-1,2347,2352,2353,-1,2347,2353,2348,-1,2348,2353,2354,-1,2348,2354,2349,-1,2349,2354,2355,-1,2317,2315,2350,-1,2350,2315,2356,-1,2350,2356,2351,-1,2351,2356,2357,-1,2351,2357,2352,-1,2352,2357,2358,-1,2352,2358,2353,-1,2353,2358,2359,-1,2353,2359,2354,-1,2354,2359,2360,-1,2354,2360,2355,-1,2355,2360,2361,-1,2362,2363,2364,-1,2365,2366,2367,-1,2368,2369,2370,-1,2271,2272,2371,-1,2273,2274,2372,-1,2276,2277,2373,-1,2280,2374,2279,-1,2373,2277,2374,-1,2374,2277,2278,-1,2374,2278,2279,-1,2373,2364,2276,-1,2276,2364,2372,-1,2276,2372,2275,-1,2275,2372,2274,-1,2269,2270,2290,-1,2290,2270,2375,-1,2290,2375,2288,-1,2288,2375,2370,-1,2369,2284,2370,-1,2370,2284,2286,-1,2370,2286,2288,-1,2366,2368,2367,-1,2367,2368,2370,-1,2367,2370,2371,-1,2371,2370,2375,-1,2371,2375,2271,-1,2271,2375,2270,-1,2363,2365,2364,-1,2364,2365,2367,-1,2364,2367,2372,-1,2372,2367,2371,-1,2372,2371,2273,-1,2273,2371,2272,-1,2362,2364,2376,-1,2376,2364,2373,-1,2376,2373,2377,-1,2377,2373,2374,-1,2377,2374,2378,-1,2378,2374,2280,-1,2378,2280,2379,-1,2379,2280,2281,-1,2379,2281,2380,-1,2380,2281,2282,-1,2380,2282,2283,-1,2381,2382,2383,-1,2298,2384,2299,-1,2384,2298,2385,-1,2300,2304,2386,-1,2306,2305,2387,-1,2387,2305,2292,-1,2300,2386,2301,-1,2302,2388,2303,-1,2303,2388,2389,-1,2303,2389,2390,-1,2296,2295,2391,-1,2391,2295,2294,-1,2391,2294,2390,-1,2390,2294,2293,-1,2390,2293,2303,-1,2298,2297,2385,-1,2385,2297,2296,-1,2385,2296,2392,-1,2392,2296,2391,-1,2392,2391,2393,-1,2393,2391,2390,-1,2394,2395,2389,-1,2389,2395,2396,-1,2389,2396,2390,-1,2390,2396,2397,-1,2390,2397,2393,-1,2382,2394,2383,-1,2383,2394,2389,-1,2383,2389,2386,-1,2386,2389,2388,-1,2386,2388,2301,-1,2301,2388,2302,-1,2398,2381,2399,-1,2399,2381,2383,-1,2399,2383,2387,-1,2387,2383,2386,-1,2387,2386,2306,-1,2306,2386,2304,-1,2292,2291,2387,-1,2387,2291,2289,-1,2387,2289,2399,-1,2399,2289,2287,-1,2399,2287,2398,-1,2398,2287,2285,-1,2307,2400,2308,-1,2308,2400,2401,-1,2308,2401,2309,-1,2309,2401,2402,-1,2309,2402,2310,-1,2310,2402,2403,-1,2310,2403,2311,-1,2311,2403,2404,-1,2311,2404,2312,-1,2312,2404,2405,-1,2312,2405,2313,-1,2313,2405,2324,-1,2400,2406,2401,-1,2401,2406,2407,-1,2401,2407,2402,-1,2402,2407,2408,-1,2402,2408,2403,-1,2403,2408,2409,-1,2403,2409,2404,-1,2404,2409,2410,-1,2404,2410,2405,-1,2405,2410,2411,-1,2405,2411,2324,-1,2324,2411,2322,-1,2406,2412,2407,-1,2407,2412,2413,-1,2407,2413,2408,-1,2408,2413,2414,-1,2408,2414,2409,-1,2409,2414,2415,-1,2409,2415,2410,-1,2410,2415,2416,-1,2410,2416,2411,-1,2411,2416,2417,-1,2411,2417,2322,-1,2322,2417,2320,-1,2412,2418,2413,-1,2413,2418,2419,-1,2413,2419,2414,-1,2414,2419,2420,-1,2414,2420,2415,-1,2415,2420,2421,-1,2415,2421,2416,-1,2416,2421,2422,-1,2416,2422,2417,-1,2417,2422,2423,-1,2417,2423,2320,-1,2320,2423,2318,-1,2418,2424,2419,-1,2419,2424,2425,-1,2419,2425,2420,-1,2420,2425,2426,-1,2420,2426,2421,-1,2421,2426,2427,-1,2421,2427,2422,-1,2422,2427,2428,-1,2422,2428,2423,-1,2423,2428,2429,-1,2423,2429,2318,-1,2318,2429,2316,-1,2424,2430,2425,-1,2425,2430,2431,-1,2425,2431,2426,-1,2426,2431,2432,-1,2426,2432,2427,-1,2427,2432,2433,-1,2427,2433,2428,-1,2428,2433,2434,-1,2428,2434,2429,-1,2429,2434,2435,-1,2429,2435,2316,-1,2316,2435,2314,-1,2361,2436,2355,-1,2355,2436,2437,-1,2355,2437,2349,-1,2349,2437,2438,-1,2349,2438,2343,-1,2343,2438,2439,-1,2343,2439,2337,-1,2337,2439,2440,-1,2337,2440,2331,-1,2331,2440,2441,-1,2331,2441,2268,-1,2268,2441,2442,-1,2380,2283,2442,-1,2380,2442,2379,-1,2379,2442,2443,-1,2379,2443,2378,-1,2378,2443,2377,-1,2377,2443,2444,-1,2377,2444,2376,-1,2376,2444,2362,-1,2362,2444,2445,-1,2362,2445,2363,-1,2363,2445,2446,-1,2363,2446,2365,-1,2365,2446,2366,-1,2366,2446,2447,-1,2366,2447,2368,-1,2368,2447,2369,-1,2369,2447,2448,-1,2369,2448,2284,-1,2398,2285,2449,-1,2398,2449,2381,-1,2381,2449,2450,-1,2381,2450,2382,-1,2382,2450,2394,-1,2394,2450,2451,-1,2394,2451,2395,-1,2395,2451,2396,-1,2396,2451,2452,-1,2396,2452,2397,-1,2397,2452,2453,-1,2397,2453,2393,-1,2393,2453,2392,-1,2392,2453,2454,-1,2392,2454,2385,-1,2385,2454,2384,-1,2384,2454,2455,-1,2384,2455,2299,-1,2456,2430,2457,-1,2457,2430,2424,-1,2457,2424,2458,-1,2458,2424,2418,-1,2458,2418,2459,-1,2459,2418,2412,-1,2459,2412,2460,-1,2460,2412,2406,-1,2460,2406,2461,-1,2461,2406,2400,-1,2461,2400,2455,-1,2455,2400,2307,-1,2442,2441,2443,-1,2443,2441,2462,-1,2443,2462,2444,-1,2444,2462,2463,-1,2444,2463,2445,-1,2445,2463,2464,-1,2445,2464,2446,-1,2446,2464,2465,-1,2446,2465,2447,-1,2447,2465,2466,-1,2447,2466,2448,-1,2448,2466,2467,-1,2441,2440,2462,-1,2462,2440,2468,-1,2462,2468,2463,-1,2463,2468,2469,-1,2463,2469,2464,-1,2464,2469,2470,-1,2464,2470,2465,-1,2465,2470,2471,-1,2465,2471,2466,-1,2466,2471,2472,-1,2466,2472,2467,-1,2467,2472,2473,-1,2440,2439,2468,-1,2468,2439,2474,-1,2468,2474,2469,-1,2469,2474,2475,-1,2469,2475,2470,-1,2470,2475,2476,-1,2470,2476,2471,-1,2471,2476,2477,-1,2471,2477,2472,-1,2472,2477,2478,-1,2472,2478,2473,-1,2473,2478,2479,-1,2439,2438,2474,-1,2474,2438,2480,-1,2474,2480,2475,-1,2475,2480,2481,-1,2475,2481,2476,-1,2476,2481,2482,-1,2476,2482,2477,-1,2477,2482,2483,-1,2477,2483,2478,-1,2478,2483,2484,-1,2478,2484,2479,-1,2479,2484,2485,-1,2438,2437,2480,-1,2480,2437,2486,-1,2480,2486,2481,-1,2481,2486,2487,-1,2481,2487,2482,-1,2482,2487,2488,-1,2482,2488,2483,-1,2483,2488,2489,-1,2483,2489,2484,-1,2484,2489,2490,-1,2484,2490,2485,-1,2485,2490,2491,-1,2437,2436,2486,-1,2486,2436,2492,-1,2486,2492,2487,-1,2487,2492,2493,-1,2487,2493,2488,-1,2488,2493,2494,-1,2488,2494,2489,-1,2489,2494,2495,-1,2489,2495,2490,-1,2490,2495,2496,-1,2490,2496,2491,-1,2491,2496,2497,-1,2449,2498,2450,-1,2450,2498,2499,-1,2450,2499,2451,-1,2451,2499,2500,-1,2451,2500,2452,-1,2452,2500,2501,-1,2452,2501,2453,-1,2453,2501,2502,-1,2453,2502,2454,-1,2454,2502,2503,-1,2454,2503,2455,-1,2455,2503,2461,-1,2498,2504,2499,-1,2499,2504,2505,-1,2499,2505,2500,-1,2500,2505,2506,-1,2500,2506,2501,-1,2501,2506,2507,-1,2501,2507,2502,-1,2502,2507,2508,-1,2502,2508,2503,-1,2503,2508,2509,-1,2503,2509,2461,-1,2461,2509,2460,-1,2504,2510,2505,-1,2505,2510,2511,-1,2505,2511,2506,-1,2506,2511,2512,-1,2506,2512,2507,-1,2507,2512,2513,-1,2507,2513,2508,-1,2508,2513,2514,-1,2508,2514,2509,-1,2509,2514,2515,-1,2509,2515,2460,-1,2460,2515,2459,-1,2510,2516,2511,-1,2511,2516,2517,-1,2511,2517,2512,-1,2512,2517,2518,-1,2512,2518,2513,-1,2513,2518,2519,-1,2513,2519,2514,-1,2514,2519,2520,-1,2514,2520,2515,-1,2515,2520,2521,-1,2515,2521,2459,-1,2459,2521,2458,-1,2516,2522,2517,-1,2517,2522,2523,-1,2517,2523,2518,-1,2518,2523,2524,-1,2518,2524,2519,-1,2519,2524,2525,-1,2519,2525,2520,-1,2520,2525,2526,-1,2520,2526,2521,-1,2521,2526,2527,-1,2521,2527,2458,-1,2458,2527,2457,-1,2522,2528,2523,-1,2523,2528,2529,-1,2523,2529,2524,-1,2524,2529,2530,-1,2524,2530,2525,-1,2525,2530,2531,-1,2525,2531,2526,-1,2526,2531,2532,-1,2526,2532,2527,-1,2527,2532,2533,-1,2527,2533,2457,-1,2457,2533,2456,-1,2497,2528,2491,-1,2491,2528,2522,-1,2491,2522,2485,-1,2485,2522,2516,-1,2485,2516,2479,-1,2479,2516,2510,-1,2479,2510,2473,-1,2473,2510,2504,-1,2473,2504,2467,-1,2467,2504,2498,-1,2467,2498,2448,-1,2448,2498,2449,-1,
        ]
    }
}
Shape{
    appearance Appearance {
        material  Material {
            diffuseColor 0.7529411764705882 0.0 0.0
            specularColor 0.3764705882352941 0.0 0.0
            ambientIntensity 0.2251
            transparency 0.0
            shininess 0.5
        }
    }
    geometry IndexedFaceSet {
        ccw TRUE
        solid FALSE
        coord DEF co Coordinate {
            point [
                -2.3609 1.1716 0.0394, -2.3569 1.1811 0.0394, -2.3596 1.1713 0.0292, -2.3558 1.1804 0.0292, -2.3558 1.1702 0.0197, -2.3524 1.1785 0.0197, -2.3497 1.1686 0.0115, -2.3469 1.1753 0.0115, -2.3418 1.1665 0.0053, -2.3399 1.1713 0.0053, -2.3327 1.1641 0.0013, -2.3317 1.1665 0.0013, -2.3228 1.1614 0.0, -2.3507 1.1893 0.0394, -2.3497 1.1883 0.0292, -2.3469 1.1855 0.0197, -2.3425 1.1811 0.0115, -2.3368 1.1753 0.0053, -2.33 1.1686 0.0013, -2.3622 1.1614 0.0394, -2.3609 1.1614 0.0292, -2.3569 1.1614 0.0197, -2.3507 1.1614 0.0115, -2.3425 1.1614 0.0053, -2.333 1.1614 0.0013, -2.3425 1.1955 0.0394, -2.333 1.1994 0.0394, -2.3418 1.1944 0.0292, -2.3327 1.1982 0.0292, -2.3399 1.1909 0.0197, -2.3317 1.1944 0.0197, -2.3368 1.1855 0.0115, -2.33 1.1883 0.0115, -2.3327 1.1785 0.0053, -2.3279 1.1804 0.0053, -2.3279 1.1702 0.0013, -2.3255 1.1713 0.0013, -2.3228 1.2008 0.0394, -2.3228 1.1994 0.0292, -2.3228 1.1955 0.0197, -2.3228 1.1893 0.0115, -2.3228 1.1811 0.0053, -2.3228 1.1716 0.0013, -2.3228 1.2008 2.3819, -2.328 1.2005 2.3816, -2.3379 1.1978 2.3789, -2.333 1.1994 2.3805, -2.3507 1.1893 2.3704, -2.3468 1.1927 2.3738, -2.3425 1.1955 2.3766, -2.3569 1.1811 2.3622, -2.3609 1.1716 2.3527, -2.3622 1.1614 2.3425, -2.3507 0.7989 2.3704, -2.3468 0.7955 2.3738, -2.3425 0.7927 2.3766, -2.3379 0.7904 2.3789, -2.333 0.7887 2.3805, -2.328 0.7877 2.3816, -2.3228 0.7874 2.3819, -2.3569 0.8071 2.3622, -2.3609 0.8166 2.3527, -2.3622 0.8268 2.3425, -2.3228 0.7874 1.7913, -2.328 0.7877 1.791, -2.333 0.7887 1.79, -2.3379 0.7904 1.7883, -2.3425 0.7927 1.7861, -2.3468 0.7955 1.7832, -2.3507 0.7989 1.7798, -2.3569 0.8071 1.7717, -2.3609 0.8166 1.7622, -2.3622 0.8268 1.752, -2.3425 -0.7927 1.7861, -2.328 -0.7877 1.791, -2.3228 -0.7874 1.7913, -2.333 -0.7887 1.79, -2.3379 -0.7904 1.7883, -2.3507 -0.7989 1.7798, -2.3468 -0.7955 1.7832, -2.3569 -0.8071 1.7717, -2.3609 -0.8166 1.7622, -2.3622 -0.8268 1.752, -2.3507 -0.7989 2.3704, -2.3228 -0.7874 2.3819, -2.328 -0.7877 2.3816, -2.333 -0.7887 2.3805, -2.3379 -0.7904 2.3789, -2.3425 -0.7927 2.3766, -2.3468 -0.7955 2.3738, -2.3569 -0.8071 2.3622, -2.3609 -0.8166 2.3527, -2.3622 -0.8268 2.3425, -2.3507 -1.1893 2.3704, -2.3468 -1.1927 2.3738, -2.3425 -1.1955 2.3766, -2.3379 -1.1978 2.3789, -2.333 -1.1994 2.3805, -2.328 -1.2005 2.3816, -2.3228 -1.2008 2.3819, -2.3569 -1.1811 2.3622, -2.3609 -1.1716 2.3527, -2.3622 -1.1614 2.3425, -2.3622 -1.1614 0.0394, -2.3609 -1.1716 0.0394, -2.3569 -1.1811 0.0394, -2.3507 -1.1893 0.0394, -2.3425 -1.1955 0.0394, -2.333 -1.1994 0.0394, -2.3228 -1.2008 0.0394, -2.3327 -1.1982 0.0292, -2.3418 -1.1944 0.0292, -2.3317 -1.1944 0.0197, -2.3399 -1.1909 0.0197, -2.33 -1.1883 0.0115, -2.3368 -1.1855 0.0115, -2.3279 -1.1804 0.0053, -2.3327 -1.1785 0.0053, -2.3255 -1.1713 0.0013, -2.3279 -1.1702 0.0013, -2.3228 -1.1614 0.0, -2.3497 -1.1883 0.0292, -2.3469 -1.1855 0.0197, -2.3425 -1.1811 0.0115, -2.3368 -1.1753 0.0053, -2.33 -1.1686 0.0013, -2.3228 -1.1994 0.0292, -2.3228 -1.1955 0.0197, -2.3228 -1.1893 0.0115, -2.3228 -1.1811 0.0053, -2.3228 -1.1716 0.0013, -2.3558 -1.1804 0.0292, -2.3596 -1.1713 0.0292, -2.3524 -1.1785 0.0197, -2.3558 -1.1702 0.0197, -2.3469 -1.1753 0.0115, -2.3497 -1.1686 0.0115, -2.3399 -1.1713 0.0053, -2.3418 -1.1665 0.0053, -2.3317 -1.1665 0.0013, -2.3327 -1.1641 0.0013, -2.3609 -1.1614 0.0292, -2.3569 -1.1614 0.0197, -2.3507 -1.1614 0.0115, -2.3425 -1.1614 0.0053, -2.333 -1.1614 0.0013, 2.3609 -1.1716 0.0394, 2.3569 -1.1811 0.0394, 2.3596 -1.1713 0.0292, 2.3558 -1.1804 0.0292, 2.3558 -1.1702 0.0197, 2.3524 -1.1785 0.0197, 2.3497 -1.1686 0.0115, 2.3469 -1.1753 0.0115, 2.3418 -1.1665 0.0053, 2.3399 -1.1713 0.0053, 2.3327 -1.1641 0.0013, 2.3317 -1.1665 0.0013, 2.3228 -1.1614 0.0, 2.3507 -1.1893 0.0394, 2.3497 -1.1883 0.0292, 2.3469 -1.1855 0.0197, 2.3425 -1.1811 0.0115, 2.3368 -1.1753 0.0053, 2.33 -1.1686 0.0013, 2.3622 -1.1614 0.0394, 2.3609 -1.1614 0.0292, 2.3569 -1.1614 0.0197, 2.3507 -1.1614 0.0115, 2.3425 -1.1614 0.0053, 2.333 -1.1614 0.0013, 2.3425 -1.1955 0.0394, 2.333 -1.1994 0.0394, 2.3418 -1.1944 0.0292, 2.3327 -1.1982 0.0292, 2.3399 -1.1909 0.0197, 2.3317 -1.1944 0.0197, 2.3368 -1.1855 0.0115, 2.33 -1.1883 0.0115, 2.3327 -1.1785 0.0053, 2.3279 -1.1804 0.0053, 2.3279 -1.1702 0.0013, 2.3255 -1.1713 0.0013, 2.3228 -1.2008 0.0394, 2.3228 -1.1994 0.0292, 2.3228 -1.1955 0.0197, 2.3228 -1.1893 0.0115, 2.3228 -1.1811 0.0053, 2.3228 -1.1716 0.0013, 2.3228 -1.2008 2.3819, 2.328 -1.2005 2.3816, 2.3379 -1.1978 2.3789, 2.333 -1.1994 2.3805, 2.3507 -1.1893 2.3704, 2.3468 -1.1927 2.3738, 2.3425 -1.1955 2.3766, 2.3569 -1.1811 2.3622, 2.3609 -1.1716 2.3527, 2.3622 -1.1614 2.3425, 2.3507 -0.7989 2.3704, 2.3468 -0.7955 2.3738, 2.3425 -0.7927 2.3766, 2.3379 -0.7904 2.3789, 2.333 -0.7887 2.3805, 2.328 -0.7877 2.3816, 2.3228 -0.7874 2.3819, 2.3569 -0.8071 2.3622, 2.3609 -0.8166 2.3527, 2.3622 -0.8268 2.3425, 2.3228 -0.7874 1.7913, 2.328 -0.7877 1.791, 2.333 -0.7887 1.79, 2.3379 -0.7904 1.7883, 2.3425 -0.7927 1.7861, 2.3468 -0.7955 1.7832, 2.3507 -0.7989 1.7798, 2.3569 -0.8071 1.7717, 2.3609 -0.8166 1.7622, 2.3622 -0.8268 1.752, 2.333 0.7887 1.79, 2.3316 0.7885 1.7903, 2.3272 0.7876 1.7911, 2.3228 0.7874 1.7913, 2.3399 0.7913 1.7874, 2.3424 0.7929 1.7859, 2.3474 0.796 1.7827, 2.3505 0.7991 1.7796, 2.3536 0.8022 1.7765, 2.3567 0.8072 1.7715, 2.3583 0.8097 1.7691, 2.3607 0.8166 1.7621, 2.3612 0.818 1.7607, 2.3622 0.8268 1.752, 2.3567 0.8072 2.3621, 2.3536 0.8022 2.3671, 2.3228 0.7874 2.3819, 2.3272 0.7876 2.3816, 2.3316 0.7885 2.3808, 2.333 0.7887 2.3805, 2.3399 0.7913 2.378, 2.3424 0.7929 2.3764, 2.3474 0.796 2.3733, 2.3505 0.7991 2.3702, 2.3583 0.8097 2.3596, 2.3612 0.818 2.3513, 2.3607 0.8166 2.3527, 2.3622 0.8268 2.3425, 2.3228 1.2008 2.3819, 2.328 1.2005 2.3816, 2.333 1.1994 2.3805, 2.3379 1.1978 2.3789, 2.3425 1.1955 2.3766, 2.3468 1.1927 2.3738, 2.3507 1.1893 2.3704, 2.3569 1.1811 2.3622, 2.3609 1.1716 2.3527, 2.3622 1.1614 2.3425, 2.3622 1.1614 0.0394, 2.3609 1.1716 0.0394, 2.3569 1.1811 0.0394, 2.3507 1.1893 0.0394, 2.3425 1.1955 0.0394, 2.333 1.1994 0.0394, 2.3228 1.2008 0.0394, 2.3327 1.1982 0.0292, 2.3418 1.1944 0.0292, 2.3317 1.1944 0.0197, 2.3399 1.1909 0.0197, 2.33 1.1883 0.0115, 2.3368 1.1855 0.0115, 2.3279 1.1804 0.0053, 2.3327 1.1785 0.0053, 2.3255 1.1713 0.0013, 2.3279 1.1702 0.0013, 2.3228 1.1614 0.0, 2.3497 1.1883 0.0292, 2.3469 1.1855 0.0197, 2.3425 1.1811 0.0115, 2.3368 1.1753 0.0053, 2.33 1.1686 0.0013, 2.3228 1.1994 0.0292, 2.3228 1.1955 0.0197, 2.3228 1.1893 0.0115, 2.3228 1.1811 0.0053, 2.3228 1.1716 0.0013, 2.3558 1.1804 0.0292, 2.3596 1.1713 0.0292, 2.3524 1.1785 0.0197, 2.3558 1.1702 0.0197, 2.3469 1.1753 0.0115, 2.3497 1.1686 0.0115, 2.3399 1.1713 0.0053, 2.3418 1.1665 0.0053, 2.3317 1.1665 0.0013, 2.3327 1.1641 0.0013, 2.3609 1.1614 0.0292, 2.3569 1.1614 0.0197, 2.3507 1.1614 0.0115, 2.3425 1.1614 0.0053, 2.333 1.1614 0.0013, -0.1969 -1.3189 1.1417, -0.1969 -1.3189 1.4961, -0.207 -1.3176 1.4961, -0.207 -1.3176 1.1315, -0.2165 -1.3136 1.4961, -0.2165 -1.3136 1.122, -0.2247 -1.3074 1.4961, -0.2247 -1.3074 1.1139, -0.2281 -1.3035 1.1105, -0.2309 -1.2992 1.4961, -0.2309 -1.2992 1.1076, -0.2332 -1.2946 1.1054, -0.2349 -1.2897 1.4961, -0.2349 -1.2897 1.1037, -0.2359 -1.2847 1.1027, -0.2362 -1.2795 1.4961, -0.2362 -1.2795 1.1024, -0.2269 -1.2897 1.5569, -0.2231 -1.2992 1.5558, -0.217 -1.3074 1.5542, -0.2092 -1.3136 1.5521, -0.2 -1.3176 1.5496, -0.1901 -1.3189 1.547, -0.1705 -1.3189 1.5945, -0.1793 -1.3176 1.5996, -0.1392 -1.3189 1.6353, -0.1464 -1.3176 1.6425, -0.0984 -1.3189 1.6665, -0.1035 -1.3176 1.6754, -0.0509 -1.3189 1.6862, -0.0536 -1.3176 1.696, 0.0 -1.3189 1.6929, 0.0 -1.3176 1.7031, 0.0509 -1.3189 1.6862, 0.0536 -1.3176 1.696, 0.0984 -1.3189 1.6665, 0.1035 -1.3176 1.6754, 0.1392 -1.3189 1.6353, 0.1464 -1.3176 1.6425, 0.1705 -1.3189 1.5945, 0.1793 -1.3176 1.5996, 0.1901 -1.3189 1.547, 0.2 -1.3176 1.5496, 0.1969 -1.3189 1.4961, 0.207 -1.3176 1.4961, -0.1875 -1.3136 1.6043, -0.1531 -1.3136 1.6492, -0.1083 -1.3136 1.6836, -0.056 -1.3136 1.7052, 0.0 -1.3136 1.7126, 0.056 -1.3136 1.7052, 0.1083 -1.3136 1.6836, 0.1531 -1.3136 1.6492, 0.1875 -1.3136 1.6043, 0.2092 -1.3136 1.5521, 0.2165 -1.3136 1.4961, -0.1946 -1.3074 1.6084, -0.1589 -1.3074 1.6549, -0.1123 -1.3074 1.6906, -0.0582 -1.3074 1.7131, 0.0 -1.3074 1.7208, 0.0582 -1.3074 1.7131, 0.1123 -1.3074 1.6906, 0.1589 -1.3074 1.6549, 0.1946 -1.3074 1.6084, 0.217 -1.3074 1.5542, 0.2247 -1.3074 1.4961, -0.2 -1.2992 1.6115, -0.1633 -1.2992 1.6594, -0.1155 -1.2992 1.6961, -0.0598 -1.2992 1.7191, 0.0 -1.2992 1.727, 0.0598 -1.2992 1.7191, 0.1155 -1.2992 1.6961, 0.1633 -1.2992 1.6594, 0.2 -1.2992 1.6115, 0.2231 -1.2992 1.5558, 0.2309 -1.2992 1.4961, -0.2034 -1.2897 1.6135, -0.1661 -1.2897 1.6621, -0.1174 -1.2897 1.6995, -0.0608 -1.2897 1.7229, 0.0 -1.2897 1.7309, 0.0608 -1.2897 1.7229, 0.1174 -1.2897 1.6995, 0.1661 -1.2897 1.6621, 0.2034 -1.2897 1.6135, 0.2269 -1.2897 1.5569, 0.2349 -1.2897 1.4961, -0.2282 -1.2795 1.5572, -0.2046 -1.2795 1.6142, -0.167 -1.2795 1.6631, -0.1181 -1.2795 1.7006, -0.0611 -1.2795 1.7242, 0.0 -1.2795 1.7323, 0.0611 -1.2795 1.7242, 0.1181 -1.2795 1.7006, 0.167 -1.2795 1.6631, 0.2046 -1.2795 1.6142, 0.2282 -1.2795 1.5572, 0.2362 -1.2795 1.4961, 0.2165 -1.3136 1.122, 0.207 -1.3176 1.1315, 0.1969 -1.3189 1.1417, 0.2362 -1.2795 1.1024, 0.2359 -1.2847 1.1027, 0.2349 -1.2897 1.1037, 0.2332 -1.2946 1.1054, 0.2309 -1.2992 1.1076, 0.2281 -1.3035 1.1105, 0.2247 -1.3074 1.1139, 0.1969 1.3189 1.1417, 0.1969 1.3189 1.4961, 0.207 1.3176 1.4961, 0.207 1.3176 1.1315, 0.2165 1.3136 1.4961, 0.2165 1.3136 1.122, 0.2247 1.3074 1.4961, 0.2247 1.3074 1.1139, 0.2281 1.3035 1.1105, 0.2309 1.2992 1.4961, 0.2309 1.2992 1.1076, 0.2332 1.2946 1.1054, 0.2349 1.2897 1.4961, 0.2349 1.2897 1.1037, 0.2359 1.2847 1.1027, 0.2362 1.2795 1.4961, 0.2362 1.2795 1.1024, -0.1969 1.3189 1.1417, -0.207 1.3176 1.1315, -0.2165 1.3136 1.122, -0.2247 1.3074 1.1139, -0.2281 1.3035 1.1105, -0.2309 1.2992 1.1076, -0.2332 1.2946 1.1054, -0.2362 1.2795 1.1024, -0.2359 1.2847 1.1027, -0.2349 1.2897 1.1037, 0.2269 1.2897 1.5569, 0.2231 1.2992 1.5558, 0.217 1.3074 1.5542, 0.2092 1.3136 1.5521, 0.2 1.3176 1.5496, 0.1901 1.3189 1.547, 0.1705 1.3189 1.5945, 0.1793 1.3176 1.5996, 0.1392 1.3189 1.6353, 0.1464 1.3176 1.6425, 0.0984 1.3189 1.6665, 0.1035 1.3176 1.6754, 0.0509 1.3189 1.6862, 0.0536 1.3176 1.696, 0.0 1.3189 1.6929, 0.0 1.3176 1.7031, -0.0509 1.3189 1.6862, -0.0536 1.3176 1.696, -0.0984 1.3189 1.6665, -0.1035 1.3176 1.6754, -0.1392 1.3189 1.6353, -0.1464 1.3176 1.6425, -0.1705 1.3189 1.5945, -0.1793 1.3176 1.5996, -0.1901 1.3189 1.547, -0.2 1.3176 1.5496, -0.1969 1.3189 1.4961, -0.207 1.3176 1.4961, 0.1875 1.3136 1.6043, 0.1531 1.3136 1.6492, 0.1083 1.3136 1.6836, 0.056 1.3136 1.7052, 0.0 1.3136 1.7126, -0.056 1.3136 1.7052, -0.1083 1.3136 1.6836, -0.1531 1.3136 1.6492, -0.1875 1.3136 1.6043, -0.2092 1.3136 1.5521, -0.2165 1.3136 1.4961, 0.1946 1.3074 1.6084, 0.1589 1.3074 1.6549, 0.1123 1.3074 1.6906, 0.0582 1.3074 1.7131, 0.0 1.3074 1.7208, -0.0582 1.3074 1.7131, -0.1123 1.3074 1.6906, -0.1589 1.3074 1.6549, -0.1946 1.3074 1.6084, -0.217 1.3074 1.5542, -0.2247 1.3074 1.4961, 0.2 1.2992 1.6115, 0.1633 1.2992 1.6594, 0.1155 1.2992 1.6961, 0.0598 1.2992 1.7191, 0.0 1.2992 1.727, -0.0598 1.2992 1.7191, -0.1155 1.2992 1.6961, -0.1633 1.2992 1.6594, -0.2 1.2992 1.6115, -0.2231 1.2992 1.5558, -0.2309 1.2992 1.4961, 0.2034 1.2897 1.6135, 0.1661 1.2897 1.6621, 0.1174 1.2897 1.6995, 0.0608 1.2897 1.7229, 0.0 1.2897 1.7309, -0.0608 1.2897 1.7229, -0.1174 1.2897 1.6995, -0.1661 1.2897 1.6621, -0.2034 1.2897 1.6135, -0.2269 1.2897 1.5569, -0.2349 1.2897 1.4961, 0.2282 1.2795 1.5572, 0.2046 1.2795 1.6142, 0.167 1.2795 1.6631, 0.1181 1.2795 1.7006, 0.0611 1.2795 1.7242, 0.0 1.2795 1.7323, -0.0611 1.2795 1.7242, -0.1181 1.2795 1.7006, -0.167 1.2795 1.6631, -0.2046 1.2795 1.6142, -0.2282 1.2795 1.5572, -0.2362 1.2795 1.4961
            ]
        }
        coordIndex [
            0,1,2,-1,2,1,3,-1,2,3,4,-1,4,3,5,-1,4,5,6,-1,6,5,7,-1,6,7,8,-1,8,7,9,-1,8,9,10,-1,10,9,11,-1,10,11,12,-1,1,13,3,-1,3,13,14,-1,3,14,5,-1,5,14,15,-1,5,15,7,-1,7,15,16,-1,7,16,9,-1,9,16,17,-1,9,17,11,-1,11,17,18,-1,11,18,12,-1,19,0,20,-1,20,0,2,-1,20,2,21,-1,21,2,4,-1,21,4,22,-1,22,4,6,-1,22,6,23,-1,23,6,8,-1,23,8,24,-1,24,8,10,-1,24,10,12,-1,25,26,27,-1,27,26,28,-1,27,28,29,-1,29,28,30,-1,29,30,31,-1,31,30,32,-1,31,32,33,-1,33,32,34,-1,33,34,35,-1,35,34,36,-1,35,36,12,-1,26,37,28,-1,28,37,38,-1,28,38,30,-1,30,38,39,-1,30,39,32,-1,32,39,40,-1,32,40,34,-1,34,40,41,-1,34,41,36,-1,36,41,42,-1,36,42,12,-1,13,25,14,-1,14,25,27,-1,14,27,15,-1,15,27,29,-1,15,29,16,-1,16,29,31,-1,16,31,17,-1,17,31,33,-1,17,33,18,-1,18,33,35,-1,18,35,12,-1,43,37,44,-1,44,37,26,-1,25,45,26,-1,26,45,46,-1,26,46,44,-1,47,48,25,-1,25,48,49,-1,25,49,45,-1,25,13,47,-1,47,13,1,-1,47,1,50,-1,50,1,0,-1,50,0,51,-1,51,0,19,-1,51,19,52,-1,53,54,48,-1,48,54,55,-1,48,55,49,-1,49,55,56,-1,49,56,45,-1,45,56,57,-1,45,57,46,-1,46,57,58,-1,46,58,44,-1,44,58,59,-1,44,59,43,-1,48,47,53,-1,53,47,50,-1,53,50,60,-1,60,50,51,-1,60,51,61,-1,61,51,52,-1,61,52,62,-1,63,59,58,-1,63,58,64,-1,64,58,57,-1,64,57,65,-1,65,57,56,-1,65,56,66,-1,66,56,55,-1,66,55,67,-1,67,55,54,-1,67,54,68,-1,68,54,53,-1,68,53,69,-1,69,53,60,-1,69,60,70,-1,70,60,61,-1,70,61,71,-1,71,61,62,-1,71,62,72,-1,66,67,73,-1,74,75,63,-1,74,63,76,-1,76,63,64,-1,76,64,65,-1,66,73,65,-1,65,73,77,-1,65,77,76,-1,68,78,67,-1,67,78,79,-1,67,79,73,-1,68,69,78,-1,78,69,70,-1,78,70,80,-1,80,70,71,-1,80,71,81,-1,81,71,72,-1,81,72,82,-1,73,79,83,-1,84,75,85,-1,85,75,74,-1,85,74,86,-1,86,74,76,-1,86,76,87,-1,87,76,77,-1,87,77,88,-1,88,77,73,-1,88,73,89,-1,89,73,83,-1,79,78,83,-1,83,78,80,-1,83,80,90,-1,90,80,81,-1,90,81,91,-1,91,81,82,-1,91,82,92,-1,93,94,89,-1,89,94,95,-1,89,95,88,-1,88,95,96,-1,88,96,87,-1,87,96,97,-1,87,97,86,-1,86,97,98,-1,86,98,85,-1,85,98,99,-1,85,99,84,-1,89,83,93,-1,93,83,90,-1,93,90,100,-1,100,90,91,-1,100,91,101,-1,101,91,92,-1,101,92,102,-1,102,103,104,-1,102,104,101,-1,101,104,105,-1,101,105,100,-1,100,105,106,-1,100,106,93,-1,93,106,94,-1,94,106,107,-1,94,107,95,-1,95,107,96,-1,96,107,108,-1,96,108,97,-1,97,108,98,-1,98,108,109,-1,98,109,99,-1,108,107,110,-1,110,107,111,-1,110,111,112,-1,112,111,113,-1,112,113,114,-1,114,113,115,-1,114,115,116,-1,116,115,117,-1,116,117,118,-1,118,117,119,-1,118,119,120,-1,107,106,111,-1,111,106,121,-1,111,121,113,-1,113,121,122,-1,113,122,115,-1,115,122,123,-1,115,123,117,-1,117,123,124,-1,117,124,119,-1,119,124,125,-1,119,125,120,-1,109,108,126,-1,126,108,110,-1,126,110,127,-1,127,110,112,-1,127,112,128,-1,128,112,114,-1,128,114,129,-1,129,114,116,-1,129,116,130,-1,130,116,118,-1,130,118,120,-1,105,104,131,-1,131,104,132,-1,131,132,133,-1,133,132,134,-1,133,134,135,-1,135,134,136,-1,135,136,137,-1,137,136,138,-1,137,138,139,-1,139,138,140,-1,139,140,120,-1,104,103,132,-1,132,103,141,-1,132,141,134,-1,134,141,142,-1,134,142,136,-1,136,142,143,-1,136,143,138,-1,138,143,144,-1,138,144,140,-1,140,144,145,-1,140,145,120,-1,106,105,121,-1,121,105,131,-1,121,131,122,-1,122,131,133,-1,122,133,123,-1,123,133,135,-1,123,135,124,-1,124,135,137,-1,124,137,125,-1,125,137,139,-1,125,139,120,-1,146,147,148,-1,148,147,149,-1,148,149,150,-1,150,149,151,-1,150,151,152,-1,152,151,153,-1,152,153,154,-1,154,153,155,-1,154,155,156,-1,156,155,157,-1,156,157,158,-1,147,159,149,-1,149,159,160,-1,149,160,151,-1,151,160,161,-1,151,161,153,-1,153,161,162,-1,153,162,155,-1,155,162,163,-1,155,163,157,-1,157,163,164,-1,157,164,158,-1,165,146,166,-1,166,146,148,-1,166,148,167,-1,167,148,150,-1,167,150,168,-1,168,150,152,-1,168,152,169,-1,169,152,154,-1,169,154,170,-1,170,154,156,-1,170,156,158,-1,171,172,173,-1,173,172,174,-1,173,174,175,-1,175,174,176,-1,175,176,177,-1,177,176,178,-1,177,178,179,-1,179,178,180,-1,179,180,181,-1,181,180,182,-1,181,182,158,-1,172,183,174,-1,174,183,184,-1,174,184,176,-1,176,184,185,-1,176,185,178,-1,178,185,186,-1,178,186,180,-1,180,186,187,-1,180,187,182,-1,182,187,188,-1,182,188,158,-1,159,171,160,-1,160,171,173,-1,160,173,161,-1,161,173,175,-1,161,175,162,-1,162,175,177,-1,162,177,163,-1,163,177,179,-1,163,179,164,-1,164,179,181,-1,164,181,158,-1,189,183,190,-1,190,183,172,-1,171,191,172,-1,172,191,192,-1,172,192,190,-1,193,194,171,-1,171,194,195,-1,171,195,191,-1,171,159,193,-1,193,159,147,-1,193,147,196,-1,196,147,146,-1,196,146,197,-1,197,146,165,-1,197,165,198,-1,199,200,194,-1,194,200,201,-1,194,201,195,-1,195,201,202,-1,195,202,191,-1,191,202,203,-1,191,203,192,-1,192,203,204,-1,192,204,190,-1,190,204,205,-1,190,205,189,-1,194,193,199,-1,199,193,196,-1,199,196,206,-1,206,196,197,-1,206,197,207,-1,207,197,198,-1,207,198,208,-1,209,205,204,-1,209,204,210,-1,210,204,203,-1,210,203,211,-1,211,203,202,-1,211,202,212,-1,212,202,201,-1,212,201,213,-1,213,201,200,-1,213,200,214,-1,214,200,199,-1,214,199,215,-1,215,199,206,-1,215,206,216,-1,216,206,207,-1,216,207,217,-1,217,207,208,-1,217,208,218,-1,219,220,209,-1,209,220,221,-1,209,221,222,-1,209,210,219,-1,219,210,211,-1,219,211,223,-1,223,211,224,-1,211,212,224,-1,224,212,213,-1,224,213,225,-1,225,213,226,-1,213,214,226,-1,226,214,215,-1,226,215,227,-1,227,215,228,-1,228,215,216,-1,228,216,229,-1,229,216,230,-1,230,216,217,-1,230,217,231,-1,231,217,218,-1,231,218,232,-1,233,234,227,-1,235,222,236,-1,236,222,221,-1,236,221,237,-1,237,221,220,-1,237,220,238,-1,238,220,219,-1,238,219,239,-1,239,219,223,-1,239,223,240,-1,240,223,224,-1,240,224,241,-1,241,224,225,-1,241,225,242,-1,242,225,234,-1,234,225,226,-1,234,226,227,-1,233,227,243,-1,243,227,228,-1,243,228,229,-1,230,244,229,-1,229,244,245,-1,229,245,243,-1,230,231,244,-1,244,231,232,-1,244,232,246,-1,235,236,247,-1,247,236,237,-1,247,237,248,-1,248,237,238,-1,248,238,249,-1,249,238,250,-1,250,238,239,-1,250,239,251,-1,251,239,240,-1,251,240,252,-1,252,240,241,-1,252,241,253,-1,241,242,253,-1,253,242,234,-1,253,234,254,-1,234,233,254,-1,254,233,243,-1,254,243,255,-1,246,256,244,-1,244,256,255,-1,244,255,245,-1,245,255,243,-1,256,257,258,-1,256,258,255,-1,255,258,259,-1,255,259,254,-1,254,259,260,-1,254,260,253,-1,253,260,252,-1,252,260,261,-1,252,261,251,-1,251,261,250,-1,250,261,262,-1,250,262,249,-1,249,262,248,-1,248,262,263,-1,248,263,247,-1,262,261,264,-1,264,261,265,-1,264,265,266,-1,266,265,267,-1,266,267,268,-1,268,267,269,-1,268,269,270,-1,270,269,271,-1,270,271,272,-1,272,271,273,-1,272,273,274,-1,261,260,265,-1,265,260,275,-1,265,275,267,-1,267,275,276,-1,267,276,269,-1,269,276,277,-1,269,277,271,-1,271,277,278,-1,271,278,273,-1,273,278,279,-1,273,279,274,-1,263,262,280,-1,280,262,264,-1,280,264,281,-1,281,264,266,-1,281,266,282,-1,282,266,268,-1,282,268,283,-1,283,268,270,-1,283,270,284,-1,284,270,272,-1,284,272,274,-1,259,258,285,-1,285,258,286,-1,285,286,287,-1,287,286,288,-1,287,288,289,-1,289,288,290,-1,289,290,291,-1,291,290,292,-1,291,292,293,-1,293,292,294,-1,293,294,274,-1,258,257,286,-1,286,257,295,-1,286,295,288,-1,288,295,296,-1,288,296,290,-1,290,296,297,-1,290,297,292,-1,292,297,298,-1,292,298,294,-1,294,298,299,-1,294,299,274,-1,260,259,275,-1,275,259,285,-1,275,285,276,-1,276,285,287,-1,276,287,277,-1,277,287,289,-1,277,289,278,-1,278,289,291,-1,278,291,279,-1,279,291,293,-1,279,293,274,-1,300,301,302,-1,300,302,303,-1,303,302,304,-1,303,304,305,-1,305,304,306,-1,305,306,307,-1,307,306,308,-1,308,306,309,-1,308,309,310,-1,310,309,311,-1,311,309,312,-1,311,312,313,-1,313,312,314,-1,314,312,315,-1,314,315,316,-1,315,312,317,-1,312,309,318,-1,309,306,319,-1,306,304,320,-1,304,302,321,-1,302,301,322,-1,302,322,321,-1,321,322,323,-1,321,323,324,-1,324,323,325,-1,324,325,326,-1,326,325,327,-1,326,327,328,-1,328,327,329,-1,328,329,330,-1,330,329,331,-1,330,331,332,-1,332,331,333,-1,332,333,334,-1,334,333,335,-1,334,335,336,-1,336,335,337,-1,336,337,338,-1,338,337,339,-1,338,339,340,-1,340,339,341,-1,340,341,342,-1,342,341,343,-1,342,343,344,-1,304,321,320,-1,320,321,324,-1,320,324,345,-1,345,324,326,-1,345,326,346,-1,346,326,328,-1,346,328,347,-1,347,328,330,-1,347,330,348,-1,348,330,332,-1,348,332,349,-1,349,332,334,-1,349,334,350,-1,350,334,336,-1,350,336,351,-1,351,336,338,-1,351,338,352,-1,352,338,340,-1,352,340,353,-1,353,340,342,-1,353,342,354,-1,354,342,344,-1,354,344,355,-1,306,320,319,-1,319,320,345,-1,319,345,356,-1,356,345,346,-1,356,346,357,-1,357,346,347,-1,357,347,358,-1,358,347,348,-1,358,348,359,-1,359,348,349,-1,359,349,360,-1,360,349,350,-1,360,350,361,-1,361,350,351,-1,361,351,362,-1,362,351,352,-1,362,352,363,-1,363,352,353,-1,363,353,364,-1,364,353,354,-1,364,354,365,-1,365,354,355,-1,365,355,366,-1,309,319,318,-1,318,319,356,-1,318,356,367,-1,367,356,357,-1,367,357,368,-1,368,357,358,-1,368,358,369,-1,369,358,359,-1,369,359,370,-1,370,359,360,-1,370,360,371,-1,371,360,361,-1,371,361,372,-1,372,361,362,-1,372,362,373,-1,373,362,363,-1,373,363,374,-1,374,363,364,-1,374,364,375,-1,375,364,365,-1,375,365,376,-1,376,365,366,-1,376,366,377,-1,312,318,317,-1,317,318,367,-1,317,367,378,-1,378,367,368,-1,378,368,379,-1,379,368,369,-1,379,369,380,-1,380,369,370,-1,380,370,381,-1,381,370,371,-1,381,371,382,-1,382,371,372,-1,382,372,383,-1,383,372,373,-1,383,373,384,-1,384,373,374,-1,384,374,385,-1,385,374,375,-1,385,375,386,-1,386,375,376,-1,386,376,387,-1,387,376,377,-1,387,377,388,-1,315,317,389,-1,389,317,378,-1,389,378,390,-1,390,378,379,-1,390,379,391,-1,391,379,380,-1,391,380,392,-1,392,380,381,-1,392,381,393,-1,393,381,382,-1,393,382,394,-1,394,382,383,-1,394,383,395,-1,395,383,384,-1,395,384,396,-1,396,384,385,-1,396,385,397,-1,397,385,386,-1,397,386,398,-1,398,386,387,-1,398,387,399,-1,399,387,388,-1,399,388,400,-1,307,401,305,-1,305,401,402,-1,305,402,303,-1,303,402,403,-1,303,403,300,-1,316,404,314,-1,314,404,405,-1,314,405,313,-1,313,405,406,-1,313,406,311,-1,311,406,407,-1,311,407,310,-1,310,407,408,-1,310,408,308,-1,308,408,409,-1,308,409,307,-1,307,409,410,-1,307,410,401,-1,404,400,405,-1,405,400,388,-1,377,407,388,-1,388,407,406,-1,388,406,405,-1,410,409,377,-1,377,409,408,-1,377,408,407,-1,377,366,410,-1,410,366,355,-1,410,355,401,-1,401,355,344,-1,401,344,402,-1,402,344,343,-1,402,343,403,-1,411,412,413,-1,411,413,414,-1,414,413,415,-1,414,415,416,-1,416,415,417,-1,416,417,418,-1,418,417,419,-1,419,417,420,-1,419,420,421,-1,421,420,422,-1,422,420,423,-1,422,423,424,-1,424,423,425,-1,425,423,426,-1,425,426,427,-1,428,411,414,-1,428,414,429,-1,429,414,416,-1,429,416,430,-1,430,416,418,-1,430,418,431,-1,431,418,432,-1,432,418,419,-1,432,419,433,-1,424,434,422,-1,422,434,433,-1,422,433,421,-1,421,433,419,-1,427,435,425,-1,425,435,436,-1,425,436,424,-1,424,436,437,-1,424,437,434,-1,426,423,438,-1,423,420,439,-1,420,417,440,-1,417,415,441,-1,415,413,442,-1,413,412,443,-1,413,443,442,-1,442,443,444,-1,442,444,445,-1,445,444,446,-1,445,446,447,-1,447,446,448,-1,447,448,449,-1,449,448,450,-1,449,450,451,-1,451,450,452,-1,451,452,453,-1,453,452,454,-1,453,454,455,-1,455,454,456,-1,455,456,457,-1,457,456,458,-1,457,458,459,-1,459,458,460,-1,459,460,461,-1,461,460,462,-1,461,462,463,-1,463,462,464,-1,463,464,465,-1,415,442,441,-1,441,442,445,-1,441,445,466,-1,466,445,447,-1,466,447,467,-1,467,447,449,-1,467,449,468,-1,468,449,451,-1,468,451,469,-1,469,451,453,-1,469,453,470,-1,470,453,455,-1,470,455,471,-1,471,455,457,-1,471,457,472,-1,472,457,459,-1,472,459,473,-1,473,459,461,-1,473,461,474,-1,474,461,463,-1,474,463,475,-1,475,463,465,-1,475,465,476,-1,417,441,440,-1,440,441,466,-1,440,466,477,-1,477,466,467,-1,477,467,478,-1,478,467,468,-1,478,468,479,-1,479,468,469,-1,479,469,480,-1,480,469,470,-1,480,470,481,-1,481,470,471,-1,481,471,482,-1,482,471,472,-1,482,472,483,-1,483,472,473,-1,483,473,484,-1,484,473,474,-1,484,474,485,-1,485,474,475,-1,485,475,486,-1,486,475,476,-1,486,476,487,-1,420,440,439,-1,439,440,477,-1,439,477,488,-1,488,477,478,-1,488,478,489,-1,489,478,479,-1,489,479,490,-1,490,479,480,-1,490,480,491,-1,491,480,481,-1,491,481,492,-1,492,481,482,-1,492,482,493,-1,493,482,483,-1,493,483,494,-1,494,483,484,-1,494,484,495,-1,495,484,485,-1,495,485,496,-1,496,485,486,-1,496,486,497,-1,497,486,487,-1,497,487,498,-1,423,439,438,-1,438,439,488,-1,438,488,499,-1,499,488,489,-1,499,489,500,-1,500,489,490,-1,500,490,501,-1,501,490,491,-1,501,491,502,-1,502,491,492,-1,502,492,503,-1,503,492,493,-1,503,493,504,-1,504,493,494,-1,504,494,505,-1,505,494,495,-1,505,495,506,-1,506,495,496,-1,506,496,507,-1,507,496,497,-1,507,497,508,-1,508,497,498,-1,508,498,509,-1,426,438,510,-1,510,438,499,-1,510,499,511,-1,511,499,500,-1,511,500,512,-1,512,500,501,-1,512,501,513,-1,513,501,502,-1,513,502,514,-1,514,502,503,-1,514,503,515,-1,515,503,504,-1,515,504,516,-1,516,504,505,-1,516,505,517,-1,517,505,506,-1,517,506,518,-1,518,506,507,-1,518,507,519,-1,519,507,508,-1,519,508,520,-1,520,508,509,-1,520,509,521,-1,435,521,436,-1,436,521,509,-1,498,434,509,-1,509,434,437,-1,509,437,436,-1,431,432,498,-1,498,432,433,-1,498,433,434,-1,498,487,431,-1,431,487,476,-1,431,476,430,-1,430,476,465,-1,430,465,429,-1,429,465,464,-1,429,464,428,-1,
        ]
    }
}
Shape{
    appearance Appearance {
        material  Material {
            diffuseColor 1.0 1.0 1.0
            specularColor 0.5019607843137255 0.5019607843137255 0.5019607843137255
            ambientIntensity 1.0
            transparency 0.0
            shininess 0.5
        }
    }
    geometry IndexedFaceSet {
        ccw TRUE
        solid FALSE
        coord DEF co Coordinate {
            point [
                -1.6466 1.2992 1.4104, -2.3622 1.2992 2.3819, -1.6417 1.2992 1.4142, -2.3622 1.2992 2.4016, -1.636 1.2992 1.4165, -1.6504 1.2992 1.4055, -1.6527 1.2992 1.3998, -2.3622 1.2992 0.5354, -1.6535 1.2992 1.3937, -0.1181 1.2992 1.7006, -0.167 1.2992 1.6631, -0.7992 1.2992 1.4142, -0.2046 1.2992 1.6142, -0.7943 1.2992 1.4104, -0.2282 1.2992 1.5572, -0.7906 1.2992 1.4055, -2.3438 1.2992 0.5124, -1.6504 1.2992 0.9173, -2.3386 1.2992 0.5118, -1.6466 1.2992 0.9124, -1.6417 1.2992 0.9087, 2.3622 1.2992 2.4016, 0.0611 1.2992 1.7242, 0.0 1.2992 1.7323, 0.7943 1.2992 0.9124, 0.7992 1.2992 0.9087, 0.2598 1.2992 0.5118, -2.3488 1.2992 0.5142, -2.3533 1.2992 0.517, -2.3571 1.2992 0.5207, -1.6535 1.2992 0.9291, -1.6527 1.2992 0.923, -2.3616 1.2992 0.5302, -2.3599 1.2992 0.5252, -1.636 1.2992 0.9063, -1.6299 1.2992 0.9055, -0.2598 1.2992 0.5118, -0.811 1.2992 0.9055, -0.8049 1.2992 0.9063, -0.0611 1.2992 1.7242, 0.2282 1.2992 1.5572, 0.2046 1.2992 1.6142, 0.7943 1.2992 1.4104, 0.167 1.2992 1.6631, 0.7992 1.2992 1.4142, 0.1181 1.2992 1.7006, 0.8049 1.2992 1.4165, 0.811 1.2992 1.4173, 1.6299 1.2992 1.4173, 1.636 1.2992 1.4165, -0.8049 1.2992 1.4165, -0.811 1.2992 1.4173, -1.6299 1.2992 1.4173, 0.7882 1.2992 0.923, 0.7906 1.2992 0.9173, 0.2362 1.2992 0.5354, -0.7992 1.2992 0.9087, -0.7943 1.2992 0.9124, -0.2537 1.2992 0.5126, -0.7906 1.2992 0.9173, 0.8049 1.2992 0.9063, 0.811 1.2992 0.9055, 2.3386 1.2992 0.5118, 1.6299 1.2992 0.9055, 1.636 1.2992 0.9063, 1.6527 1.2992 1.3998, 1.6504 1.2992 1.4055, 2.3622 1.2992 2.3819, 1.6466 1.2992 1.4104, 1.6417 1.2992 1.4142, -0.2394 1.2992 0.5236, -0.237 1.2992 0.5293, -0.2362 1.2992 0.5354, 0.248 1.2992 0.515, 0.2431 1.2992 0.5187, 1.6417 1.2992 0.9087, 1.6466 1.2992 0.9124, 2.3447 1.2992 0.5126, 1.6504 1.2992 0.9173, 2.3504 1.2992 0.515, 2.3622 1.2992 0.5354, 2.3614 1.2992 0.5293, -0.2431 1.2992 0.5187, -0.248 1.2992 0.515, 2.359 1.2992 0.5236, 2.3553 1.2992 0.5187, 1.6527 1.2992 0.923, 1.6535 1.2992 0.9291, 1.6535 1.2992 1.3937, -0.7882 1.2992 0.923, -0.7874 1.2992 0.9291, -0.2362 1.2992 1.4961, -0.7874 1.2992 1.3937, -0.7882 1.2992 1.3998, 0.7906 1.2992 1.4055, 0.7882 1.2992 1.3998, 0.2362 1.2992 1.4961, 0.7874 1.2992 1.3937, 0.7874 1.2992 0.9291, 0.2394 1.2992 0.5236, 0.237 1.2992 0.5293, 0.2537 1.2992 0.5126, -1.6527 1.2008 1.3998, -1.6504 1.2008 1.4055, -2.3622 1.2008 2.3819, -1.636 1.2008 0.9063, -1.6417 1.2008 0.9087, -2.3386 1.2008 0.5118, -1.6466 1.2008 0.9124, -2.3438 1.2008 0.5124, -1.6504 1.2008 0.9173, -2.3488 1.2008 0.5142, -2.3599 1.2008 0.5252, -2.3571 1.2008 0.5207, -2.3533 1.2008 0.517, -1.6299 1.2008 1.4173, -0.811 1.2008 1.4173, -0.1181 1.2008 1.7006, -0.8049 1.2008 1.4165, -0.7992 1.2008 1.4142, -0.7943 1.2008 1.4104, -0.2598 1.2008 0.5118, -0.7943 1.2008 0.9124, -0.7992 1.2008 0.9087, -2.3616 1.2008 0.5302, -1.6527 1.2008 0.923, -2.3622 1.2008 0.5354, -1.6535 1.2008 0.9291, -1.6535 1.2008 1.3937, -0.7874 1.2008 0.9291, -0.2362 1.2008 0.5354, -0.7874 1.2008 1.3937, -0.2362 1.2008 1.4961, -0.7882 1.2008 1.3998, -0.2282 1.2008 1.5572, -0.7906 1.2008 1.4055, -0.2046 1.2008 1.6142, -0.167 1.2008 1.6631, -0.2537 1.2008 0.5126, -0.248 1.2008 0.515, -0.2431 1.2008 0.5187, -0.7882 1.2008 0.923, -0.7906 1.2008 0.9173, -0.237 1.2008 0.5293, -0.2394 1.2008 0.5236, 1.6504 1.2008 1.4055, 1.6527 1.2008 1.3998, 2.3622 1.2008 2.3819, 1.6535 1.2008 1.3937, 2.3622 1.2008 0.5354, 0.7882 1.2008 1.3998, 0.2282 1.2008 1.5572, 0.2362 1.2008 1.4961, -0.8049 1.2008 0.9063, -0.811 1.2008 0.9055, -1.6299 1.2008 0.9055, 0.2362 1.2008 0.5354, 0.7882 1.2008 0.923, 0.7874 1.2008 0.9291, 0.2046 1.2008 1.6142, 0.7906 1.2008 1.4055, 0.167 1.2008 1.6631, 1.636 1.2008 1.4165, 1.6417 1.2008 1.4142, 1.6466 1.2008 1.4104, 2.3447 1.2008 0.5126, 2.3504 1.2008 0.515, 1.6504 1.2008 0.9173, 2.3553 1.2008 0.5187, 2.3386 1.2008 0.5118, 1.6466 1.2008 0.9124, 1.6417 1.2008 0.9087, 1.6535 1.2008 0.9291, 1.6527 1.2008 0.923, 2.3614 1.2008 0.5293, 2.359 1.2008 0.5236, 1.636 1.2008 0.9063, 1.6299 1.2008 0.9055, 0.2598 1.2008 0.5118, 0.811 1.2008 0.9055, 0.8049 1.2008 0.9063, 0.7874 1.2008 1.3937, 0.2431 1.2008 0.5187, 0.248 1.2008 0.515, 0.7943 1.2008 0.9124, -1.6466 1.2008 1.4104, -1.6417 1.2008 1.4142, -1.636 1.2008 1.4165, 0.1181 1.2008 1.7006, 0.7943 1.2008 1.4104, 0.7992 1.2008 1.4142, 0.7906 1.2008 0.9173, 0.237 1.2008 0.5293, 0.2394 1.2008 0.5236, 0.7992 1.2008 0.9087, 0.2537 1.2008 0.5126, -0.0611 1.2008 1.7242, 0.0 1.2008 1.7323, 0.0611 1.2008 1.7242, 0.8049 1.2008 1.4165, 0.811 1.2008 1.4173, 1.6299 1.2008 1.4173, 2.3386 -1.2992 0.5118, 0.2598 -1.2992 0.5118, 2.3386 -1.2008 0.5118, 0.2598 -1.2008 0.5118, -3.8583 -1.1614 2.4803, -3.8583 -0.5118 2.4803, -3.8583 -1.1614 2.3819, -3.8583 -0.5118 2.3819, 3.8583 0.5118 2.3819, 3.8583 1.1614 2.3819, 3.8583 0.5118 2.4803, 3.8583 1.1614 2.4803, 3.8189 0.4724 2.3819, 2.9134 0.4724 2.3819, 2.457 -0.1223 2.3819, 2.5042 -0.2362 2.3819, 2.4352 -1.2041 2.3819, 2.3622 -1.2992 2.3819, 2.3622 -1.2008 2.3819, 2.3656 -1.2737 2.3819, 2.3754 -1.25 2.3819, 2.3656 1.2737 2.3819, 2.3754 1.25 2.3819, 2.5793 -0.3341 2.3819, 2.6772 -0.4091 2.3819, 2.4606 -1.2008 2.3819, 2.7911 -0.4563 2.3819, 2.9134 -0.4724 2.3819, 2.4409 0.0 2.3819, 2.4114 -1.214 2.3819, 2.391 -1.2296 2.3819, -1.1519 0.8057 2.3819, -1.1614 0.8018 2.3819, -2.3754 -1.25 2.3819, -2.3622 -1.2008 2.3819, -2.3656 -1.2737 2.3819, -2.3622 -1.2992 2.3819, 2.391 1.2296 2.3819, 2.4114 1.214 2.3819, -2.391 -1.2296 2.3819, -2.4114 -1.214 2.3819, -2.9134 -0.4724 2.3819, -2.4352 -1.2041 2.3819, -2.4606 -1.2008 2.3819, 3.8569 -0.5016 2.3819, 3.8583 -0.5118 2.3819, 3.8189 -0.4724 2.3819, -2.3656 1.2737 2.3819, -2.3754 1.25 2.3819, -1.1811 0.7677 2.3819, -3.8583 1.1614 2.3819, -1.1798 0.7779 2.3819, 1.1798 0.7779 2.3819, 1.1758 0.7874 2.3819, 1.1696 0.7956 2.3819, 1.1614 0.8018 2.3819, -3.8569 -1.1716 2.3819, -3.8189 -1.2008 2.3819, 3.8386 -0.4777 2.3819, 3.8467 -0.484 2.3819, 3.853 -0.4921 2.3819, -2.4352 1.2041 2.3819, -2.4114 1.214 2.3819, -2.391 1.2296 2.3819, -1.1696 0.7956 2.3819, -1.1758 0.7874 2.3819, -2.5042 0.2362 2.3819, -2.5793 0.3341 2.3819, -1.1798 -0.7779 2.3819, -1.1758 -0.7874 2.3819, -1.1696 -0.7956 2.3819, -1.1614 -0.8018 2.3819, 1.1519 -0.8057 2.3819, 1.1614 -0.8018 2.3819, 1.1696 -0.7956 2.3819, 1.1758 -0.7874 2.3819, 1.1519 0.8057 2.3819, 1.1417 0.8071 2.3819, -1.1417 0.8071 2.3819, -3.8386 -1.1955 2.3819, -3.8467 -1.1893 2.3819, -3.853 -1.1811 2.3819, -1.1811 -0.7677 2.3819, -2.5042 -0.2362 2.3819, 1.1811 0.7677 2.3819, 2.5042 0.2362 2.3819, 2.4352 1.2041 2.3819, 2.4606 1.2008 2.3819, 3.8189 1.2008 2.3819, 3.8569 1.1716 2.3819, 3.8291 -0.4738 2.3819, 3.8583 -1.1614 2.3819, 3.8189 -1.2008 2.3819, 3.8569 -1.1716 2.3819, 3.853 -1.1811 2.3819, -2.4606 1.2008 2.3819, -3.8189 1.2008 2.3819, -3.8569 1.1716 2.3819, -3.853 1.1811 2.3819, -2.457 -0.1223 2.3819, -2.4409 0.0 2.3819, -2.457 0.1223 2.3819, -1.1519 -0.8057 2.3819, -1.1417 -0.8071 2.3819, 1.1417 -0.8071 2.3819, -3.8291 -1.1994 2.3819, -3.8189 -0.4724 2.3819, -3.8569 -0.5016 2.3819, -3.853 -0.4921 2.3819, 3.8386 1.1955 2.3819, 3.8467 1.1893 2.3819, 3.853 1.1811 2.3819, 3.8467 -1.1893 2.3819, 3.8386 -1.1955 2.3819, 3.8291 -1.1994 2.3819, -3.8467 1.1893 2.3819, -3.8386 1.1955 2.3819, -3.8291 1.1994 2.3819, 2.7911 0.4563 2.3819, 2.6772 0.4091 2.3819, 2.5793 0.3341 2.3819, -3.8467 -0.484 2.3819, -3.8386 -0.4777 2.3819, -3.8291 -0.4738 2.3819, 3.8434 0.481 2.3819, 3.836 0.4763 2.3819, 3.8497 0.4873 2.3819, 3.8544 0.4947 2.3819, 3.8573 0.5031 2.3819, 3.8277 0.4734 2.3819, -2.7911 -0.4563 2.3819, -2.6772 -0.4091 2.3819, -2.5793 -0.3341 2.3819, -2.6772 0.4091 2.3819, -2.7911 0.4563 2.3819, -2.9134 0.4724 2.3819, -3.8583 0.5118 2.3819, -3.8189 0.4724 2.3819, -3.8569 0.5016 2.3819, 3.8291 1.1994 2.3819, -3.8386 0.4777 2.3819, -3.8467 0.484 2.3819, -3.853 0.4921 2.3819, 1.1798 -0.7779 2.3819, 1.1811 -0.7677 2.3819, 2.457 0.1223 2.3819, -3.8291 0.4738 2.3819, -3.8583 0.5118 2.4803, -3.8583 1.1614 2.4803, 1.6466 -1.2992 0.9124, 1.6417 -1.2992 0.9087, -0.2282 -1.2992 1.5572, -0.2046 -1.2992 1.6142, -0.7943 -1.2992 1.4104, -0.7992 -1.2992 1.4142, -0.2537 -1.2992 0.5126, -0.7906 -1.2992 0.9173, -0.2598 -1.2992 0.5118, -0.7943 -1.2992 0.9124, -0.7992 -1.2992 0.9087, -0.248 -1.2992 0.515, -0.2431 -1.2992 0.5187, -0.2394 -1.2992 0.5236, -0.237 -1.2992 0.5293, -0.2362 -1.2992 0.5354, -0.7882 -1.2992 0.923, 2.3622 -1.2992 0.5354, 1.6535 -1.2992 1.3937, 0.7992 -1.2992 1.4142, 0.1181 -1.2992 1.7006, 0.167 -1.2992 1.6631, -2.3622 -1.2992 0.5354, -2.3614 -1.2992 0.5293, -1.6504 -1.2992 0.9173, -0.8049 -1.2992 0.9063, -0.811 -1.2992 0.9055, -2.3386 -1.2992 0.5118, -1.6299 -1.2992 0.9055, -1.636 -1.2992 0.9063, 0.7906 -1.2992 1.4055, 0.7943 -1.2992 1.4104, 0.2282 -1.2992 1.5572, 0.2046 -1.2992 1.6142, -1.6417 -1.2992 0.9087, -1.6466 -1.2992 0.9124, -2.3447 -1.2992 0.5126, -2.3504 -1.2992 0.515, -2.359 -1.2992 0.5236, -2.3553 -1.2992 0.5187, -1.6527 -1.2992 0.923, -1.6535 -1.2992 0.9291, -1.6535 -1.2992 1.3937, -1.6527 -1.2992 1.3998, 1.6466 -1.2992 1.4104, 1.6504 -1.2992 1.4055, 1.6527 -1.2992 1.3998, -0.7906 -1.2992 1.4055, -0.7882 -1.2992 1.3998, -0.2362 -1.2992 1.4961, -0.7874 -1.2992 1.3937, -0.7874 -1.2992 0.9291, 1.6535 -1.2992 0.9291, 1.6527 -1.2992 0.923, 2.3614 -1.2992 0.5293, 1.6504 -1.2992 0.9173, 2.3447 -1.2992 0.5126, 2.3504 -1.2992 0.515, 1.636 -1.2992 0.9063, 1.6299 -1.2992 0.9055, 0.811 -1.2992 0.9055, 0.8049 -1.2992 0.9063, 2.3553 -1.2992 0.5187, 2.359 -1.2992 0.5236, 2.3622 -1.2992 2.4016, 1.636 -1.2992 1.4165, 1.6417 -1.2992 1.4142, 0.2362 -1.2992 0.5354, 0.237 -1.2992 0.5293, 0.7906 -1.2992 0.9173, 0.2394 -1.2992 0.5236, 0.2431 -1.2992 0.5187, -0.167 -1.2992 1.6631, -0.1181 -1.2992 1.7006, -0.8049 -1.2992 1.4165, -0.811 -1.2992 1.4173, 0.0611 -1.2992 1.7242, 0.7992 -1.2992 0.9087, 0.7943 -1.2992 0.9124, 0.2537 -1.2992 0.5126, 0.248 -1.2992 0.515, 0.7882 -1.2992 0.923, 0.7874 -1.2992 0.9291, 0.2362 -1.2992 1.4961, 0.7874 -1.2992 1.3937, 0.7882 -1.2992 1.3998, -1.6504 -1.2992 1.4055, -1.6466 -1.2992 1.4104, -2.3622 -1.2992 2.4016, -1.6417 -1.2992 1.4142, -1.636 -1.2992 1.4165, 0.8049 -1.2992 1.4165, 0.811 -1.2992 1.4173, 1.6299 -1.2992 1.4173, 0.0 -1.2992 1.7323, -0.0611 -1.2992 1.7242, -1.6299 -1.2992 1.4173, 3.8583 -1.1614 2.4803, 3.8583 -0.5118 2.4803, 2.5793 -0.3341 2.4803, 2.5042 -0.2362 2.4803, 1.1758 -0.7874 2.4803, -1.1519 -0.8057 2.4803, -1.1614 -0.8018 2.4803, -2.4016 -1.2205 2.4803, 2.6772 -0.4091 2.4803, 1.1519 0.8057 2.4803, 1.1614 0.8018 2.4803, 2.4016 1.2205 2.4803, 2.4016 -1.2205 2.4803, 2.4114 -1.214 2.4803, 2.4352 -1.2041 2.4803, 2.7911 -0.4563 2.4803, 2.4606 -1.2008 2.4803, 2.9134 -0.4724 2.4803, 1.1696 -0.7956 2.4803, 1.1614 -0.8018 2.4803, 1.1798 0.7779 2.4803, 1.1811 0.7677 2.4803, 2.4606 1.2008 2.4803, 3.8189 1.2008 2.4803, 3.8569 1.1716 2.4803, 3.853 1.1811 2.4803, 2.4409 0.0 2.4803, 2.457 -0.1223 2.4803, 1.1811 -0.7677 2.4803, 1.1798 -0.7779 2.4803, 2.457 0.1223 2.4803, 2.5042 0.2362 2.4803, 2.5793 0.3341 2.4803, -1.1696 0.7956 2.4803, -1.1614 0.8018 2.4803, -2.4016 1.2205 2.4803, 1.1696 0.7956 2.4803, 1.1758 0.7874 2.4803, 2.4114 1.214 2.4803, 2.4352 1.2041 2.4803, 3.8467 1.1893 2.4803, 3.8386 1.1955 2.4803, 3.8291 1.1994 2.4803, 3.8569 -1.1716 2.4803, 3.8189 -1.2008 2.4803, 2.6772 0.4091 2.4803, 2.7911 0.4563 2.4803, 2.9134 0.4724 2.4803, 3.8189 0.4724 2.4803, 3.8573 0.5031 2.4803, 3.8544 0.4947 2.4803, -2.9134 0.4724 2.4803, -2.7911 0.4563 2.4803, -2.4606 1.2008 2.4803, 3.8386 -1.1955 2.4803, 3.8467 -1.1893 2.4803, 3.853 -1.1811 2.4803, 3.8277 0.4734 2.4803, 3.836 0.4763 2.4803, 3.8497 0.4873 2.4803, 3.8434 0.481 2.4803, 1.1519 -0.8057 2.4803, 1.1417 -0.8071 2.4803, -1.1417 -0.8071 2.4803, -1.1696 -0.7956 2.4803, -1.1758 -0.7874 2.4803, -2.4114 -1.214 2.4803, -1.1798 -0.7779 2.4803, -2.4352 -1.2041 2.4803, -2.4606 -1.2008 2.4803, -1.1811 -0.7677 2.4803, -2.457 -0.1223 2.4803, -2.7911 -0.4563 2.4803, -2.9134 -0.4724 2.4803, -2.4114 1.214 2.4803, -1.1798 0.7779 2.4803, -1.1758 0.7874 2.4803, -1.1519 0.8057 2.4803, -1.1417 0.8071 2.4803, 1.1417 0.8071 2.4803, 3.8291 -1.1994 2.4803, 3.8189 -0.4724 2.4803, 3.8569 -0.5016 2.4803, 3.853 -0.4921 2.4803, -3.8569 1.1716 2.4803, -3.8189 1.2008 2.4803, -2.6772 0.4091 2.4803, -2.4352 1.2041 2.4803, 3.8467 -0.484 2.4803, 3.8386 -0.4777 2.4803, 3.8291 -0.4738 2.4803, -3.8386 1.1955 2.4803, -3.8467 1.1893 2.4803, -3.853 1.1811 2.4803, -2.5793 0.3341 2.4803, -2.5042 0.2362 2.4803, -1.1811 0.7677 2.4803, -2.457 0.1223 2.4803, -2.4409 0.0 2.4803, -2.5042 -0.2362 2.4803, -2.5793 -0.3341 2.4803, -2.6772 -0.4091 2.4803, -3.8569 -0.5016 2.4803, -3.8189 -0.4724 2.4803, -3.8386 -0.4777 2.4803, -3.8467 -0.484 2.4803, -3.853 -0.4921 2.4803, -3.8291 1.1994 2.4803, -3.8189 0.4724 2.4803, -3.8569 0.5016 2.4803, -3.853 0.4921 2.4803, -3.8467 0.484 2.4803, -3.8386 0.4777 2.4803, -3.8291 0.4738 2.4803, -3.8291 -0.4738 2.4803, -3.8189 -1.2008 2.4803, -3.8569 -1.1716 2.4803, -3.853 -1.1811 2.4803, -3.8467 -1.1893 2.4803, -3.8386 -1.1955 2.4803, -3.8291 -1.1994 2.4803, 2.3622 -1.2008 0.5354, -2.3622 -1.2008 0.5354, -1.636 -1.2008 1.4165, -1.6417 -1.2008 1.4142, -1.6466 -1.2008 1.4104, -1.6504 -1.2008 1.4055, 0.7943 -1.2008 0.9124, 0.7992 -1.2008 0.9087, -2.3553 -1.2008 0.5187, -2.359 -1.2008 0.5236, -1.6527 -1.2008 0.923, -1.6504 -1.2008 0.9173, -2.3386 -1.2008 0.5118, -1.6466 -1.2008 0.9124, -1.6417 -1.2008 0.9087, 0.1181 -1.2008 1.7006, 0.0611 -1.2008 1.7242, 0.8049 -1.2008 1.4165, -2.3504 -1.2008 0.515, -2.3614 -1.2008 0.5293, -1.6527 -1.2008 1.3998, -1.6535 -1.2008 1.3937, -1.6535 -1.2008 0.9291, -0.7882 -1.2008 1.3998, -0.2282 -1.2008 1.5572, -0.2362 -1.2008 1.4961, -0.0611 -1.2008 1.7242, -0.1181 -1.2008 1.7006, -1.636 -1.2008 0.9063, -1.6299 -1.2008 0.9055, -0.2598 -1.2008 0.5118, -0.811 -1.2008 0.9055, -0.8049 -1.2008 0.9063, -0.2362 -1.2008 0.5354, -0.7882 -1.2008 0.923, -0.7874 -1.2008 0.9291, -0.7992 -1.2008 1.4142, -0.7943 -1.2008 1.4104, -0.167 -1.2008 1.6631, -0.2046 -1.2008 1.6142, -0.8049 -1.2008 1.4165, -0.811 -1.2008 1.4173, -1.6299 -1.2008 1.4173, 0.2282 -1.2008 1.5572, 0.2046 -1.2008 1.6142, 0.7943 -1.2008 1.4104, 1.6417 -1.2008 1.4142, 1.636 -1.2008 1.4165, 1.6299 -1.2008 1.4173, 0.811 -1.2008 1.4173, -2.3447 -1.2008 0.5126, 0.0 -1.2008 1.7323, 0.7992 -1.2008 1.4142, 0.167 -1.2008 1.6631, -0.2431 -1.2008 0.5187, -0.248 -1.2008 0.515, -0.7943 -1.2008 0.9124, -0.7874 -1.2008 1.3937, -0.7906 -1.2008 1.4055, 1.6527 -1.2008 1.3998, 1.6504 -1.2008 1.4055, 1.6466 -1.2008 1.4104, -0.7906 -1.2008 0.9173, -0.237 -1.2008 0.5293, -0.2394 -1.2008 0.5236, -0.7992 -1.2008 0.9087, -0.2537 -1.2008 0.5126, 0.8049 -1.2008 0.9063, 0.811 -1.2008 0.9055, 1.6299 -1.2008 0.9055, 1.636 -1.2008 0.9063, 1.6417 -1.2008 0.9087, 1.6466 -1.2008 0.9124, 2.3447 -1.2008 0.5126, 1.6504 -1.2008 0.9173, 2.3614 -1.2008 0.5293, 2.359 -1.2008 0.5236, 2.3553 -1.2008 0.5187, 2.3504 -1.2008 0.515, 1.6527 -1.2008 0.923, 1.6535 -1.2008 0.9291, 1.6535 -1.2008 1.3937, 0.2537 -1.2008 0.5126, 0.248 -1.2008 0.515, 0.2431 -1.2008 0.5187, 0.2394 -1.2008 0.5236, 0.237 -1.2008 0.5293, 0.7906 -1.2008 0.9173, 0.2362 -1.2008 0.5354, 0.7882 -1.2008 0.923, 0.7906 -1.2008 1.4055, 0.7882 -1.2008 1.3998, 0.2362 -1.2008 1.4961, 0.7874 -1.2008 1.3937, 0.7874 -1.2008 0.9291, 2.391 -1.2296 2.4798, 2.3836 -1.238 2.4783, -2.391 -1.2296 2.4798, -2.3836 -1.238 2.4783, 2.3754 -1.25 2.4746, 2.3732 -1.2545 2.4723, -2.3754 -1.25 2.4746, -2.3729 -1.2546 2.4725, 2.3694 -1.2622 2.4683, 2.3668 -1.2696 2.4631, -2.3694 -1.2623 2.4683, -2.367 -1.2694 2.4629, 2.3657 -1.2738 2.4589, -2.3656 -1.2737 2.4596, 2.3637 -1.282 2.4507, -2.3637 -1.282 2.4507, -2.3625 -1.2914 2.4357, 2.3625 -1.2914 2.4357, -2.3622 -1.2972 2.4191, 2.3622 -1.2972 2.4191, -2.391 1.2296 2.4798, -2.3836 1.238 2.4783, 2.391 1.2296 2.4798, 2.3836 1.238 2.4783, -2.3754 1.25 2.4746, -2.3732 1.2545 2.4723, 2.3754 1.25 2.4746, 2.3729 1.2546 2.4725, -2.3694 1.2622 2.4683, -2.3668 1.2696 2.4631, 2.3694 1.2623 2.4683, 2.367 1.2694 2.4629, -2.3657 1.2738 2.4589, 2.3656 1.2737 2.4596, -2.3637 1.282 2.4507, 2.3637 1.282 2.4507, 2.3625 1.2914 2.4357, -2.3625 1.2914 2.4357, 2.3622 1.2972 2.4191, -2.3622 1.2972 2.4191
            ]
        }
        coordIndex [
            0,1,2,-1,2,1,3,-1,2,3,4,-1,0,5,1,-1,1,5,6,-1,1,6,7,-1,7,6,8,-1,9,10,11,-1,11,10,12,-1,11,12,13,-1,13,12,14,-1,13,14,15,-1,16,17,18,-1,18,17,19,-1,18,19,20,-1,21,22,23,-1,24,25,26,-1,16,27,17,-1,17,27,28,-1,17,28,29,-1,8,30,7,-1,7,30,31,-1,7,31,32,-1,32,31,17,-1,32,17,33,-1,33,17,29,-1,20,34,18,-1,18,34,35,-1,18,35,36,-1,36,35,37,-1,36,37,38,-1,21,23,3,-1,3,23,39,-1,3,39,9,-1,40,41,42,-1,42,41,43,-1,42,43,44,-1,44,43,45,-1,44,45,46,-1,46,45,22,-1,46,22,47,-1,47,22,21,-1,47,21,48,-1,48,21,49,-1,11,50,9,-1,9,50,51,-1,9,51,3,-1,3,51,52,-1,3,52,4,-1,53,54,55,-1,38,56,36,-1,36,56,57,-1,36,57,58,-1,58,57,59,-1,25,60,26,-1,26,60,61,-1,26,61,62,-1,62,61,63,-1,62,63,64,-1,65,66,67,-1,67,66,68,-1,67,68,21,-1,21,68,69,-1,21,69,49,-1,70,59,71,-1,71,59,72,-1,73,74,54,-1,64,75,62,-1,62,75,76,-1,62,76,77,-1,77,76,78,-1,77,78,79,-1,80,81,78,-1,70,82,59,-1,59,82,83,-1,59,83,58,-1,81,84,78,-1,78,84,85,-1,78,85,79,-1,78,86,80,-1,80,86,87,-1,80,87,67,-1,67,87,88,-1,67,88,65,-1,59,89,72,-1,72,89,90,-1,72,90,91,-1,91,90,92,-1,91,92,14,-1,14,92,93,-1,14,93,15,-1,42,94,40,-1,40,94,95,-1,40,95,96,-1,96,95,97,-1,96,97,55,-1,55,97,98,-1,55,98,53,-1,74,99,54,-1,54,99,100,-1,54,100,55,-1,24,26,54,-1,54,26,101,-1,54,101,73,-1,102,103,104,-1,105,106,107,-1,107,106,108,-1,107,108,109,-1,109,108,110,-1,109,110,111,-1,112,113,110,-1,110,113,114,-1,110,114,111,-1,115,116,117,-1,116,118,117,-1,117,118,119,-1,117,119,120,-1,121,122,123,-1,112,110,124,-1,124,110,125,-1,124,125,126,-1,126,125,127,-1,126,127,104,-1,104,127,128,-1,104,128,102,-1,129,130,131,-1,131,130,132,-1,131,132,133,-1,133,132,134,-1,133,134,135,-1,135,134,136,-1,135,136,120,-1,120,136,137,-1,120,137,117,-1,121,138,122,-1,122,138,139,-1,122,139,140,-1,129,141,130,-1,130,141,142,-1,130,142,143,-1,143,142,122,-1,143,122,144,-1,144,122,140,-1,145,146,147,-1,147,146,148,-1,147,148,149,-1,150,151,152,-1,123,153,121,-1,121,153,154,-1,121,154,107,-1,107,154,155,-1,107,155,105,-1,156,157,158,-1,151,150,159,-1,159,150,160,-1,159,160,161,-1,162,163,147,-1,147,163,164,-1,147,164,145,-1,165,166,167,-1,167,166,168,-1,165,167,169,-1,169,167,170,-1,169,170,171,-1,148,172,149,-1,149,172,173,-1,149,173,174,-1,174,173,167,-1,174,167,175,-1,175,167,168,-1,171,176,169,-1,169,176,177,-1,169,177,178,-1,178,177,179,-1,178,179,180,-1,156,158,152,-1,152,158,181,-1,152,181,150,-1,182,183,184,-1,103,185,104,-1,104,185,186,-1,104,186,187,-1,161,160,188,-1,188,160,189,-1,188,189,190,-1,157,156,191,-1,191,156,192,-1,191,192,184,-1,184,192,193,-1,184,193,182,-1,180,194,178,-1,178,194,184,-1,178,184,195,-1,195,184,183,-1,115,117,187,-1,187,117,196,-1,187,196,104,-1,104,196,197,-1,104,197,147,-1,147,197,198,-1,147,198,188,-1,190,199,188,-1,188,199,200,-1,188,200,147,-1,147,200,201,-1,147,201,162,-1,121,107,36,-1,36,107,18,-1,169,178,62,-1,62,178,26,-1,202,203,204,-1,204,203,205,-1,206,207,208,-1,208,207,209,-1,210,211,212,-1,212,211,213,-1,214,215,210,-1,216,217,218,-1,219,220,221,-1,221,220,222,-1,67,223,147,-1,147,223,224,-1,217,225,218,-1,218,225,226,-1,218,226,227,-1,227,226,228,-1,227,228,229,-1,216,218,230,-1,230,218,231,-1,230,231,220,-1,220,231,232,-1,220,232,222,-1,233,234,104,-1,235,236,237,-1,237,236,238,-1,224,239,147,-1,147,239,240,-1,147,240,215,-1,235,241,236,-1,236,241,242,-1,236,242,243,-1,243,242,244,-1,243,244,245,-1,246,247,248,-1,248,247,229,-1,1,104,249,-1,249,104,250,-1,251,252,253,-1,253,252,104,-1,254,255,147,-1,147,255,256,-1,147,256,257,-1,258,208,259,-1,259,208,245,-1,210,215,211,-1,260,261,262,-1,263,264,104,-1,104,264,265,-1,104,265,250,-1,234,266,104,-1,104,266,267,-1,104,267,253,-1,268,269,251,-1,270,271,236,-1,236,271,272,-1,236,272,273,-1,274,275,220,-1,220,275,276,-1,220,276,277,-1,257,278,147,-1,147,278,279,-1,147,279,104,-1,104,279,280,-1,104,280,233,-1,281,282,283,-1,284,270,285,-1,286,254,287,-1,240,288,215,-1,215,288,289,-1,215,289,211,-1,211,289,290,-1,211,290,291,-1,246,248,262,-1,262,248,292,-1,262,292,260,-1,229,247,227,-1,227,247,293,-1,227,293,294,-1,294,293,295,-1,294,295,296,-1,263,104,297,-1,297,104,252,-1,297,252,298,-1,298,252,299,-1,298,299,300,-1,285,301,284,-1,284,301,302,-1,284,302,251,-1,251,302,303,-1,251,303,268,-1,273,304,236,-1,236,304,305,-1,236,305,220,-1,220,305,306,-1,220,306,274,-1,258,259,283,-1,283,259,307,-1,283,307,281,-1,245,208,243,-1,243,208,209,-1,243,209,308,-1,308,209,309,-1,308,309,310,-1,311,312,313,-1,314,315,296,-1,296,315,316,-1,296,316,294,-1,317,318,300,-1,300,318,319,-1,300,319,298,-1,215,320,147,-1,147,320,321,-1,147,321,254,-1,254,321,322,-1,254,322,287,-1,323,324,310,-1,310,324,325,-1,310,325,308,-1,326,327,328,-1,328,327,329,-1,210,330,214,-1,214,330,329,-1,214,329,331,-1,331,329,327,-1,243,332,236,-1,236,332,333,-1,236,333,270,-1,270,333,334,-1,270,334,285,-1,269,335,251,-1,251,335,336,-1,251,336,252,-1,252,336,337,-1,252,337,338,-1,338,337,339,-1,338,339,340,-1,291,290,313,-1,313,290,341,-1,313,341,311,-1,342,343,344,-1,277,345,220,-1,220,345,346,-1,220,346,230,-1,230,346,286,-1,230,286,347,-1,347,286,287,-1,340,339,344,-1,344,339,348,-1,344,348,342,-1,349,350,338,-1,338,350,252,-1,351,352,202,-1,353,354,355,-1,355,354,356,-1,357,358,359,-1,359,358,360,-1,359,360,361,-1,357,362,358,-1,358,362,363,-1,358,363,364,-1,364,365,358,-1,358,365,366,-1,358,366,367,-1,368,219,369,-1,370,371,372,-1,373,374,375,-1,361,376,359,-1,359,376,377,-1,359,377,378,-1,378,377,379,-1,378,379,380,-1,381,382,383,-1,383,382,370,-1,383,370,384,-1,384,370,372,-1,380,385,378,-1,378,385,386,-1,378,386,387,-1,387,386,375,-1,387,375,388,-1,374,389,375,-1,375,389,390,-1,375,390,388,-1,375,391,373,-1,373,391,392,-1,373,392,238,-1,238,392,393,-1,238,393,394,-1,395,396,219,-1,219,396,397,-1,219,397,369,-1,355,398,353,-1,353,398,399,-1,353,399,400,-1,400,399,401,-1,400,401,366,-1,366,401,402,-1,366,402,367,-1,369,403,368,-1,368,403,404,-1,368,404,405,-1,405,404,406,-1,351,202,406,-1,406,202,407,-1,406,407,408,-1,352,409,202,-1,202,409,410,-1,202,410,203,-1,203,410,411,-1,203,411,412,-1,408,413,406,-1,406,413,414,-1,406,414,405,-1,415,416,219,-1,219,416,417,-1,219,417,395,-1,418,419,420,-1,420,419,421,-1,420,421,422,-1,354,423,356,-1,356,423,424,-1,356,424,425,-1,425,424,426,-1,415,427,371,-1,412,428,203,-1,203,428,429,-1,203,429,430,-1,430,429,420,-1,430,420,431,-1,431,420,422,-1,420,432,418,-1,418,432,433,-1,418,433,434,-1,434,433,435,-1,434,435,383,-1,383,435,436,-1,383,436,381,-1,394,437,238,-1,238,437,438,-1,238,438,439,-1,439,438,440,-1,439,440,441,-1,370,442,371,-1,371,442,443,-1,371,443,415,-1,415,443,444,-1,415,444,416,-1,427,415,445,-1,445,415,439,-1,445,439,446,-1,446,439,441,-1,446,441,424,-1,424,441,447,-1,424,447,426,-1,293,247,448,-1,448,247,449,-1,450,451,452,-1,453,454,455,-1,450,452,456,-1,457,458,459,-1,460,461,456,-1,456,461,462,-1,456,462,463,-1,463,462,464,-1,463,464,465,-1,456,452,460,-1,460,452,466,-1,460,466,467,-1,468,469,470,-1,470,469,213,-1,470,213,471,-1,471,213,472,-1,471,472,473,-1,474,469,475,-1,475,469,476,-1,475,476,451,-1,451,476,477,-1,451,477,452,-1,474,478,469,-1,469,478,479,-1,469,479,480,-1,481,482,483,-1,458,484,459,-1,459,484,485,-1,459,485,486,-1,486,485,468,-1,486,468,487,-1,487,468,470,-1,488,489,473,-1,473,489,490,-1,473,490,471,-1,491,448,492,-1,492,448,464,-1,480,493,469,-1,469,493,494,-1,469,494,213,-1,213,494,495,-1,213,495,212,-1,212,495,496,-1,212,496,497,-1,497,496,498,-1,499,500,501,-1,502,503,504,-1,496,505,498,-1,498,505,506,-1,498,506,507,-1,507,506,508,-1,467,509,460,-1,460,509,510,-1,460,510,455,-1,455,510,511,-1,455,511,453,-1,454,512,455,-1,455,512,513,-1,455,513,514,-1,514,513,515,-1,514,515,516,-1,516,515,517,-1,515,518,519,-1,517,520,521,-1,522,523,483,-1,483,523,524,-1,483,524,481,-1,482,525,483,-1,483,525,526,-1,483,526,459,-1,459,526,527,-1,459,527,457,-1,491,492,504,-1,504,492,528,-1,504,528,502,-1,464,448,465,-1,465,448,449,-1,465,449,529,-1,529,449,530,-1,529,530,531,-1,532,350,533,-1,533,350,501,-1,500,534,501,-1,501,534,523,-1,501,523,535,-1,535,523,522,-1,536,537,531,-1,531,537,538,-1,531,538,529,-1,539,540,541,-1,534,542,523,-1,523,542,543,-1,523,543,544,-1,544,543,545,-1,544,545,518,-1,518,545,546,-1,518,546,519,-1,519,547,515,-1,515,547,548,-1,515,548,517,-1,517,548,549,-1,517,549,520,-1,550,207,551,-1,551,207,521,-1,552,553,554,-1,532,533,541,-1,541,533,555,-1,541,555,539,-1,501,350,499,-1,499,350,349,-1,499,349,556,-1,556,349,557,-1,556,557,558,-1,559,560,558,-1,558,560,561,-1,558,561,556,-1,550,551,554,-1,554,551,562,-1,554,562,552,-1,521,207,517,-1,517,207,206,-1,517,206,563,-1,563,206,564,-1,563,564,565,-1,566,567,565,-1,565,567,568,-1,565,568,563,-1,147,149,67,-1,67,149,80,-1,1,7,104,-1,104,7,126,-1,219,368,220,-1,220,368,569,-1,236,570,238,-1,238,570,373,-1,571,572,236,-1,236,572,573,-1,236,573,574,-1,575,576,205,-1,577,578,574,-1,579,580,581,-1,581,580,582,-1,581,582,583,-1,584,585,586,-1,577,574,587,-1,578,588,574,-1,574,588,570,-1,574,570,236,-1,589,590,581,-1,581,590,591,-1,581,591,579,-1,592,593,594,-1,236,595,596,-1,583,597,581,-1,581,597,598,-1,581,598,599,-1,599,598,600,-1,599,600,601,-1,602,603,604,-1,605,596,606,-1,606,596,607,-1,606,607,608,-1,605,609,596,-1,596,609,610,-1,596,610,236,-1,236,610,611,-1,236,611,571,-1,612,613,614,-1,615,616,220,-1,220,616,617,-1,220,617,618,-1,589,581,574,-1,574,581,619,-1,574,619,587,-1,595,236,620,-1,620,236,220,-1,620,220,585,-1,585,220,618,-1,585,618,586,-1,586,621,584,-1,584,621,614,-1,584,614,622,-1,622,614,613,-1,623,624,625,-1,602,604,594,-1,594,604,626,-1,594,626,592,-1,593,592,608,-1,608,592,627,-1,608,627,606,-1,628,629,220,-1,220,629,630,-1,220,630,615,-1,603,602,631,-1,631,602,632,-1,631,632,625,-1,625,632,633,-1,625,633,623,-1,601,634,599,-1,599,634,625,-1,599,625,635,-1,635,625,624,-1,576,636,205,-1,205,636,637,-1,205,637,204,-1,204,637,638,-1,204,638,639,-1,639,640,204,-1,204,640,641,-1,204,641,642,-1,642,641,643,-1,569,644,643,-1,643,644,645,-1,645,646,643,-1,643,646,647,-1,643,647,642,-1,643,648,569,-1,569,648,649,-1,569,649,220,-1,220,649,650,-1,220,650,628,-1,205,651,575,-1,575,651,652,-1,575,652,653,-1,653,654,575,-1,575,654,655,-1,575,655,656,-1,656,655,657,-1,656,657,658,-1,614,659,612,-1,612,659,660,-1,612,660,661,-1,661,660,662,-1,661,662,657,-1,657,662,663,-1,657,663,658,-1,581,599,378,-1,378,599,359,-1,517,563,245,-1,245,563,259,-1,227,294,464,-1,464,294,492,-1,297,298,501,-1,501,298,533,-1,470,471,289,-1,289,471,290,-1,215,495,320,-1,320,495,494,-1,320,494,321,-1,321,494,493,-1,321,493,322,-1,322,493,480,-1,322,480,287,-1,287,480,479,-1,287,479,347,-1,347,479,478,-1,347,478,230,-1,230,478,474,-1,230,474,216,-1,216,474,475,-1,216,475,217,-1,217,475,451,-1,217,451,225,-1,225,451,450,-1,225,450,226,-1,226,450,456,-1,226,456,228,-1,228,456,463,-1,228,463,229,-1,229,463,465,-1,496,495,214,-1,214,495,215,-1,248,229,529,-1,529,229,465,-1,243,521,332,-1,332,521,520,-1,332,520,333,-1,333,520,549,-1,333,549,334,-1,334,549,548,-1,334,548,285,-1,285,548,547,-1,285,547,301,-1,301,547,519,-1,301,519,302,-1,302,519,546,-1,302,546,303,-1,303,546,545,-1,303,545,268,-1,268,545,543,-1,268,543,269,-1,269,543,542,-1,269,542,335,-1,335,542,534,-1,335,534,336,-1,336,534,500,-1,336,500,337,-1,337,500,499,-1,551,521,308,-1,308,521,243,-1,339,337,556,-1,556,337,499,-1,284,251,518,-1,518,251,544,-1,280,279,526,-1,526,279,527,-1,286,346,469,-1,469,346,476,-1,511,510,305,-1,305,510,306,-1,661,434,612,-1,612,434,383,-1,612,383,613,-1,613,383,384,-1,613,384,622,-1,622,384,372,-1,622,372,584,-1,584,372,371,-1,584,371,585,-1,585,371,427,-1,585,427,620,-1,620,427,445,-1,620,445,595,-1,595,445,446,-1,595,446,596,-1,596,446,424,-1,596,424,607,-1,607,424,423,-1,607,423,608,-1,608,423,354,-1,608,354,593,-1,593,354,353,-1,593,353,594,-1,594,353,400,-1,418,434,657,-1,657,434,661,-1,602,594,366,-1,366,594,400,-1,591,590,392,-1,392,590,393,-1,611,610,447,-1,447,610,426,-1,402,401,604,-1,604,401,626,-1,600,598,377,-1,377,598,379,-1,663,662,433,-1,433,662,435,-1,444,443,617,-1,617,443,618,-1,403,369,649,-1,649,369,650,-1,638,637,410,-1,410,637,411,-1,132,91,134,-1,134,91,14,-1,134,14,136,-1,136,14,12,-1,136,12,137,-1,137,12,10,-1,137,10,117,-1,117,10,9,-1,117,9,196,-1,196,9,39,-1,196,39,197,-1,197,39,23,-1,197,23,198,-1,198,23,22,-1,198,22,188,-1,188,22,45,-1,188,45,161,-1,161,45,43,-1,161,43,159,-1,159,43,41,-1,159,41,151,-1,151,41,40,-1,151,40,152,-1,152,40,96,-1,72,91,130,-1,130,91,132,-1,156,152,55,-1,55,152,96,-1,128,127,8,-1,8,127,30,-1,155,154,35,-1,35,154,37,-1,129,131,90,-1,90,131,92,-1,52,51,115,-1,115,51,116,-1,98,97,158,-1,158,97,181,-1,63,61,177,-1,177,61,179,-1,172,148,87,-1,87,148,88,-1,201,200,48,-1,48,200,47,-1,63,177,64,-1,64,177,176,-1,64,176,75,-1,75,176,171,-1,75,171,76,-1,76,171,170,-1,76,170,78,-1,78,170,167,-1,78,167,86,-1,86,167,173,-1,86,173,87,-1,87,173,172,-1,88,148,65,-1,65,148,146,-1,65,146,66,-1,66,146,145,-1,66,145,68,-1,68,145,164,-1,68,164,69,-1,69,164,163,-1,69,163,49,-1,49,163,162,-1,49,162,48,-1,48,162,201,-1,98,158,53,-1,53,158,157,-1,53,157,54,-1,54,157,191,-1,54,191,24,-1,24,191,184,-1,24,184,25,-1,25,184,194,-1,25,194,60,-1,60,194,180,-1,60,180,61,-1,61,180,179,-1,47,200,46,-1,46,200,199,-1,46,199,44,-1,44,199,190,-1,44,190,42,-1,42,190,189,-1,42,189,94,-1,94,189,160,-1,94,160,95,-1,95,160,150,-1,95,150,97,-1,97,150,181,-1,169,62,77,-1,169,77,165,-1,165,77,79,-1,165,79,166,-1,166,79,85,-1,166,85,168,-1,168,85,84,-1,168,84,175,-1,175,84,81,-1,175,81,174,-1,174,81,80,-1,174,80,149,-1,156,55,100,-1,156,100,192,-1,192,100,99,-1,192,99,193,-1,193,99,74,-1,193,74,182,-1,182,74,73,-1,182,73,183,-1,183,73,101,-1,183,101,195,-1,195,101,26,-1,195,26,178,-1,121,36,58,-1,121,58,138,-1,138,58,83,-1,138,83,139,-1,139,83,82,-1,139,82,140,-1,140,82,70,-1,140,70,144,-1,144,70,71,-1,144,71,143,-1,143,71,72,-1,143,72,130,-1,18,107,109,-1,18,109,16,-1,16,109,111,-1,16,111,27,-1,27,111,114,-1,27,114,28,-1,28,114,113,-1,28,113,29,-1,29,113,112,-1,29,112,33,-1,33,112,124,-1,33,124,32,-1,32,124,126,-1,32,126,7,-1,52,115,4,-1,4,115,187,-1,4,187,2,-1,2,187,186,-1,2,186,0,-1,0,186,185,-1,0,185,5,-1,5,185,103,-1,5,103,6,-1,6,103,102,-1,6,102,8,-1,8,102,128,-1,30,127,31,-1,31,127,125,-1,31,125,17,-1,17,125,110,-1,17,110,19,-1,19,110,108,-1,19,108,20,-1,20,108,106,-1,20,106,34,-1,34,106,105,-1,34,105,35,-1,35,105,155,-1,37,154,38,-1,38,154,153,-1,38,153,56,-1,56,153,123,-1,56,123,57,-1,57,123,122,-1,57,122,59,-1,59,122,142,-1,59,142,89,-1,89,142,141,-1,89,141,90,-1,90,141,129,-1,92,131,93,-1,93,131,133,-1,93,133,15,-1,15,133,135,-1,15,135,13,-1,13,135,120,-1,13,120,11,-1,11,120,119,-1,11,119,50,-1,50,119,118,-1,50,118,51,-1,51,118,116,-1,373,570,588,-1,373,588,374,-1,374,588,578,-1,374,578,389,-1,389,578,577,-1,389,577,390,-1,390,577,587,-1,390,587,388,-1,388,587,619,-1,388,619,387,-1,387,619,581,-1,387,581,378,-1,569,368,405,-1,569,405,644,-1,644,405,414,-1,644,414,645,-1,645,414,413,-1,645,413,646,-1,646,413,408,-1,646,408,647,-1,647,408,407,-1,647,407,642,-1,642,407,202,-1,642,202,204,-1,403,649,404,-1,404,649,648,-1,404,648,406,-1,406,648,643,-1,406,643,351,-1,351,643,641,-1,351,641,352,-1,352,641,640,-1,352,640,409,-1,409,640,639,-1,409,639,410,-1,410,639,638,-1,411,637,412,-1,412,637,636,-1,412,636,428,-1,428,636,576,-1,428,576,429,-1,429,576,575,-1,429,575,420,-1,420,575,656,-1,420,656,432,-1,432,656,658,-1,432,658,433,-1,433,658,663,-1,444,617,416,-1,416,617,616,-1,416,616,417,-1,417,616,615,-1,417,615,395,-1,395,615,630,-1,395,630,396,-1,396,630,629,-1,396,629,397,-1,397,629,628,-1,397,628,369,-1,369,628,650,-1,435,662,436,-1,436,662,660,-1,436,660,381,-1,381,660,659,-1,381,659,382,-1,382,659,614,-1,382,614,370,-1,370,614,621,-1,370,621,442,-1,442,621,586,-1,442,586,443,-1,443,586,618,-1,402,604,367,-1,367,604,603,-1,367,603,358,-1,358,603,631,-1,358,631,360,-1,360,631,625,-1,360,625,361,-1,361,625,634,-1,361,634,376,-1,376,634,601,-1,376,601,377,-1,377,601,600,-1,379,598,380,-1,380,598,597,-1,380,597,385,-1,385,597,583,-1,385,583,386,-1,386,583,582,-1,386,582,375,-1,375,582,580,-1,375,580,391,-1,391,580,579,-1,391,579,392,-1,392,579,591,-1,393,590,394,-1,394,590,589,-1,394,589,437,-1,437,589,574,-1,437,574,438,-1,438,574,573,-1,438,573,440,-1,440,573,572,-1,440,572,441,-1,441,572,571,-1,441,571,447,-1,447,571,611,-1,426,610,425,-1,425,610,609,-1,425,609,356,-1,356,609,605,-1,356,605,355,-1,355,605,606,-1,355,606,398,-1,398,606,627,-1,398,627,399,-1,399,627,592,-1,399,592,401,-1,401,592,626,-1,205,203,430,-1,205,430,651,-1,651,430,431,-1,651,431,652,-1,652,431,422,-1,652,422,653,-1,653,422,421,-1,653,421,654,-1,654,421,419,-1,654,419,655,-1,655,419,418,-1,655,418,657,-1,602,366,365,-1,602,365,632,-1,632,365,364,-1,632,364,633,-1,633,364,363,-1,633,363,623,-1,623,363,362,-1,623,362,624,-1,624,362,357,-1,624,357,635,-1,635,357,359,-1,635,359,599,-1,664,460,455,-1,664,455,665,-1,455,666,665,-1,665,666,667,-1,665,667,668,-1,668,667,669,-1,667,670,669,-1,669,670,671,-1,669,671,672,-1,672,671,673,-1,671,674,673,-1,673,674,675,-1,673,675,676,-1,676,675,677,-1,676,677,678,-1,677,679,678,-1,678,679,680,-1,678,680,681,-1,681,680,682,-1,681,682,683,-1,683,682,439,-1,683,439,415,-1,684,483,459,-1,684,459,685,-1,459,686,685,-1,685,686,687,-1,685,687,688,-1,688,687,689,-1,687,690,689,-1,689,690,691,-1,689,691,692,-1,692,691,693,-1,691,694,693,-1,693,694,695,-1,693,695,696,-1,696,695,697,-1,696,697,698,-1,697,699,698,-1,698,699,700,-1,698,700,701,-1,701,700,702,-1,701,702,703,-1,703,702,21,-1,703,21,3,-1,206,208,258,-1,206,258,564,-1,564,258,283,-1,564,283,565,-1,565,283,282,-1,565,282,566,-1,566,282,281,-1,566,281,567,-1,567,281,307,-1,567,307,568,-1,568,307,259,-1,568,259,563,-1,209,207,550,-1,209,550,309,-1,309,550,554,-1,309,554,310,-1,310,554,553,-1,310,553,323,-1,323,553,552,-1,323,552,324,-1,324,552,562,-1,324,562,325,-1,325,562,551,-1,325,551,308,-1,339,556,561,-1,339,561,348,-1,348,561,560,-1,348,560,342,-1,342,560,559,-1,342,559,343,-1,343,559,558,-1,343,558,344,-1,344,558,557,-1,344,557,340,-1,340,557,349,-1,340,349,338,-1,533,298,319,-1,533,319,555,-1,555,319,318,-1,555,318,539,-1,539,318,317,-1,539,317,540,-1,540,317,300,-1,540,300,541,-1,541,300,299,-1,541,299,532,-1,532,299,252,-1,532,252,350,-1,492,294,316,-1,492,316,528,-1,528,316,315,-1,528,315,502,-1,502,315,314,-1,502,314,503,-1,503,314,296,-1,503,296,504,-1,504,296,295,-1,504,295,491,-1,491,295,293,-1,491,293,448,-1,248,529,538,-1,248,538,292,-1,292,538,537,-1,292,537,260,-1,260,537,536,-1,260,536,261,-1,261,536,531,-1,261,531,262,-1,262,531,530,-1,262,530,246,-1,246,530,449,-1,246,449,247,-1,210,212,497,-1,210,497,330,-1,330,497,498,-1,330,498,329,-1,329,498,507,-1,329,507,328,-1,328,507,508,-1,328,508,326,-1,326,508,506,-1,326,506,327,-1,327,506,505,-1,327,505,331,-1,331,505,496,-1,331,496,214,-1,213,211,291,-1,213,291,472,-1,472,291,313,-1,472,313,473,-1,473,313,312,-1,473,312,488,-1,488,312,311,-1,488,311,489,-1,489,311,341,-1,489,341,490,-1,490,341,290,-1,490,290,471,-1,415,219,221,-1,678,681,221,-1,221,681,683,-1,221,683,415,-1,669,672,222,-1,222,672,673,-1,222,673,221,-1,221,673,676,-1,221,676,678,-1,232,665,222,-1,222,665,668,-1,222,668,669,-1,231,460,232,-1,232,460,664,-1,232,664,665,-1,227,464,218,-1,218,464,462,-1,218,462,231,-1,231,462,461,-1,231,461,460,-1,690,687,224,-1,224,687,239,-1,223,697,224,-1,224,697,695,-1,695,694,224,-1,224,694,691,-1,224,691,690,-1,67,21,223,-1,223,21,702,-1,702,700,223,-1,223,700,699,-1,223,699,697,-1,687,686,239,-1,239,686,459,-1,239,459,240,-1,240,459,486,-1,240,486,288,-1,288,486,487,-1,288,487,289,-1,289,487,470,-1,3,1,249,-1,698,701,249,-1,249,701,703,-1,249,703,3,-1,689,692,250,-1,250,692,693,-1,250,693,249,-1,249,693,696,-1,249,696,698,-1,265,685,250,-1,250,685,688,-1,250,688,689,-1,264,483,265,-1,265,483,684,-1,265,684,685,-1,297,501,263,-1,263,501,535,-1,263,535,264,-1,264,535,522,-1,264,522,483,-1,670,667,235,-1,235,667,241,-1,237,677,235,-1,235,677,675,-1,675,674,235,-1,235,674,671,-1,235,671,670,-1,238,439,237,-1,237,439,682,-1,682,680,237,-1,237,680,679,-1,237,679,677,-1,667,666,241,-1,241,666,455,-1,241,455,242,-1,242,455,514,-1,242,514,244,-1,244,514,516,-1,244,516,245,-1,245,516,517,-1,511,305,453,-1,453,305,304,-1,453,304,454,-1,454,304,273,-1,454,273,512,-1,512,273,272,-1,512,272,513,-1,513,272,271,-1,513,271,515,-1,515,271,270,-1,515,270,518,-1,518,270,284,-1,544,251,523,-1,523,251,253,-1,523,253,524,-1,524,253,267,-1,524,267,481,-1,481,267,266,-1,481,266,482,-1,482,266,234,-1,482,234,525,-1,525,234,233,-1,525,233,526,-1,526,233,280,-1,527,279,457,-1,457,279,278,-1,457,278,458,-1,458,278,257,-1,458,257,484,-1,484,257,256,-1,484,256,485,-1,485,256,255,-1,485,255,468,-1,468,255,254,-1,468,254,469,-1,469,254,286,-1,476,346,477,-1,477,346,345,-1,477,345,452,-1,452,345,277,-1,452,277,466,-1,466,277,276,-1,466,276,467,-1,467,276,275,-1,467,275,509,-1,509,275,274,-1,509,274,510,-1,510,274,306,-1,
        ]
    }
}